362663.ecp:ECP_0374	362663.ECP_0375	1
362663.ECP_1339	362663.ECP_3625	1
362663.ECP_3385	362663.ecp:ECP_3390	1
362663.ECP_0977	362663.ecp:ECP_0982	1
362663.ECP_1259	362663.ECP_3253	1
362663.ECP_3314	362663.ecp:ECP_3429	1
362663.ECP_1885	362663.ecp:ECP_2260	1
362663.ECP_1663	362663.ECP_3391	1
362663.ECP_3401	362663.ecp:ECP_3429	1
362663.ECP_0022	362663.ECP_3273	1
362663.ECP_0022	362663.ECP_3395	1
362663.ecp:ECP_3155	362663.ECP_3385	1
362663.ecp:ECP_0524	362663.ecp:ECP_1346	1
362663.ECP_4196	362663.ECP_4197	1
362663.ECP_3079	362663.ecp:ECP_3083	1
362663.ECP_3906	362663.ECP_4194	1
362663.ECP_1664	362663.ECP_3313	1
362663.ECP_3313	362663.ECP_3395	1
362663.ECP_0022	362663.ECP_3382	1
362663.ECP_2607	362663.ECP_3394	1
362663.ECP_1242	362663.ecp:ECP_2034	1
362663.ECP_1663	362663.ECP_3394	1
362663.ECP_1831	362663.ecp:ECP_3162	1
362663.ECP_3382	362663.ECP_3403	1
362663.ECP_3936	362663.ecp:ECP_3937	1
362663.ECP_0023	362663.ECP_1609	1
362663.ECP_1242	362663.ECP_3118	1
362663.ECP_3432	362663.ECP_4447	1
362663.ECP_4252	362663.ecp:ECP_4253	1
362663.ECP_1081	362663.ECP_4199	1
362663.ECP_3401	362663.ECP_3406	1
362663.ECP_1084	362663.ECP_1087	1
362663.ecp:ECP_0798	362663.ecp:ECP_0839	1
362663.ECP_2461	362663.ecp:ECP_2462	1
362663.ECP_2315	362663.ecp:ECP_2327	1
362663.ECP_0177	362663.ECP_3401	1
362663.ECP_0022	362663.ecp:ECP_3408	1
362663.ECP_1259	362663.ECP_3313	1
362663.ecp:ECP_0731	362663.ecp:ECP_1707	1
362663.ECP_0740	362663.ECP_4400	1
362663.ECP_3932	362663.ecp:ECP_3937	1
362663.ECP_0877	362663.ECP_0878	1
362663.ECP_1590	362663.ecp:ECP_1591	1
362663.ECP_1664	362663.ECP_3382	1
362663.ECP_3340	362663.ECP_3341	1
362663.ECP_3406	362663.ECP_4448	1
362663.ECP_0531	362663.ECP_0670	1
362663.ECP_3382	362663.ECP_3394	1
362663.ecp:ECP_2683	362663.ECP_2685	1
362663.ECP_3389	362663.ECP_3404	1
362663.ECP_0177	362663.ECP_3402	1
362663.ecp:ECP_3397	362663.ECP_3403	1
362663.ECP_4649	362663.ECP_4651	1
362663.ECP_2610	362663.ecp:ECP_4145	1
362663.ECP_3273	362663.ECP_4197	1
362663.ECP_3406	362663.ECP_4447	1
362663.ecp:ECP_1245	362663.ecp:ECP_1839	1
362663.ecp:ECP_2324	362663.ecp:ECP_2327	1
362663.ECP_3430	362663.ECP_4197	1
362663.ECP_3253	362663.ECP_3382	1
362663.ecp:ECP_3429	362663.ECP_4196	1
362663.ecp:ECP_0180	362663.ECP_3382	1
362663.ECP_4341	362663.ECP_4344	1
362663.ECP_3391	362663.ECP_3430	1
362663.ECP_1124	362663.ecp:ECP_1282	1
362663.ECP_1242	362663.ECP_1243	1
362663.ECP_0194	362663.ecp:ECP_0327	1
362663.ecp:ECP_0180	362663.ECP_2610	1
362663.ECP_0735	362663.ECP_0739	1
362663.ECP_3383	362663.ECP_3405	1
362663.ECP_0865	362663.ECP_1596	1
362663.ECP_3394	362663.ecp:ECP_3396	1
362663.ecp:ECP_3396	362663.ECP_3430	1
362663.ECP_3363	362663.ecp:ECP_3366	1
362663.ECP_0161	362663.ECP_1243	1
362663.ECP_3253	362663.ECP_4447	1
362663.ECP_3314	362663.ECP_3403	1
362663.ECP_1259	362663.ECP_4197	1
362663.ECP_1832	362663.ecp:ECP_4683	1
362663.ecp:ECP_3408	362663.ECP_3430	1
362663.ECP_3314	362663.ECP_4196	1
362663.ECP_0162	362663.ECP_3118	1
362663.ECP_0177	362663.ecp:ECP_3392	1
362663.ECP_1664	362663.ECP_4197	1
362663.ECP_3386	362663.ecp:ECP_3392	1
362663.ECP_2234	362663.ECP_2236	1
362663.ECP_0662	362663.ecp:ECP_0665	1
362663.ECP_3395	362663.ECP_3403	1
362663.ecp:ECP_3390	362663.ECP_4196	1
362663.ECP_2610	362663.ecp:ECP_3409	1
362663.ECP_2691	362663.ecp:ECP_2693	1
362663.ECP_3385	362663.ECP_3391	1
362663.ECP_0085	362663.ECP_0091	1
362663.ECP_3253	362663.ECP_3404	1
362663.ecp:ECP_3408	362663.ECP_4448	1
362663.ECP_3393	362663.ecp:ECP_3397	1
362663.ECP_3314	362663.ECP_4198	1
362663.ECP_0177	362663.ECP_3399	1
362663.ECP_1663	362663.ECP_4758	1
362663.ECP_2033	362663.ECP_3119	1
362663.ECP_3262	362663.ECP_4194	1
362663.ECP_3314	362663.ecp:ECP_3400	1
362663.ECP_3273	362663.ECP_3314	1
362663.ECP_0768	362663.ECP_0769	1
362663.ECP_0842	362663.ECP_0846	1
362663.ecp:ECP_1501	362663.ECP_1502	1
362663.ECP_2220	362663.ECP_2221	1
362663.ecp:ECP_0133	362663.ECP_0530	1
362663.ecp:ECP_3390	362663.ecp:ECP_3408	1
362663.ecp:ECP_2324	362663.ecp:ECP_2325	1
362663.ecp:ECP_0978	362663.ECP_0980	1
362663.ecp:ECP_0180	362663.ECP_3385	1
362663.ECP_3407	362663.ECP_4448	1
362663.ECP_3401	362663.ECP_4196	1
362663.ECP_0221	362663.ecp:ECP_1091	1
362663.ECP_0709	362663.ecp:ECP_1796	1
362663.ecp:ECP_2435	362663.ECP_3745	1
362663.ECP_2607	362663.ECP_3273	1
362663.ECP_0097	362663.ECP_3739	1
362663.ecp:ECP_2277	362663.ecp:ECP_2278	1
362663.ECP_3404	362663.ECP_4199	1
362663.ECP_1081	362663.ECP_3734	1
362663.ECP_2283	362663.ecp:ECP_3149	1
362663.ECP_1259	362663.ECP_3385	1
362663.ECP_3734	362663.ECP_4197	1
362663.ecp:ECP_0004	362663.ECP_0918	1
362663.ECP_1290	362663.ECP_1292	1
362663.ECP_2607	362663.ECP_3404	1
362663.ECP_3822	362663.ECP_3823	1
362663.ECP_3395	362663.ecp:ECP_3429	1
362663.ECP_2610	362663.ECP_3384	1
362663.ecp:ECP_0939	362663.ecp:ECP_1131	1
362663.ecp:ECP_0738	362663.ECP_4276	1
362663.ECP_3641	362663.ECP_3642	1
362663.ECP_2919	362663.ECP_2920	1
362663.ECP_0163	362663.ECP_3600	1
362663.ecp:ECP_0224	362663.ecp:ECP_0237	1
362663.ecp:ECP_2277	362663.ECP_2641	1
362663.ECP_0918	362663.ECP_2359	1
362663.ecp:ECP_3112	362663.ECP_3113	1
362663.ECP_2321	362663.ecp:ECP_2325	1
362663.ecp:ECP_1873	362663.ECP_1880	1
362663.ECP_1663	362663.ECP_3735	1
362663.ECP_0743	362663.ECP_0983	1
362663.ECP_3384	362663.ECP_3407	1
362663.ecp:ECP_3345	362663.ECP_3951	1
362663.ecp:ECP_2683	362663.ECP_2686	1
362663.ecp:ECP_3109	362663.ECP_4315	1
362663.ECP_4218	362663.ECP_4219	1
362663.ECP_3382	362663.ECP_3735	1
362663.ECP_3314	362663.ECP_3394	1
362663.ECP_2860	362663.ECP_2861	1
362663.ecp:ECP_3409	362663.ECP_4447	1
362663.ECP_1081	362663.ECP_2607	1
362663.ECP_0922	362663.ECP_2607	1
362663.ECP_3395	362663.ECP_3734	1
362663.ECP_2610	362663.ECP_4448	1
362663.ecp:ECP_1091	362663.ECP_4755	1
362663.ECP_2439	362663.ECP_3223	1
362663.ECP_3405	362663.ECP_3407	1
362663.ECP_3313	362663.ecp:ECP_3429	1
362663.ecp:ECP_1277	362663.ecp:ECP_1471	1
362663.ECP_1259	362663.ECP_3395	1
362663.ecp:ECP_2319	362663.ECP_2326	1
362663.ECP_1664	362663.ECP_4198	1
362663.ECP_3394	362663.ECP_3398	1
362663.ECP_3931	362663.ECP_3932	1
362663.ECP_1663	362663.ECP_3395	1
362663.ECP_0022	362663.ECP_3313	1
362663.ECP_3962	362663.ECP_3964	1
362663.ECP_1623	362663.ecp:ECP_3878	1
362663.ecp:ECP_1827	362663.ecp:ECP_3162	1
362663.ECP_3253	362663.ecp:ECP_3408	1
362663.ecp:ECP_0027	362663.ECP_0480	1
362663.ecp:ECP_1371	362663.ecp:ECP_4251	1
362663.ECP_0959	362663.ECP_1085	1
362663.ECP_0844	362663.ECP_0845	1
362663.ecp:ECP_2097	362663.ecp:ECP_2099	1
362663.ECP_3401	362663.ecp:ECP_4145	1
362663.ECP_0177	362663.ECP_1663	1
362663.ECP_0168	362663.ECP_1659	1
362663.ECP_3385	362663.ECP_3735	1
362663.ECP_3253	362663.ecp:ECP_3409	1
362663.ecp:ECP_3392	362663.ECP_3405	1
362663.ECP_3930	362663.ECP_3932	1
362663.ecp:ECP_0207	362663.ecp:ECP_0209	1
362663.ECP_1663	362663.ecp:ECP_3429	1
362663.ecp:ECP_2319	362663.ecp:ECP_2327	1
362663.ecp:ECP_3877	362663.ECP_3962	1
362663.ECP_1081	362663.ecp:ECP_3400	1
362663.ECP_1509	362663.ECP_4400	1
362663.ECP_3399	362663.ECP_3407	1
362663.ecp:ECP_3573	362663.ECP_3574	1
362663.ecp:ECP_1828	362663.ECP_1832	1
362663.ecp:ECP_4340	362663.ECP_4341	1
362663.ECP_3341	362663.ecp:ECP_4301	1
362663.ECP_3471	362663.ECP_4029	1
362663.ECP_0048	362663.ECP_3375	1
362663.ECP_3402	362663.ECP_4198	1
362663.ECP_0022	362663.ecp:ECP_3390	1
362663.ECP_0022	362663.ECP_3391	1
362663.ECP_0022	362663.ECP_4197	1
362663.ECP_3398	362663.ECP_3401	1
362663.ECP_3735	362663.ECP_4199	1
362663.ecp:ECP_3400	362663.ECP_3734	1
362663.ECP_0408	362663.ecp:ECP_0410	1
362663.ECP_3374	362663.ECP_3403	1
362663.ECP_0491	362663.ECP_0492	1
362663.ECP_2610	362663.ECP_3395	1
362663.ecp:ECP_3409	362663.ECP_4197	1
362663.ECP_2607	362663.ECP_3395	1
362663.ECP_3253	362663.ECP_3405	1
362663.ECP_3406	362663.ECP_4198	1
362663.ECP_3394	362663.ECP_3407	1
362663.ECP_0193	362663.ECP_3340	1
362663.ECP_2065	362663.ECP_2068	1
362663.ecp:ECP_2284	362663.ECP_3511	1
362663.ecp:ECP_4145	362663.ECP_4448	1
362663.ECP_4059	362663.ecp:ECP_4301	1
362663.ECP_1872	362663.ECP_1880	1
362663.ECP_3395	362663.ecp:ECP_4145	1
362663.ECP_4234	362663.ecp:ECP_4237	1
362663.ecp:ECP_3934	362663.ECP_3935	1
362663.ecp:ECP_3250	362663.ecp:ECP_3252	1
362663.ecp:ECP_1118	362663.ecp:ECP_1120	1
362663.ecp:ECP_2611	362663.ECP_3401	1
362663.ecp:ECP_2188	362663.ECP_2189	1
362663.ECP_2768	362663.ECP_2769	1
362663.ECP_3729	362663.ecp:ECP_3730	1
362663.ECP_3394	362663.ECP_3402	1
362663.ECP_1081	362663.ECP_3393	1
362663.ECP_2316	362663.ecp:ECP_2327	1
362663.ECP_3503	362663.ECP_3675	1
362663.ECP_1663	362663.ECP_3402	1
362663.ECP_0177	362663.ECP_3405	1
362663.ecp:ECP_3388	362663.ECP_4197	1
362663.ecp:ECP_3392	362663.ECP_3407	1
362663.ecp:ECP_4340	362663.ECP_4342	1
362663.ECP_2610	362663.ECP_4199	1
362663.ECP_3728	362663.ECP_3729	1
362663.ECP_3253	362663.ECP_3313	1
362663.ECP_2624	362663.ecp:ECP_2625	1
362663.ECP_1081	362663.ECP_3391	1
362663.ECP_2321	362663.ecp:ECP_2327	1
362663.ECP_3223	362663.ECP_3225	1
362663.ECP_0177	362663.ECP_3382	1
362663.ECP_3735	362663.ECP_4448	1
362663.ECP_0193	362663.ECP_2355	1
362663.ECP_4315	362663.ECP_4317	1
362663.ECP_0490	362663.ECP_0492	1
362663.ECP_3118	362663.ECP_3605	1
362663.ecp:ECP_1126	362663.ECP_4219	1
362663.ECP_0163	362663.ecp:ECP_1244	1
362663.ECP_2441	362663.ECP_2676	1
362663.ecp:ECP_3388	362663.ECP_4198	1
362663.ecp:ECP_0073	362663.ecp:ECP_0074	1
362663.ECP_4315	362663.ecp:ECP_4316	1
362663.ecp:ECP_2477	362663.ECP_2906	1
362663.ecp:ECP_2611	362663.ecp:ECP_3400	1
362663.ECP_4196	362663.ECP_4448	1
362663.ECP_2610	362663.ECP_3314	1
362663.ECP_0716	362663.ECP_0717	1
362663.ECP_2607	362663.ECP_3402	1
362663.ecp:ECP_0807	362663.ecp:ECP_0808	1
362663.ECP_3604	362663.ECP_3605	1
362663.ecp:ECP_2760	362663.ECP_4243	1
362663.ecp:ECP_3409	362663.ECP_4198	1
362663.ECP_1977	362663.ECP_2268	1
362663.ECP_1081	362663.ECP_3401	1
362663.ECP_0009	362663.ECP_0709	1
362663.ECP_0622	362663.ecp:ECP_3117	1
362663.ECP_1663	362663.ECP_1664	1
362663.ECP_3382	362663.ECP_3384	1
362663.ECP_0221	362663.ecp:ECP_3902	1
362663.ecp:ECP_3252	362663.ECP_3383	1
362663.ECP_1047	362663.ecp:ECP_3731	1
362663.ECP_1663	362663.ECP_3403	1
362663.ECP_3314	362663.ECP_3430	1
362663.ecp:ECP_2611	362663.ecp:ECP_3388	1
362663.ecp:ECP_2318	362663.ecp:ECP_2319	1
362663.ECP_3430	362663.ecp:ECP_3431	1
362663.ECP_3385	362663.ECP_3405	1
362663.ecp:ECP_1126	362663.ECP_2490	1
362663.ECP_0766	362663.ECP_3713	1
362663.ECP_3385	362663.ecp:ECP_3392	1
362663.ecp:ECP_0869	362663.ECP_0870	1
362663.ECP_1339	362663.ecp:ECP_2165	1
362663.ECP_3403	362663.ECP_4197	1
362663.ECP_1664	362663.ECP_3253	1
362663.ecp:ECP_3408	362663.ECP_4197	1
362663.ecp:ECP_3400	362663.ECP_3403	1
362663.ECP_0022	362663.ECP_3394	1
362663.ECP_3720	362663.ECP_3721	1
362663.ECP_3391	362663.ECP_4447	1
362663.ECP_3382	362663.ecp:ECP_4145	1
362663.ECP_0177	362663.ECP_3406	1
362663.ECP_3734	362663.ECP_4447	1
362663.ecp:ECP_0374	362663.ECP_0376	1
362663.ECP_1020	362663.ecp:ECP_1021	1
362663.ECP_3407	362663.ECP_3430	1
362663.ECP_3313	362663.ECP_3735	1
362663.ECP_0135	362663.ecp:ECP_0136	1
362663.ECP_0177	362663.ECP_1081	1
362663.ECP_0134	362663.ECP_1254	1
362663.ecp:ECP_3333	362663.ecp:ECP_3334	1
362663.ECP_3253	362663.ECP_4199	1
362663.ECP_3391	362663.ECP_4448	1
362663.ecp:ECP_1066	362663.ECP_1070	1
362663.ECP_0009	362663.ECP_4243	1
362663.ECP_4219	362663.ecp:ECP_4422	1
362663.ECP_3383	362663.ECP_3747	1
362663.ECP_3384	362663.ECP_3403	1
362663.ECP_0177	362663.ecp:ECP_3431	1
362663.ECP_1081	362663.ECP_4197	1
362663.ECP_3734	362663.ECP_4758	1
362663.ECP_3930	362663.ECP_3933	1
362663.ECP_2722	362663.ECP_3383	1
362663.ECP_3253	362663.ECP_3391	1
362663.ecp:ECP_0939	362663.ecp:ECP_1707	1
362663.ECP_1081	362663.ECP_3735	1
362663.ECP_3394	362663.ECP_3735	1
362663.ecp:ECP_0459	362663.ECP_1125	1
362663.ECP_2610	362663.ECP_3402	1
362663.ECP_3399	362663.ECP_3401	1
362663.ECP_3386	362663.ECP_3407	1
362663.ECP_0735	362663.ECP_0740	1
362663.ecp:ECP_3155	362663.ECP_3401	1
362663.ECP_0739	362663.ECP_4400	1
362663.ecp:ECP_3388	362663.ecp:ECP_3557	1
362663.ECP_3930	362663.ecp:ECP_3937	1
362663.ecp:ECP_3429	362663.ECP_3432	1
362663.ecp:ECP_2318	362663.ecp:ECP_2327	1
362663.ECP_4196	362663.ECP_4758	1
362663.ECP_0691	362663.ECP_2439	1
362663.ecp:ECP_3390	362663.ecp:ECP_3392	1
362663.ECP_1356	362663.ECP_1357	1
362663.ECP_0918	362663.ECP_2824	1
362663.ecp:ECP_3392	362663.ecp:ECP_3431	1
362663.ECP_0408	362663.ECP_4058	1
362663.ECP_3386	362663.ECP_3735	1
362663.ecp:ECP_0410	362663.ECP_2379	1
362663.ECP_3407	362663.ECP_4199	1
362663.ECP_3734	362663.ECP_4193	1
362663.ECP_3313	362663.ECP_4199	1
362663.ECP_3273	362663.ECP_3407	1
362663.ECP_1663	362663.ECP_4447	1
362663.ECP_0163	362663.ECP_2033	1
362663.ECP_0162	362663.ECP_0622	1
362663.ECP_3931	362663.ecp:ECP_3934	1
362663.ECP_0766	362663.ecp:ECP_1796	1
362663.ECP_3403	362663.ECP_4198	1
362663.ECP_0420	362663.ECP_0421	1
362663.ECP_2914	362663.ecp:ECP_2915	1
362663.ECP_1657	362663.ECP_1659	1
362663.ECP_3386	362663.ECP_3403	1
362663.ECP_1081	362663.ecp:ECP_3431	1
362663.ECP_3407	362663.ECP_4197	1
362663.ECP_3399	362663.ECP_3405	1
362663.ECP_3226	362663.ecp:ECP_3231	1
362663.ECP_3395	362663.ECP_4199	1
362663.ECP_1639	362663.ecp:ECP_3476	1
362663.ECP_0922	362663.ECP_4196	1
362663.ECP_0193	362663.ECP_3341	1
362663.ECP_0675	362663.ecp:ECP_0678	1
362663.ECP_2317	362663.ECP_2326	1
362663.ecp:ECP_3400	362663.ECP_3402	1
362663.ecp:ECP_2611	362663.ECP_3403	1
362663.ECP_2607	362663.ECP_3314	1
362663.ECP_3262	362663.ecp:ECP_3710	1
362663.ECP_1565	362663.ECP_2441	1
362663.ecp:ECP_3397	362663.ecp:ECP_3409	1
362663.ECP_3385	362663.ECP_3393	1
362663.ECP_0622	362663.ECP_2035	1
362663.ECP_3278	362663.ECP_3280	1
362663.ECP_1529	362663.ECP_3626	1
362663.ECP_3935	362663.ecp:ECP_3937	1
362663.ECP_1665	362663.ECP_3391	1
362663.ECP_0022	362663.ECP_3734	1
362663.ECP_1421	362663.ECP_3756	1
362663.ECP_3313	362663.ECP_4196	1
362663.ECP_3734	362663.ECP_4448	1
362663.ECP_4197	362663.ECP_4448	1
362663.ECP_3314	362663.ecp:ECP_3408	1
362663.ECP_3403	362663.ECP_4758	1
362663.ECP_3314	362663.ECP_3401	1
362663.ecp:ECP_0893	362663.ecp:ECP_0894	1
362663.ECP_3721	362663.ECP_3729	1
362663.ECP_2610	362663.ecp:ECP_3431	1
362663.ECP_3313	362663.ECP_4758	1
362663.ECP_4198	362663.ECP_4199	1
362663.ecp:ECP_0180	362663.ecp:ECP_3409	1
362663.ECP_1664	362663.ECP_3395	1
362663.ECP_0896	362663.ECP_0897	1
362663.ECP_3393	362663.ECP_4448	1
362663.ECP_3385	362663.ecp:ECP_3388	1
362663.ECP_4199	362663.ECP_4447	1
362663.ECP_3720	362663.ECP_3729	1
362663.ECP_3930	362663.ECP_3931	1
362663.ECP_0466	362663.ECP_3262	1
362663.ECP_3391	362663.ECP_3401	1
362663.ECP_1311	362663.ecp:ECP_1312	1
362663.ecp:ECP_3155	362663.ECP_3404	1
362663.ECP_3314	362663.ECP_3404	1
362663.ECP_1665	362663.ECP_3386	1
362663.ECP_3365	362663.ecp:ECP_3366	1
362663.ECP_1831	362663.ecp:ECP_4683	1
362663.ECP_2610	362663.ECP_4197	1
362663.ECP_4199	362663.ECP_4758	1
362663.ecp:ECP_2898	362663.ECP_4219	1
362663.ECP_4486	362663.ECP_4487	1
362663.ECP_0670	362663.ecp:ECP_1091	1
362663.ecp:ECP_2266	362663.ECP_4059	1
362663.ecp:ECP_0180	362663.ECP_3405	1
362663.ECP_3386	362663.ECP_3734	1
362663.ECP_3394	362663.ecp:ECP_3408	1
362663.ECP_1259	362663.ECP_3391	1
362663.ecp:ECP_4367	362663.ECP_4368	1
362663.ECP_1363	362663.ecp:ECP_1371	1
362663.ECP_3405	362663.ecp:ECP_3408	1
362663.ECP_2607	362663.ecp:ECP_3409	1
362663.ECP_3273	362663.ECP_3430	1
362663.ECP_1623	362663.ECP_3962	1
362663.ECP_3384	362663.ecp:ECP_3388	1
362663.ECP_0163	362663.ecp:ECP_0620	1
362663.ecp:ECP_3431	362663.ECP_4448	1
362663.ECP_3385	362663.ECP_3399	1
362663.ECP_0922	362663.ECP_1664	1
362663.ECP_3313	362663.ecp:ECP_3409	1
362663.ECP_0490	362663.ECP_0491	1
362663.ECP_3273	362663.ecp:ECP_3400	1
362663.ECP_1259	362663.ECP_3734	1
362663.ECP_0922	362663.ECP_3314	1
362663.ECP_0177	362663.ecp:ECP_3390	1
362663.ecp:ECP_1312	362663.ecp:ECP_3451	1
362663.ECP_3314	362663.ECP_3382	1
362663.ECP_0784	362663.ecp:ECP_1131	1
362663.ECP_3253	362663.ECP_3395	1
362663.ECP_3931	362663.ECP_3933	1
362663.ecp:ECP_2600	362663.ECP_2601	1
362663.ecp:ECP_2611	362663.ecp:ECP_3390	1
362663.ecp:ECP_1481	362663.ECP_1798	1
362663.ECP_0177	362663.ECP_3384	1
362663.ECP_3389	362663.ECP_3406	1
362663.ECP_1084	362663.ECP_2362	1
362663.ecp:ECP_1244	362663.ecp:ECP_2034	1
362663.ECP_3389	362663.ECP_3398	1
362663.ECP_1081	362663.ECP_4196	1
362663.ECP_0022	362663.ECP_0922	1
362663.ECP_0843	362663.ECP_0845	1
362663.ECP_1841	362663.ECP_1842	1
362663.ECP_1125	362663.ECP_2394	1
362663.ECP_3391	362663.ECP_3395	1
362663.ecp:ECP_2468	362663.ecp:ECP_2469	1
362663.ECP_3391	362663.ECP_4197	1
362663.ecp:ECP_3388	362663.ECP_3399	1
362663.ecp:ECP_0524	362663.ECP_3127	1
362663.ECP_0177	362663.ecp:ECP_3409	1
362663.ECP_3253	362663.ECP_4448	1
362663.ECP_3395	362663.ECP_4196	1
362663.ECP_1477	362663.ECP_1497	1
362663.ecp:ECP_3392	362663.ECP_4447	1
362663.ECP_3253	362663.ECP_3432	1
362663.ecp:ECP_0106	362663.ECP_0107	1
362663.ECP_3385	362663.ECP_3734	1
362663.ecp:ECP_3409	362663.ECP_4758	1
362663.ecp:ECP_1974	362663.ECP_2362	1
362663.ECP_3385	362663.ECP_3386	1
362663.ECP_2610	362663.ECP_3407	1
362663.ECP_0163	362663.ECP_2035	1
362663.ECP_3313	362663.ecp:ECP_3408	1
362663.ECP_3273	362663.ecp:ECP_4145	1
362663.ECP_0022	362663.ECP_3393	1
362663.ECP_2315	362663.ecp:ECP_2325	1
362663.ECP_3931	362663.ECP_3936	1
362663.ECP_0080	362663.ECP_3967	1
362663.ECP_3393	362663.ecp:ECP_4145	1
362663.ECP_4342	362663.ECP_4344	1
362663.ECP_3253	362663.ECP_4758	1
362663.ECP_4198	362663.ECP_4448	1
362663.ecp:ECP_0410	362663.ECP_4059	1
362663.ECP_0766	362663.ECP_3756	1
362663.ECP_3725	362663.ECP_3728	1
362663.ecp:ECP_3397	362663.ecp:ECP_3400	1
362663.ECP_2610	362663.ecp:ECP_3429	1
362663.ECP_1081	362663.ECP_3395	1
362663.ECP_3394	362663.ECP_4199	1
362663.ECP_1829	362663.ecp:ECP_3162	1
362663.ECP_0096	362663.ecp:ECP_2436	1
362663.ECP_0823	362663.ECP_0825	1
362663.ecp:ECP_3431	362663.ECP_4197	1
362663.ecp:ECP_3396	362663.ecp:ECP_3431	1
362663.ECP_3394	362663.ECP_4447	1
362663.ECP_3402	362663.ECP_4447	1
362663.ECP_3389	362663.ECP_3395	1
362663.ecp:ECP_3155	362663.ecp:ECP_4145	1
362663.ECP_3540	362663.ECP_4081	1
362663.ECP_3399	362663.ecp:ECP_3408	1
362663.ECP_2670	362663.ECP_2671	1
362663.ECP_3272	362663.ECP_3273	1
362663.ECP_0734	362663.ECP_4399	1
362663.ECP_0221	362663.ECP_4508	1
362663.ECP_1829	362663.ECP_1830	1
362663.ECP_4397	362663.ECP_4400	1
362663.ECP_3389	362663.ecp:ECP_3408	1
362663.ECP_3385	362663.ECP_4447	1
362663.ECP_0086	362663.ecp:ECP_0665	1
362663.ecp:ECP_1873	362663.ECP_1879	1
362663.ECP_1117	362663.ecp:ECP_1120	1
362663.ECP_3382	362663.ECP_3389	1
362663.ecp:ECP_3409	362663.ECP_3735	1
362663.ECP_0530	362663.ecp:ECP_1126	1
362663.ECP_1355	362663.ECP_1356	1
362663.ecp:ECP_0900	362663.ECP_0901	1
362663.ECP_3393	362663.ecp:ECP_3396	1
362663.ECP_3386	362663.ecp:ECP_3409	1
362663.ECP_1362	362663.ECP_1370	1
362663.ECP_3313	362663.ecp:ECP_4145	1
362663.ECP_0022	362663.ECP_2607	1
362663.ECP_0750	362663.ecp:ECP_0751	1
362663.ECP_1665	362663.ECP_3404	1
362663.ECP_1216	362663.ecp:ECP_1217	1
362663.ecp:ECP_4145	362663.ECP_4199	1
362663.ECP_3405	362663.ECP_4198	1
362663.ECP_0161	362663.ECP_0162	1
362663.ecp:ECP_1093	362663.ECP_2441	1
362663.ECP_3405	362663.ECP_4197	1
362663.ecp:ECP_3396	362663.ECP_4196	1
362663.ECP_1081	362663.ECP_4448	1
362663.ECP_3313	362663.ECP_3386	1
362663.ecp:ECP_3392	362663.ecp:ECP_3396	1
362663.ecp:ECP_2100	362663.ECP_2102	1
362663.ECP_4079	362663.ecp:ECP_4080	1
362663.ecp:ECP_3390	362663.ECP_3401	1
362663.ECP_2439	362663.ECP_2441	1
362663.ECP_0022	362663.ECP_4199	1
362663.ECP_0177	362663.ECP_2610	1
362663.ECP_1081	362663.ECP_4758	1
362663.ECP_3394	362663.ecp:ECP_3409	1
362663.ECP_1259	362663.ECP_2607	1
362663.ecp:ECP_2459	362663.ecp:ECP_2468	1
362663.ECP_1421	362663.ecp:ECP_2477	1
362663.ECP_3287	362663.ECP_3289	1
362663.ECP_3401	362663.ECP_4197	1
362663.ECP_3385	362663.ecp:ECP_3396	1
362663.ECP_0048	362663.ecp:ECP_2840	1
362663.ecp:ECP_3390	362663.ECP_3403	1
362663.ECP_1663	362663.ECP_4197	1
362663.ECP_0177	362663.ecp:ECP_4145	1
362663.ECP_0870	362663.ecp:ECP_0871	1
362663.ECP_3385	362663.ecp:ECP_3429	1
362663.ecp:ECP_3388	362663.ecp:ECP_3400	1
362663.ecp:ECP_1131	362663.ecp:ECP_1707	1
362663.ECP_0979	362663.ECP_0980	1
362663.ECP_1623	362663.ECP_3383	1
362663.ECP_3430	362663.ECP_3734	1
362663.ECP_3384	362663.ECP_3393	1
362663.ecp:ECP_3400	362663.ECP_4447	1
362663.ECP_3382	362663.ECP_3405	1
362663.ECP_2906	362663.ECP_3471	1
362663.ECP_1798	362663.ecp:ECP_3878	1
362663.ECP_2317	362663.ecp:ECP_2325	1
362663.ECP_4477	362663.ECP_4478	1
362663.ECP_1081	362663.ecp:ECP_3390	1
362663.ECP_3386	362663.ecp:ECP_3408	1
362663.ecp:ECP_2320	362663.ECP_2323	1
362663.ECP_3065	362663.ecp:ECP_4511	1
362663.ecp:ECP_1814	362663.ECP_1815	1
362663.ECP_2033	362663.ECP_2035	1
362663.ECP_3386	362663.ecp:ECP_3396	1
362663.ECP_2491	362663.ecp:ECP_2598	1
362663.ECP_4235	362663.ECP_4236	1
362663.ECP_3382	362663.ecp:ECP_3392	1
362663.ECP_3386	362663.ecp:ECP_3390	1
362663.ECP_1275	362663.ECP_4303	1
362663.ecp:ECP_3390	362663.ECP_3404	1
362663.ecp:ECP_0074	362663.ecp:ECP_1649	1
362663.ECP_2476	362663.ECP_4125	1
362663.ECP_0161	362663.ECP_3119	1
362663.ECP_1798	362663.ECP_2475	1
362663.ECP_3253	362663.ECP_3399	1
362663.ECP_0886	362663.ecp:ECP_3877	1
362663.ECP_3403	362663.ecp:ECP_3429	1
362663.ECP_0740	362663.ECP_4277	1
362663.ECP_2438	362663.ECP_3091	1
362663.ECP_1246	362663.ecp:ECP_1247	1
362663.ECP_1081	362663.ECP_3314	1
362663.ecp:ECP_3388	362663.ecp:ECP_3409	1
362663.ECP_3384	362663.ECP_4197	1
362663.ECP_0922	362663.ECP_3253	1
362663.ecp:ECP_3392	362663.ECP_3403	1
362663.ECP_3600	362663.ECP_3604	1
362663.ecp:ECP_2643	362663.ECP_2645	1
362663.ECP_1259	362663.ECP_4448	1
362663.ECP_1663	362663.ECP_3314	1
362663.ECP_3395	362663.ecp:ECP_3396	1
362663.ECP_2316	362663.ECP_2321	1
362663.ecp:ECP_2611	362663.ECP_3262	1
362663.ECP_0622	362663.ECP_1242	1
362663.ECP_3395	362663.ecp:ECP_3409	1
362663.ecp:ECP_0207	362663.ECP_0208	1
362663.ECP_2610	362663.ECP_3386	1
362663.ECP_2315	362663.ECP_2326	1
362663.ECP_3253	362663.ECP_3403	1
362663.ECP_0041	362663.ECP_0042	1
362663.ecp:ECP_3396	362663.ECP_3406	1
362663.ecp:ECP_2477	362663.ecp:ECP_4128	1
362663.ECP_2610	362663.ECP_3403	1
362663.ECP_3386	362663.ECP_4196	1
362663.ecp:ECP_3390	362663.ECP_3406	1
362663.ECP_1081	362663.ecp:ECP_4145	1
362663.ECP_2315	362663.ecp:ECP_2319	1
362663.ECP_4250	362663.ECP_4252	1
362663.ECP_2475	362663.ecp:ECP_3877	1
362663.ECP_1663	362663.ecp:ECP_3408	1
362663.ECP_1259	362663.ECP_3382	1
362663.ECP_1259	362663.ECP_1663	1
362663.ECP_0922	362663.ECP_3401	1
362663.ECP_0538	362663.ecp:ECP_1567	1
362663.ECP_0922	362663.ECP_3313	1
362663.ECP_3402	362663.ecp:ECP_3408	1
362663.ecp:ECP_3390	362663.ECP_4197	1
362663.ECP_1125	362663.ECP_3490	1
362663.ECP_3386	362663.ECP_4197	1
362663.ECP_1663	362663.ECP_3401	1
362663.ECP_3641	362663.ECP_3646	1
362663.ECP_3253	362663.ecp:ECP_4145	1
362663.ECP_2355	362663.ECP_3340	1
362663.ECP_4515	362663.ECP_4516	1
362663.ECP_3407	362663.ECP_4196	1
362663.ECP_1255	362663.ECP_2351	1
362663.ECP_3407	362663.ECP_4198	1
362663.ECP_3389	362663.ecp:ECP_3396	1
362663.ECP_1628	362663.ECP_1630	1
362663.ecp:ECP_3409	362663.ecp:ECP_3431	1
362663.ecp:ECP_1592	362663.ECP_1678	1
362663.ECP_3384	362663.ECP_3405	1
362663.ECP_3389	362663.ecp:ECP_3400	1
362663.ECP_2335	362663.ecp:ECP_2470	1
362663.ECP_0709	362663.ecp:ECP_3524	1
362663.ECP_3386	362663.ECP_3399	1
362663.ECP_0163	362663.ecp:ECP_3117	1
362663.ECP_2510	362663.ECP_4219	1
362663.ECP_0267	362663.ECP_0530	1
362663.ECP_3253	362663.ecp:ECP_3429	1
362663.ECP_3394	362663.ECP_4198	1
362663.ECP_1284	362663.ecp:ECP_1570	1
362663.ECP_0080	362663.ECP_3962	1
362663.ecp:ECP_2440	362663.ECP_2441	1
362663.ecp:ECP_3388	362663.ECP_3391	1
362663.ECP_3527	362663.ECP_4242	1
362663.ecp:ECP_2477	362663.ecp:ECP_2760	1
362663.ECP_1290	362663.ECP_1293	1
362663.ECP_1283	362663.ECP_2082	1
362663.ECP_3403	362663.ecp:ECP_3409	1
362663.ECP_3386	362663.ECP_3394	1
362663.ecp:ECP_3155	362663.ECP_3384	1
362663.ECP_1259	362663.ECP_3405	1
362663.ECP_3393	362663.ECP_3404	1
362663.ECP_0590	362663.ECP_4219	1
362663.ECP_3382	362663.ECP_3386	1
362663.ECP_3389	362663.ecp:ECP_3409	1
362663.ECP_1081	362663.ECP_3407	1
362663.ECP_2607	362663.ECP_3430	1
362663.ECP_1259	362663.ECP_3273	1
362663.ECP_3394	362663.ECP_4196	1
362663.ECP_3393	362663.ECP_4198	1
362663.ecp:ECP_1244	362663.ECP_3120	1
362663.ECP_3386	362663.ECP_3402	1
362663.ecp:ECP_3396	362663.ECP_4448	1
362663.ECP_0022	362663.ECP_3432	1
362663.ecp:ECP_3396	362663.ECP_4447	1
362663.ecp:ECP_3400	362663.ecp:ECP_3409	1
362663.ECP_3385	362663.ecp:ECP_3431	1
362663.ecp:ECP_3390	362663.ECP_3407	1
362663.ECP_0922	362663.ECP_3273	1
362663.ECP_4598	362663.ecp:ECP_4602	1
362663.ECP_3721	362663.ECP_3726	1
362663.ECP_1081	362663.ecp:ECP_3155	1
362663.ECP_3403	362663.ecp:ECP_3431	1
362663.ECP_3734	362663.ECP_4198	1
362663.ecp:ECP_3396	362663.ecp:ECP_3397	1
362663.ECP_3253	362663.ECP_3430	1
362663.ECP_0022	362663.ECP_3402	1
362663.ecp:ECP_0501	362663.ECP_4213	1
362663.ECP_3932	362663.ECP_3935	1
362663.ECP_2185	362663.ECP_2186	1
362663.ECP_2316	362663.ECP_2317	1
362663.ECP_3384	362663.ecp:ECP_4145	1
362663.ECP_1661	362663.ecp:ECP_1662	1
362663.ECP_0079	362663.ecp:ECP_3965	1
362663.ECP_3416	362663.ECP_3419	1
362663.ECP_0177	362663.ECP_3404	1
362663.ECP_1259	362663.ecp:ECP_3408	1
362663.ECP_3273	362663.ECP_3403	1
362663.ECP_3393	362663.ECP_3399	1
362663.ECP_3391	362663.ECP_3394	1
362663.ECP_0387	362663.ecp:ECP_4301	1
362663.ECP_3253	362663.ECP_3314	1
362663.ECP_3313	362663.ECP_3394	1
362663.ECP_2610	362663.ECP_3399	1
362663.ECP_1664	362663.ECP_3273	1
362663.ECP_1760	362663.ecp:ECP_1761	1
362663.ECP_1255	362663.ecp:ECP_2983	1
362663.ecp:ECP_3429	362663.ECP_4448	1
362663.ecp:ECP_3392	362663.ECP_4448	1
362663.ECP_2073	362663.ECP_2074	1
362663.ecp:ECP_3400	362663.ECP_4196	1
362663.ECP_2528	362663.ecp:ECP_2535	1
362663.ecp:ECP_2034	362663.ECP_2035	1
362663.ecp:ECP_0180	362663.ECP_3401	1
362663.ECP_0767	362663.ECP_0768	1
362663.ECP_3386	362663.ecp:ECP_3397	1
362663.ECP_3386	362663.ECP_3395	1
362663.ECP_2236	362663.ECP_2237	1
362663.ECP_1555	362663.ecp:ECP_3319	1
362663.ECP_3402	362663.ECP_4199	1
362663.ECP_1363	362663.ECP_1364	1
362663.ECP_1081	362663.ecp:ECP_3392	1
362663.ecp:ECP_3155	362663.ECP_3273	1
362663.ecp:ECP_3388	362663.ECP_3398	1
362663.ECP_2607	362663.ecp:ECP_4145	1
362663.ECP_0530	362663.ECP_2509	1
362663.ECP_3399	362663.ecp:ECP_3400	1
362663.ECP_3395	362663.ECP_4758	1
362663.ecp:ECP_3392	362663.ECP_3399	1
362663.ECP_3385	362663.ecp:ECP_3400	1
362663.ECP_1786	362663.ECP_1788	1
362663.ECP_3554	362663.ecp:ECP_3557	1
362663.ECP_3273	362663.ECP_3382	1
362663.ECP_3253	362663.ecp:ECP_3400	1
362663.ECP_3384	362663.ECP_4196	1
362663.ECP_0408	362663.ecp:ECP_4301	1
362663.ECP_3064	362663.ECP_3065	1
362663.ecp:ECP_3396	362663.ecp:ECP_4145	1
362663.ECP_3278	362663.ECP_3282	1
362663.ecp:ECP_3390	362663.ECP_3391	1
362663.ECP_2461	362663.ECP_2463	1
362663.ECP_3391	362663.ECP_4198	1
362663.ECP_2692	362663.ecp:ECP_2693	1
362663.ecp:ECP_1296	362663.ECP_4404	1
362663.ECP_3395	362663.ECP_3398	1
362663.ecp:ECP_1828	362663.ecp:ECP_3162	1
362663.ECP_3394	362663.ecp:ECP_3400	1
362663.ECP_3735	362663.ECP_4447	1
362663.ECP_0122	362663.ecp:ECP_0731	1
362663.ECP_3314	362663.ECP_3391	1
362663.ecp:ECP_0180	362663.ECP_2607	1
362663.ECP_1663	362663.ECP_3393	1
362663.ECP_3389	362663.ecp:ECP_3397	1
362663.ECP_1760	362663.ECP_2439	1
362663.ECP_1085	362663.ECP_2362	1
362663.ECP_3385	362663.ecp:ECP_3397	1
362663.ECP_2734	362663.ecp:ECP_4468	1
362663.ECP_3082	362663.ecp:ECP_3083	1
362663.ECP_3391	362663.ECP_4199	1
362663.ECP_0622	362663.ECP_3605	1
362663.ecp:ECP_3388	362663.ECP_3401	1
362663.ECP_0162	362663.ECP_3604	1
362663.ecp:ECP_3397	362663.ECP_3405	1
362663.ECP_0466	362663.ecp:ECP_0467	1
362663.ECP_1794	362663.ECP_4243	1
362663.ECP_3401	362663.ecp:ECP_3431	1
362663.ecp:ECP_3396	362663.ECP_3404	1
362663.ECP_3314	362663.ECP_4758	1
362663.ECP_3079	362663.ECP_3080	1
362663.ECP_3391	362663.ECP_3734	1
362663.ecp:ECP_3155	362663.ECP_3313	1
362663.ECP_1087	362663.ecp:ECP_1974	1
362663.ECP_0375	362663.ECP_0376	1
362663.ECP_3385	362663.ECP_4199	1
362663.ECP_2368	362663.ecp:ECP_2600	1
362663.ECP_3930	362663.ECP_3935	1
362663.ECP_3641	362663.ECP_3644	1
362663.ecp:ECP_3390	362663.ECP_3402	1
362663.ecp:ECP_2611	362663.ECP_3393	1
362663.ECP_1663	362663.ecp:ECP_3396	1
362663.ECP_2610	362663.ecp:ECP_3396	1
362663.ECP_0022	362663.ecp:ECP_3396	1
362663.ECP_2074	362663.ECP_2088	1
362663.ECP_1835	362663.ECP_1836	1
362663.ECP_0161	362663.ECP_0622	1
362663.ECP_3314	362663.ECP_4199	1
362663.ECP_3404	362663.ECP_3735	1
362663.ECP_0161	362663.ecp:ECP_1244	1
362663.ECP_1291	362663.ECP_1292	1
362663.ECP_3313	362663.ECP_3399	1
362663.ECP_3253	362663.ECP_3734	1
362663.ECP_3393	362663.ECP_3734	1
362663.ECP_3224	362663.ECP_3230	1
362663.ecp:ECP_0975	362663.ECP_1128	1
362663.ecp:ECP_2763	362663.ecp:ECP_2764	1
362663.ECP_3735	362663.ECP_4198	1
362663.ECP_3313	362663.ECP_3402	1
362663.ECP_1081	362663.ecp:ECP_3396	1
362663.ECP_0177	362663.ECP_3430	1
362663.ecp:ECP_2148	362663.ECP_2149	1
362663.ecp:ECP_3155	362663.ECP_3386	1
362663.ECP_2073	362663.ECP_2082	1
362663.ECP_0735	362663.ECP_4399	1
362663.ECP_0511	362663.ECP_0512	1
362663.ECP_2441	362663.ECP_2451	1
362663.ECP_0531	362663.ECP_4508	1
362663.ecp:ECP_3392	362663.ECP_3402	1
362663.ECP_3393	362663.ECP_3401	1
362663.ECP_0531	362663.ECP_1786	1
362663.ECP_2475	362663.ecp:ECP_3319	1
362663.ECP_3253	362663.ECP_3384	1
362663.ECP_3401	362663.ecp:ECP_3409	1
362663.ECP_3933	362663.ecp:ECP_3934	1
362663.ECP_1081	362663.ECP_3406	1
362663.ECP_3382	362663.ECP_3391	1
362663.ECP_0948	362663.ECP_0949	1
362663.ECP_3273	362663.ECP_4198	1
362663.ECP_4196	362663.ECP_4199	1
362663.ECP_2610	362663.ECP_3385	1
362663.ECP_2317	362663.ecp:ECP_2320	1
362663.ecp:ECP_0178	362663.ecp:ECP_3429	1
362663.ECP_1259	362663.ECP_4196	1
362663.ECP_2682	362663.ecp:ECP_2687	1
362663.ecp:ECP_0798	362663.ECP_0799	1
362663.ECP_2316	362663.ecp:ECP_2318	1
362663.ECP_1292	362663.ECP_1294	1
362663.ECP_2219	362663.ECP_2221	1
362663.ECP_3759	362663.ECP_3760	1
362663.ecp:ECP_3431	362663.ECP_4758	1
362663.ECP_3641	362663.ECP_3643	1
362663.ECP_3382	362663.ECP_4758	1
362663.ECP_3384	362663.ECP_4198	1
362663.ECP_3398	362663.ecp:ECP_3400	1
362663.ECP_3210	362663.ECP_3962	1
362663.ecp:ECP_3400	362663.ECP_3405	1
362663.ecp:ECP_3409	362663.ECP_4448	1
362663.ECP_0177	362663.ECP_4758	1
362663.ecp:ECP_0188	362663.ECP_0193	1
362663.ECP_0162	362663.ECP_3119	1
362663.ECP_0080	362663.ecp:ECP_3878	1
362663.ECP_2071	362663.ECP_2298	1
362663.ecp:ECP_4321	362663.ecp:ECP_4323	1
362663.ECP_3398	362663.ECP_3403	1
362663.ECP_2106	362663.ecp:ECP_2500	1
362663.ECP_1480	362663.ecp:ECP_2465	1
362663.ecp:ECP_3149	362663.ECP_3511	1
362663.ECP_0922	362663.ECP_3399	1
362663.ECP_0177	362663.ECP_1259	1
362663.ecp:ECP_3431	362663.ECP_4193	1
362663.ECP_0922	362663.ECP_3734	1
362663.ECP_3076	362663.ECP_3080	1
362663.ECP_4051	362663.ECP_4052	1
362663.ECP_3225	362663.ECP_3230	1
362663.ecp:ECP_3155	362663.ECP_3399	1
362663.ecp:ECP_0459	362663.ECP_4121	1
362663.ECP_0076	362663.ECP_0740	1
362663.ECP_0177	362663.ECP_4197	1
362663.ECP_1275	362663.ecp:ECP_1471	1
362663.ECP_2610	362663.ecp:ECP_3392	1
362663.ecp:ECP_3388	362663.ecp:ECP_3392	1
362663.ECP_3273	362663.ECP_3385	1
362663.ECP_3393	362663.ecp:ECP_3409	1
362663.ECP_0022	362663.ECP_1664	1
362663.ecp:ECP_0474	362663.ECP_1609	1
362663.ECP_2607	362663.ECP_4199	1
362663.ECP_1124	362663.ECP_1552	1
362663.ECP_0076	362663.ECP_3963	1
362663.ecp:ECP_3388	362663.ECP_3402	1
362663.ecp:ECP_2319	362663.ecp:ECP_2325	1
362663.ECP_3385	362663.ECP_3401	1
362663.ecp:ECP_3388	362663.ECP_3906	1
362663.ECP_3407	362663.ECP_4447	1
362663.ECP_4051	362663.ecp:ECP_4053	1
362663.ECP_2843	362663.ecp:ECP_4003	1
362663.ECP_4397	362663.ECP_4399	1
362663.ecp:ECP_3400	362663.ECP_3735	1
362663.ecp:ECP_3397	362663.ECP_3407	1
362663.ECP_3932	362663.ecp:ECP_3934	1
362663.ECP_3398	362663.ECP_3405	1
362663.ecp:ECP_3392	362663.ECP_4197	1
362663.ecp:ECP_3117	362663.ECP_3119	1
362663.ecp:ECP_3155	362663.ECP_3394	1
362663.ECP_0163	362663.ECP_3605	1
362663.ECP_4052	362663.ecp:ECP_4053	1
362663.ECP_1663	362663.ECP_4198	1
362663.ECP_3933	362663.ecp:ECP_3937	1
362663.ECP_3382	362663.ecp:ECP_3409	1
362663.ECP_3389	362663.ECP_3394	1
362663.ecp:ECP_0733	362663.ECP_0736	1
362663.ECP_0535	362663.ECP_2523	1
362663.ECP_1664	362663.ECP_3314	1
362663.ECP_3391	362663.ECP_3405	1
362663.ecp:ECP_0744	362663.ECP_0983	1
362663.ECP_2607	362663.ECP_3403	1
362663.ECP_3273	362663.ECP_4196	1
362663.ECP_2531	362663.ecp:ECP_2533	1
362663.ECP_1665	362663.ECP_3253	1
362663.ecp:ECP_3155	362663.ECP_3402	1
362663.ecp:ECP_0748	362663.ECP_0750	1
362663.ECP_0177	362663.ECP_1665	1
362663.ECP_3253	362663.ECP_4198	1
362663.ECP_3385	362663.ecp:ECP_4145	1
362663.ECP_3273	362663.ECP_3734	1
362663.ECP_3430	362663.ECP_4448	1
362663.ECP_0735	362663.ECP_4398	1
362663.ECP_0421	362663.ecp:ECP_2465	1
362663.ecp:ECP_0180	362663.ECP_4448	1
362663.ECP_2321	362663.ECP_2323	1
362663.ecp:ECP_1481	362663.ecp:ECP_1649	1
362663.ecp:ECP_2064	362663.ECP_2601	1
362663.ECP_3386	362663.ECP_4198	1
362663.ECP_1786	362663.ECP_4755	1
362663.ecp:ECP_3724	362663.ecp:ECP_3730	1
362663.ECP_0164	362663.ECP_1258	1
362663.ECP_3314	362663.ECP_3393	1
362663.ECP_0075	362663.ecp:ECP_3878	1
362663.ECP_2323	362663.ecp:ECP_2324	1
362663.ECP_2315	362663.ECP_2323	1
362663.ecp:ECP_1273	362663.ecp:ECP_1277	1
362663.ECP_0177	362663.ECP_3432	1
362663.ECP_4343	362663.ECP_4344	1
362663.ecp:ECP_0180	362663.ECP_4196	1
362663.ecp:ECP_3390	362663.ecp:ECP_3400	1
362663.ECP_2439	362663.ecp:ECP_2926	1
362663.ECP_0221	362663.ECP_0670	1
362663.ECP_3600	362663.ECP_3605	1
362663.ecp:ECP_0325	362663.ECP_2883	1
362663.ecp:ECP_3388	362663.ECP_3389	1
362663.ecp:ECP_2266	362663.ECP_2379	1
362663.ecp:ECP_3396	362663.ECP_4199	1
362663.ECP_3273	362663.ecp:ECP_3390	1
362663.ECP_1663	362663.ecp:ECP_3400	1
362663.ecp:ECP_2611	362663.ecp:ECP_3392	1
362663.ECP_1291	362663.ECP_1294	1
362663.ecp:ECP_3996	362663.ecp:ECP_3997	1
362663.ECP_1081	362663.ECP_3430	1
362663.ECP_3382	362663.ecp:ECP_3429	1
362663.ECP_3402	362663.ECP_3405	1
362663.ECP_2316	362663.ecp:ECP_2320	1
362663.ECP_2321	362663.ecp:ECP_2324	1
362663.ECP_0022	362663.ECP_4198	1
362663.ECP_2439	362663.ECP_4236	1
362663.ECP_4676	362663.ECP_4677	1
362663.ECP_4651	362663.ECP_4655	1
362663.ECP_3227	362663.ecp:ECP_3233	1
362663.ECP_3399	362663.ECP_3406	1
362663.ecp:ECP_2034	362663.ECP_3600	1
362663.ECP_3572	362663.ecp:ECP_3573	1
362663.ECP_1081	362663.ECP_3405	1
362663.ECP_4276	362663.ECP_4277	1
362663.ecp:ECP_2800	362663.ECP_2801	1
362663.ECP_3399	362663.ECP_4197	1
362663.ECP_3933	362663.ECP_3935	1
362663.ECP_0922	362663.ECP_4448	1
362663.ECP_3394	362663.ECP_3405	1
362663.ECP_3314	362663.ECP_3399	1
362663.ECP_3386	362663.ECP_3401	1
362663.ECP_2914	362663.ECP_2916	1
362663.ECP_2355	362663.ECP_4400	1
362663.ecp:ECP_1348	362663.ECP_1351	1
362663.ECP_0736	362663.ECP_0739	1
362663.ECP_0622	362663.ecp:ECP_1244	1
362663.ecp:ECP_3400	362663.ECP_3406	1
362663.ECP_1664	362663.ECP_4448	1
362663.ECP_2610	362663.ECP_3253	1
362663.ecp:ECP_0180	362663.ECP_3273	1
362663.ECP_1480	362663.ECP_3691	1
362663.ECP_3963	362663.ECP_3964	1
362663.ECP_3572	362663.ECP_3574	1
362663.ECP_1275	362663.ECP_1276	1
362663.ECP_0177	362663.ecp:ECP_3155	1
362663.ECP_3402	362663.ECP_4448	1
362663.ECP_3391	362663.ECP_3393	1
362663.ECP_0022	362663.ECP_3385	1
362663.ECP_0734	362663.ECP_0735	1
362663.ECP_1085	362663.ECP_1086	1
362663.ECP_2135	362663.ECP_4243	1
362663.ECP_0421	362663.ECP_2194	1
362663.ECP_0922	362663.ecp:ECP_3409	1
362663.ecp:ECP_0978	362663.ecp:ECP_3083	1
362663.ECP_3403	362663.ECP_4447	1
362663.ECP_0933	362663.ecp:ECP_0934	1
362663.ECP_3402	362663.ECP_3735	1
362663.ECP_0715	362663.ECP_0717	1
362663.ecp:ECP_4128	362663.ECP_4243	1
362663.ECP_3727	362663.ecp:ECP_3730	1
362663.ecp:ECP_1476	362663.ECP_1477	1
362663.ECP_3503	362663.ECP_3526	1
362663.ecp:ECP_1349	362663.ECP_1351	1
362663.ECP_1255	362663.ECP_3952	1
362663.ECP_1555	362663.ECP_4400	1
362663.ECP_2607	362663.ECP_3405	1
362663.ECP_4234	362663.ECP_4236	1
362663.ECP_1081	362663.ECP_4447	1
362663.ecp:ECP_3408	362663.ECP_4447	1
362663.ecp:ECP_3392	362663.ECP_3406	1
362663.ecp:ECP_1190	362663.ECP_1191	1
362663.ECP_3384	362663.ecp:ECP_3396	1
362663.ECP_3404	362663.ecp:ECP_4145	1
362663.ecp:ECP_2611	362663.ECP_3406	1
362663.ECP_1243	362663.ecp:ECP_1244	1
362663.ECP_3399	362663.ECP_4198	1
362663.ECP_2610	362663.ECP_3406	1
362663.ECP_3386	362663.ECP_3391	1
362663.ecp:ECP_3400	362663.ecp:ECP_4145	1
362663.ECP_1663	362663.ECP_3430	1
362663.ECP_2345	362663.ecp:ECP_2347	1
362663.ECP_3314	362663.ECP_4448	1
362663.ECP_3064	362663.ECP_4510	1
362663.ECP_1664	362663.ecp:ECP_3431	1
362663.ECP_0735	362663.ECP_1555	1
362663.ECP_0022	362663.ECP_0177	1
362663.ECP_3398	362663.ECP_3404	1
362663.ECP_3407	362663.ECP_3734	1
362663.ECP_3406	362663.ECP_4196	1
362663.ECP_1242	362663.ecp:ECP_1244	1
362663.ECP_2607	362663.ECP_4198	1
362663.ECP_2552	362663.ECP_4219	1
362663.ecp:ECP_3409	362663.ECP_4199	1
362663.ecp:ECP_1091	362663.ECP_4508	1
362663.ECP_1663	362663.ECP_3407	1
362663.ECP_0097	362663.ECP_1218	1
362663.ecp:ECP_1310	362663.ecp:ECP_1312	1
362663.ECP_3399	362663.ecp:ECP_3431	1
362663.ECP_2317	362663.ecp:ECP_2324	1
362663.ECP_3721	362663.ecp:ECP_3730	1
362663.ECP_3313	362663.ECP_3403	1
362663.ECP_3401	362663.ECP_4198	1
362663.ECP_3314	362663.ECP_3386	1
362663.ECP_3430	362663.ECP_3432	1
362663.ecp:ECP_2898	362663.ECP_2901	1
362663.ecp:ECP_2638	362663.ECP_2640	1
362663.ECP_3384	362663.ECP_3385	1
362663.ecp:ECP_2915	362663.ECP_2916	1
362663.ecp:ECP_3392	362663.ecp:ECP_3408	1
362663.ECP_3391	362663.ECP_3402	1
362663.ecp:ECP_1481	362663.ECP_1623	1
362663.ECP_2610	362663.ECP_3273	1
362663.ecp:ECP_0731	362663.ecp:ECP_3319	1
362663.ECP_2422	362663.ECP_4081	1
362663.ecp:ECP_1474	362663.ecp:ECP_1476	1
362663.ECP_0086	362663.ECP_0091	1
362663.ECP_0688	362663.ECP_0691	1
362663.ECP_0709	362663.ECP_4243	1
362663.ECP_3384	362663.ECP_3735	1
362663.ECP_3401	362663.ECP_4447	1
362663.ECP_2060	362663.ECP_2061	1
362663.ECP_1664	362663.ECP_3734	1
362663.ECP_0675	362663.ECP_0676	1
362663.ECP_3395	362663.ECP_4447	1
362663.ecp:ECP_3155	362663.ecp:ECP_3396	1
362663.ECP_3382	362663.ECP_4196	1
362663.ecp:ECP_0180	362663.ECP_1663	1
362663.ECP_3395	362663.ecp:ECP_3408	1
362663.ecp:ECP_3392	362663.ECP_3393	1
362663.ECP_3385	362663.ECP_3430	1
362663.ecp:ECP_3654	362663.ECP_4105	1
362663.ecp:ECP_4145	362663.ECP_4196	1
362663.ECP_1623	362663.ecp:ECP_2477	1
362663.ecp:ECP_1476	362663.ECP_1497	1
362663.ECP_2607	362663.ECP_4197	1
362663.ECP_2624	362663.ECP_4400	1
362663.ECP_3394	362663.ecp:ECP_3397	1
362663.ECP_0621	362663.ECP_0622	1
362663.ECP_3747	362663.ecp:ECP_3748	1
362663.ECP_3402	362663.ECP_3407	1
362663.ECP_2208	362663.ECP_2209	1
362663.ECP_3273	362663.ECP_3313	1
362663.ECP_1798	362663.ECP_3962	1
362663.ecp:ECP_1703	362663.ecp:ECP_2535	1
362663.ECP_3571	362663.ECP_3574	1
362663.ECP_0724	362663.ECP_0725	1
362663.ECP_3119	362663.ECP_3600	1
362663.ECP_3314	362663.ECP_3735	1
362663.ecp:ECP_2325	362663.ECP_2326	1
362663.ECP_3395	362663.ECP_3399	1
362663.ECP_0531	362663.ecp:ECP_3902	1
362663.ECP_4171	362663.ecp:ECP_4172	1
362663.ECP_3720	362663.ECP_3727	1
362663.ECP_2610	362663.ECP_3313	1
362663.ecp:ECP_2530	362663.ecp:ECP_2533	1
362663.ECP_3395	362663.ECP_3404	1
362663.ECP_1798	362663.ecp:ECP_2760	1
362663.ECP_1874	362663.ECP_1880	1
362663.ecp:ECP_0473	362663.ECP_1330	1
362663.ECP_3384	362663.ecp:ECP_3431	1
362663.ECP_1663	362663.ECP_3313	1
362663.ECP_0161	362663.ecp:ECP_3117	1
362663.ECP_0922	362663.ECP_2610	1
362663.ECP_2610	362663.ECP_4196	1
362663.ECP_3406	362663.ecp:ECP_3431	1
362663.ecp:ECP_3397	362663.ECP_3404	1
362663.ECP_1804	362663.ecp:ECP_1805	1
362663.ECP_1242	362663.ECP_3604	1
362663.ECP_1664	362663.ecp:ECP_3400	1
362663.ECP_2033	362663.ecp:ECP_3117	1
362663.ECP_0022	362663.ECP_1081	1
362663.ECP_3313	362663.ECP_3384	1
362663.ECP_4412	362663.ecp:ECP_4425	1
362663.ecp:ECP_0209	362663.ECP_3866	1
362663.ecp:ECP_2611	362663.ECP_3906	1
362663.ECP_3404	362663.ECP_3432	1
362663.ecp:ECP_1350	362663.ECP_1351	1
362663.ECP_2528	362663.ECP_2531	1
362663.ECP_3398	362663.ecp:ECP_3408	1
362663.ECP_0177	362663.ecp:ECP_3396	1
362663.ecp:ECP_0180	362663.ECP_3253	1
362663.ECP_2610	362663.ecp:ECP_3155	1
362663.ECP_2448	362663.ECP_4126	1
362663.ECP_1786	362663.ecp:ECP_3902	1
362663.ECP_0177	362663.ECP_3273	1
362663.ECP_2379	362663.ecp:ECP_4301	1
362663.ECP_3404	362663.ECP_4447	1
362663.ECP_3391	362663.ECP_3406	1
362663.ECP_0022	362663.ECP_3735	1
362663.ECP_1443	362663.ECP_1444	1
362663.ECP_1760	362663.ECP_1762	1
362663.ECP_3313	362663.ECP_3405	1
362663.ECP_1081	362663.ecp:ECP_3408	1
362663.ecp:ECP_3902	362663.ECP_4755	1
362663.ecp:ECP_3902	362663.ECP_3903	1
362663.ecp:ECP_3429	362663.ECP_4197	1
362663.ECP_0877	362663.ECP_0879	1
362663.ECP_0095	362663.ECP_0097	1
362663.ECP_3405	362663.ECP_4199	1
362663.ecp:ECP_3934	362663.ECP_4476	1
362663.ECP_4162	362663.ECP_4163	1
362663.ECP_3661	362663.ECP_3662	1
362663.ECP_0922	362663.ECP_4447	1
362663.ECP_0922	362663.ECP_3391	1
362663.ECP_2607	362663.ECP_3391	1
362663.ECP_0432	362663.ecp:ECP_3997	1
362663.ECP_3253	362663.ECP_4197	1
362663.ECP_3065	362663.ECP_3289	1
362663.ECP_3721	362663.ECP_3728	1
362663.ECP_0177	362663.ECP_3394	1
362663.ECP_2374	362663.ECP_2375	1
362663.ecp:ECP_0884	362663.ecp:ECP_0888	1
362663.ECP_0878	362663.ECP_0879	1
362663.ECP_3384	362663.ECP_4447	1
362663.ECP_0735	362663.ECP_2624	1
362663.ECP_4562	362663.ecp:ECP_4564	1
362663.ECP_4199	362663.ECP_4448	1
362663.ECP_4341	362663.ECP_4343	1
362663.ECP_4510	362663.ecp:ECP_4511	1
362663.ECP_4125	362663.ECP_4243	1
362663.ECP_2315	362663.ecp:ECP_2320	1
362663.ECP_3430	362663.ECP_4199	1
362663.ecp:ECP_3109	362663.ecp:ECP_4316	1
362663.ECP_2607	362663.ecp:ECP_3390	1
362663.ECP_3278	362663.ECP_3281	1
362663.ECP_2607	362663.ECP_3385	1
362663.ecp:ECP_3409	362663.ecp:ECP_4145	1
362663.ECP_0022	362663.ECP_4448	1
362663.ECP_3314	362663.ECP_3385	1
362663.ECP_2510	362663.ECP_2948	1
362663.ECP_2106	362663.ecp:ECP_4040	1
362663.ecp:ECP_2477	362663.ECP_3471	1
362663.ECP_3040	362663.ECP_3042	1
362663.ecp:ECP_2034	362663.ecp:ECP_3117	1
362663.ecp:ECP_0923	362663.ECP_1660	1
362663.ECP_2074	362663.ECP_2093	1
362663.ecp:ECP_4251	362663.ecp:ECP_4253	1
362663.ECP_2931	362663.ecp:ECP_2933	1
362663.ECP_1189	362663.ECP_1191	1
362663.ECP_2523	362663.ECP_3747	1
362663.ECP_3404	362663.ECP_3406	1
362663.ECP_1259	362663.ecp:ECP_3431	1
362663.ECP_1663	362663.ECP_3382	1
362663.ecp:ECP_2800	362663.ecp:ECP_2805	1
362663.ECP_3405	362663.ECP_3406	1
362663.ECP_3404	362663.ECP_4197	1
362663.ECP_0162	362663.ECP_1242	1
362663.ECP_3119	362663.ECP_3605	1
362663.ECP_1798	362663.ECP_3383	1
362663.ecp:ECP_3390	362663.ecp:ECP_4145	1
362663.ECP_0670	362663.ECP_1786	1
362663.ECP_3516	362663.ecp:ECP_3517	1
362663.ecp:ECP_3155	362663.ECP_4447	1
362663.ECP_0922	362663.ecp:ECP_3396	1
362663.ECP_1757	362663.ecp:ECP_3965	1
362663.ECP_0791	362663.ECP_0792	1
362663.ECP_0177	362663.ecp:ECP_0180	1
362663.ECP_2607	362663.ECP_4196	1
362663.ECP_3403	362663.ecp:ECP_3408	1
362663.ECP_0735	362663.ECP_1509	1
362663.ecp:ECP_0074	362663.ECP_0075	1
362663.ECP_0022	362663.ECP_4447	1
362663.ECP_3314	362663.ECP_3395	1
362663.ECP_3313	362663.ECP_3406	1
362663.ECP_3089	362663.ECP_3090	1
362663.ECP_0735	362663.ECP_0736	1
362663.ECP_0080	362663.ECP_0886	1
362663.ECP_0977	362663.ecp:ECP_3083	1
362663.ECP_3404	362663.ECP_3405	1
362663.ecp:ECP_2477	362663.ECP_4243	1
362663.ecp:ECP_0459	362663.ecp:ECP_3491	1
362663.ecp:ECP_3392	362663.ECP_3398	1
362663.ECP_0161	362663.ecp:ECP_2034	1
362663.ECP_0823	362663.ECP_0824	1
362663.ECP_3490	362663.ecp:ECP_3491	1
362663.ECP_2607	362663.ECP_3382	1
362663.ECP_3391	362663.ECP_3404	1
362663.ECP_0162	362663.ecp:ECP_2034	1
362663.ECP_3313	362663.ecp:ECP_3431	1
362663.ECP_1830	362663.ECP_1832	1
362663.ECP_3382	362663.ecp:ECP_3396	1
362663.ECP_3932	362663.ECP_3933	1
362663.ECP_3253	362663.ECP_3273	1
362663.ecp:ECP_2318	362663.ECP_2321	1
362663.ECP_4412	362663.ECP_4413	1
362663.ecp:ECP_0266	362663.ECP_4509	1
362663.ecp:ECP_3388	362663.ECP_3394	1
362663.ECP_3273	362663.ECP_3402	1
362663.ECP_3382	362663.ecp:ECP_3408	1
362663.ecp:ECP_2611	362663.ECP_4198	1
362663.ECP_1081	362663.ECP_3399	1
362663.ECP_3226	362663.ECP_3232	1
362663.ECP_3253	362663.ecp:ECP_3392	1
362663.ECP_1858	362663.ECP_1860	1
362663.ECP_2607	362663.ECP_3384	1
362663.ECP_3391	362663.ECP_3432	1
362663.ECP_0087	362663.ECP_0092	1
362663.ECP_3382	362663.ecp:ECP_3400	1
362663.ECP_0177	362663.ECP_2607	1
362663.ECP_0475	362663.ecp:ECP_3409	1
362663.ECP_1497	362663.ECP_4104	1
362663.ecp:ECP_0031	362663.ECP_4494	1
362663.ECP_1664	362663.ECP_4196	1
362663.ECP_1678	362663.ecp:ECP_4118	1
362663.ECP_2601	362663.ECP_2602	1
362663.ECP_1275	362663.ecp:ECP_1469	1
362663.ECP_2686	362663.ecp:ECP_2687	1
362663.ECP_1081	362663.ECP_4198	1
362663.ecp:ECP_1826	362663.ECP_1832	1
362663.ECP_3401	362663.ECP_4448	1
362663.ECP_3398	362663.ECP_3407	1
362663.ecp:ECP_3396	362663.ECP_4197	1
362663.ECP_2827	362663.ECP_2828	1
362663.ECP_0922	362663.ecp:ECP_3390	1
362663.ECP_2262	362663.ECP_2263	1
362663.ECP_3385	362663.ecp:ECP_3408	1
362663.ecp:ECP_3392	362663.ecp:ECP_3400	1
362663.ECP_1665	362663.ecp:ECP_3431	1
362663.ecp:ECP_1826	362663.ECP_1830	1
362663.ecp:ECP_3155	362663.ecp:ECP_3400	1
362663.ecp:ECP_3390	362663.ECP_3395	1
362663.ECP_2304	362663.ECP_2305	1
362663.ECP_0977	362663.ECP_0979	1
362663.ecp:ECP_3396	362663.ECP_3401	1
362663.ECP_2209	362663.ecp:ECP_2440	1
362663.ECP_0740	362663.ECP_4399	1
362663.ECP_0177	362663.ECP_3403	1
362663.ecp:ECP_0180	362663.ECP_3391	1
362663.ECP_3391	362663.ecp:ECP_3400	1
362663.ECP_3406	362663.ECP_4197	1
362663.ECP_0022	362663.ECP_3314	1
362663.ECP_1663	362663.ecp:ECP_3390	1
362663.ECP_3406	362663.ecp:ECP_3408	1
362663.ECP_1623	362663.ecp:ECP_2760	1
362663.ECP_3430	362663.ECP_4196	1
362663.ECP_0097	362663.ecp:ECP_2436	1
362663.ECP_2607	362663.ECP_3253	1
362663.ECP_1802	362663.ECP_1803	1
362663.ECP_1664	362663.ECP_3404	1
362663.ecp:ECP_0521	362663.ECP_1284	1
362663.ECP_1664	362663.ECP_3386	1
362663.ecp:ECP_1826	362663.ECP_1829	1
362663.ECP_3543	362663.ECP_3544	1
362663.ECP_3382	362663.ecp:ECP_3397	1
362663.ECP_0922	362663.ECP_3406	1
362663.ECP_3391	362663.ecp:ECP_3396	1
362663.ecp:ECP_3396	362663.ECP_3399	1
362663.ECP_3401	362663.ECP_3402	1
362663.ECP_2658	362663.ECP_2659	1
362663.ECP_3399	362663.ECP_3432	1
362663.ecp:ECP_3431	362663.ECP_3432	1
362663.ECP_0766	362663.ecp:ECP_2760	1
362663.ECP_3382	362663.ECP_3402	1
362663.ECP_2509	362663.ECP_2510	1
362663.ECP_0177	362663.ecp:ECP_3429	1
362663.ECP_0168	362663.ECP_1657	1
362663.ECP_3395	362663.ECP_3406	1
362663.ECP_3391	362663.ECP_3403	1
362663.ecp:ECP_2573	362663.ECP_2574	1
362663.ECP_1421	362663.ECP_2914	1
362663.ECP_0622	362663.ECP_2033	1
362663.ECP_0447	362663.ECP_1639	1
362663.ECP_1663	362663.ECP_4199	1
362663.ECP_3313	362663.ECP_4197	1
362663.ECP_0604	362663.ECP_0605	1
362663.ECP_0022	362663.ECP_4196	1
362663.ecp:ECP_3390	362663.ECP_3394	1
362663.ecp:ECP_3346	362663.ECP_3948	1
362663.ECP_0079	362663.ecp:ECP_3877	1
362663.ECP_1663	362663.ECP_3406	1
362663.ECP_1565	362663.ECP_2827	1
362663.ECP_1682	362663.ECP_1684	1
362663.ECP_3418	362663.ECP_3419	1
362663.ECP_2523	362663.ECP_3383	1
362663.ecp:ECP_3400	362663.ECP_3407	1
362663.ECP_3930	362663.ECP_3936	1
362663.ecp:ECP_0796	362663.ECP_0840	1
362663.ECP_1664	362663.ECP_3402	1
362663.ecp:ECP_4340	362663.ECP_4343	1
362663.ECP_3313	362663.ECP_3391	1
362663.ECP_2441	362663.ECP_2827	1
362663.ECP_2531	362663.ECP_2534	1
362663.ECP_1663	362663.ECP_3384	1
362663.ECP_4023	362663.ECP_4155	1
362663.ECP_0161	362663.ECP_3604	1
362663.ECP_2607	362663.ecp:ECP_3429	1
362663.ECP_2467	362663.ecp:ECP_4301	1
362663.ECP_3389	362663.ECP_3403	1
362663.ECP_3401	362663.ECP_3404	1
362663.ECP_2801	362663.ecp:ECP_2805	1
362663.ECP_0177	362663.ECP_0922	1
362663.ECP_1311	362663.ecp:ECP_1755	1
362663.ecp:ECP_0180	362663.ECP_3313	1
362663.ECP_1362	362663.ECP_1363	1
362663.ECP_3253	362663.ECP_3406	1
362663.ECP_3314	362663.ECP_4197	1
362663.ECP_3406	362663.ECP_3734	1
362663.ECP_2517	362663.ecp:ECP_2598	1
362663.ECP_0909	362663.ECP_1477	1
362663.ecp:ECP_0689	362663.ecp:ECP_0690	1
362663.ECP_2736	362663.ECP_2737	1
362663.ECP_3385	362663.ECP_4448	1
362663.ECP_3407	362663.ecp:ECP_3429	1
362663.ecp:ECP_2611	362663.ECP_3314	1
362663.ecp:ECP_0603	362663.ECP_0604	1
362663.ecp:ECP_3400	362663.ecp:ECP_3431	1
362663.ECP_0922	362663.ECP_3382	1
362663.ecp:ECP_3155	362663.ecp:ECP_3431	1
362663.ECP_1601	362663.ECP_1678	1
362663.ecp:ECP_3250	362663.ECP_3253	1
362663.ECP_2607	362663.ECP_3313	1
362663.ECP_3401	362663.ECP_3430	1
362663.ecp:ECP_3400	362663.ECP_4448	1
362663.ecp:ECP_0459	362663.ECP_3490	1
362663.ecp:ECP_3934	362663.ecp:ECP_3937	1
362663.ecp:ECP_0627	362663.ECP_0628	1
362663.ECP_0481	362663.ECP_2511	1
362663.ECP_0743	362663.ecp:ECP_0744	1
362663.ECP_1081	362663.ECP_3313	1
362663.ECP_2439	362663.ecp:ECP_2440	1
362663.ecp:ECP_1091	362663.ECP_1786	1
362663.ecp:ECP_3547	362663.ecp:ECP_3548	1
362663.ECP_0022	362663.ECP_3384	1
362663.ECP_3081	362663.ECP_3082	1
362663.ECP_3382	362663.ECP_4448	1
362663.ECP_0161	362663.ECP_2035	1
362663.ECP_0221	362663.ECP_4755	1
362663.ECP_2336	362663.ECP_3208	1
362663.ECP_3314	362663.ECP_3402	1
362663.ECP_3393	362663.ecp:ECP_3400	1
362663.ECP_1339	362663.ecp:ECP_1394	1
362663.ECP_1975	362663.ECP_2379	1
362663.ECP_0977	362663.ecp:ECP_0978	1
362663.ECP_1831	362663.ECP_1832	1
362663.ECP_0177	362663.ECP_3395	1
362663.ecp:ECP_3429	362663.ECP_3430	1
362663.ECP_3273	362663.ecp:ECP_3429	1
362663.ecp:ECP_1349	362663.ecp:ECP_1350	1
362663.ECP_1663	362663.ECP_3385	1
362663.ECP_0208	362663.ECP_3866	1
362663.ECP_2072	362663.ECP_3471	1
362663.ecp:ECP_2320	362663.ecp:ECP_2327	1
362663.ecp:ECP_3723	362663.ECP_3729	1
362663.ECP_3313	362663.ECP_4447	1
362663.ECP_3930	362663.ecp:ECP_3934	1
362663.ECP_3401	362663.ECP_3407	1
362663.ECP_2607	362663.ECP_4758	1
362663.ECP_2682	362663.ECP_2686	1
362663.ECP_2610	362663.ECP_4198	1
362663.ECP_2321	362663.ECP_2326	1
362663.ECP_0022	362663.ECP_3401	1
362663.ECP_2133	362663.ECP_2134	1
362663.ECP_1081	362663.ecp:ECP_3429	1
362663.ECP_0947	362663.ECP_0949	1
362663.ecp:ECP_0133	362663.ecp:ECP_2430	1
362663.ecp:ECP_3397	362663.ECP_3398	1
362663.ECP_3405	362663.ecp:ECP_4145	1
362663.ecp:ECP_1348	362663.ecp:ECP_1350	1
362663.ECP_2439	362663.ecp:ECP_4237	1
362663.ECP_1421	362663.ecp:ECP_2915	1
362663.ECP_3035	362663.ECP_3036	1
362663.ECP_1664	362663.ECP_3407	1
362663.ECP_3186	362663.ECP_3189	1
362663.ECP_3417	362663.ECP_3419	1
362663.ECP_0876	362663.ECP_0877	1
362663.ECP_1664	362663.ECP_3403	1
362663.ECP_0739	362663.ECP_0740	1
362663.ECP_3384	362663.ECP_3734	1
362663.ECP_3385	362663.ECP_4196	1
362663.ECP_0622	362663.ECP_3120	1
362663.ECP_2323	362663.ECP_2326	1
362663.ECP_3643	362663.ECP_3644	1
362663.ecp:ECP_3388	362663.ECP_3403	1
362663.ECP_0922	362663.ECP_3403	1
362663.ECP_3223	362663.ecp:ECP_3231	1
362663.ecp:ECP_3155	362663.ECP_3735	1
362663.ECP_0922	362663.ecp:ECP_3400	1
362663.ECP_3382	362663.ECP_3404	1
362663.ECP_0168	362663.ECP_3604	1
362663.ECP_1124	362663.ecp:ECP_3491	1
362663.ecp:ECP_1481	362663.ECP_2475	1
362663.ECP_3385	362663.ECP_3395	1
362663.ECP_3313	362663.ecp:ECP_3400	1
362663.ECP_1975	362663.ECP_4059	1
362663.ECP_2684	362663.ECP_2685	1
362663.ecp:ECP_1118	362663.ECP_1119	1
362663.ECP_3289	362663.ECP_4510	1
362663.ECP_1362	362663.ECP_1364	1
362663.ECP_3394	362663.ECP_3395	1
362663.ECP_0177	362663.ECP_4199	1
362663.ECP_3053	362663.ECP_4225	1
362663.ecp:ECP_2118	362663.ecp:ECP_2119	1
362663.ECP_3394	362663.ECP_3403	1
362663.ECP_0977	362663.ECP_0980	1
362663.ECP_0922	362663.ECP_4197	1
362663.ECP_0009	362663.ecp:ECP_2477	1
362663.ECP_1259	362663.ECP_3401	1
362663.ECP_2316	362663.ECP_2326	1
362663.ecp:ECP_3396	362663.ecp:ECP_3409	1
362663.ECP_4447	362663.ECP_4448	1
362663.ECP_3384	362663.ECP_3432	1
362663.ECP_4508	362663.ECP_4755	1
362663.ECP_0840	362663.ECP_4067	1
362663.ecp:ECP_0188	362663.ECP_1085	1
362663.ECP_2684	362663.ECP_2686	1
362663.ECP_4330	362663.ECP_4331	1
362663.ecp:ECP_3431	362663.ecp:ECP_4145	1
362663.ECP_2092	362663.ECP_2093	1
362663.ecp:ECP_3548	362663.ECP_3551	1
362663.ECP_3727	362663.ECP_3728	1
362663.ECP_2855	362663.ECP_3626	1
362663.ECP_3406	362663.ECP_3735	1
362663.ECP_3224	362663.ECP_3226	1
362663.ecp:ECP_2611	362663.ECP_3405	1
362663.ECP_3873	362663.ECP_3874	1
362663.ECP_1081	362663.ECP_3403	1
362663.ECP_2438	362663.ECP_3708	1
362663.ECP_2207	362663.ECP_3759	1
362663.ECP_1872	362663.ECP_1879	1
362663.ECP_2639	362663.ECP_2641	1
362663.ECP_2552	362663.ECP_4772	1
362663.ecp:ECP_3155	362663.ecp:ECP_3392	1
362663.ECP_1364	362663.ecp:ECP_1371	1
362663.ECP_2684	362663.ECP_2691	1
362663.ecp:ECP_3547	362663.ECP_3551	1
362663.ecp:ECP_2611	362663.ECP_4196	1
362663.ECP_2531	362663.ECP_2532	1
362663.ECP_3273	362663.ECP_3395	1
362663.ecp:ECP_0237	362663.ECP_0238	1
362663.ECP_2326	362663.ecp:ECP_2327	1
362663.ECP_1664	362663.ecp:ECP_3396	1
362663.ECP_3414	362663.ECP_3415	1
362663.ecp:ECP_4322	362663.ecp:ECP_4323	1
362663.ECP_0922	362663.ECP_3384	1
362663.ecp:ECP_3431	362663.ECP_4196	1
362663.ECP_0447	362663.ECP_3369	1
362663.ECP_1364	362663.ECP_1370	1
362663.ECP_3643	362663.ECP_3646	1
362663.ECP_1664	362663.ecp:ECP_3155	1
362663.ECP_1664	362663.ECP_2607	1
362663.ecp:ECP_3396	362663.ECP_4198	1
362663.ECP_3404	362663.ECP_3407	1
362663.ECP_1081	362663.ecp:ECP_3409	1
362663.ecp:ECP_3155	362663.ecp:ECP_3390	1
362663.ECP_3383	362663.ECP_3448	1
362663.ECP_0079	362663.ECP_1623	1
362663.ECP_1290	362663.ECP_1291	1
362663.ECP_2607	362663.ecp:ECP_3392	1
362663.ECP_1721	362663.ECP_1727	1
362663.ECP_3382	362663.ECP_3734	1
362663.ECP_4397	362663.ECP_4398	1
362663.ECP_3395	362663.ECP_4197	1
362663.ECP_3314	362663.ecp:ECP_3392	1
362663.ecp:ECP_3408	362663.ecp:ECP_3409	1
362663.ECP_3405	362663.ECP_3430	1
362663.ECP_3391	362663.ecp:ECP_3408	1
362663.ecp:ECP_3392	362663.ECP_3401	1
362663.ECP_2526	362663.ecp:ECP_2535	1
362663.ECP_3545	362663.ECP_3546	1
362663.ECP_4250	362663.ecp:ECP_4251	1
362663.ECP_3728	362663.ecp:ECP_3730	1
362663.ECP_3399	362663.ECP_4199	1
362663.ECP_0208	362663.ecp:ECP_0209	1
362663.ECP_3403	362663.ECP_3404	1
362663.ECP_3393	362663.ecp:ECP_3431	1
362663.ECP_3399	362663.ECP_4196	1
362663.ecp:ECP_3396	362663.ecp:ECP_3400	1
362663.ECP_0183	362663.ECP_1852	1
362663.ecp:ECP_1244	362663.ECP_2033	1
362663.ecp:ECP_0748	362663.ecp:ECP_0749	1
362663.ECP_2555	362663.ecp:ECP_4080	1
362663.ecp:ECP_0180	362663.ECP_3407	1
362663.ECP_0022	362663.ECP_3405	1
362663.ECP_3402	362663.ECP_4197	1
362663.ECP_3280	362663.ECP_3282	1
362663.ecp:ECP_2573	362663.ECP_2575	1
362663.ecp:ECP_3431	362663.ECP_4447	1
362663.ECP_3280	362663.ECP_3281	1
362663.ecp:ECP_1474	362663.ECP_1477	1
362663.ECP_2689	362663.ECP_2690	1
362663.ECP_3393	362663.ECP_3407	1
362663.ECP_1664	362663.ECP_4447	1
362663.ECP_1663	362663.ecp:ECP_1666	1
362663.ECP_2316	362663.ECP_2323	1
362663.ECP_4562	362663.ECP_4563	1
362663.ecp:ECP_1282	362663.ECP_2722	1
362663.ECP_0622	362663.ECP_3600	1
362663.ecp:ECP_2643	362663.ECP_2644	1
362663.ECP_4235	362663.ecp:ECP_4237	1
362663.ECP_0079	362663.ECP_1798	1
362663.ECP_3398	362663.ECP_3406	1
362663.ecp:ECP_1247	362663.ECP_1248	1
362663.ECP_1242	362663.ECP_2035	1
362663.ECP_0022	362663.ECP_3403	1
362663.ECP_3403	362663.ECP_4196	1
362663.ECP_0845	362663.ECP_0846	1
362663.ECP_3393	362663.ECP_3403	1
362663.ecp:ECP_0031	362663.ECP_4081	1
362663.ECP_3386	362663.ECP_4447	1
362663.ECP_3262	362663.ECP_3906	1
362663.ECP_1663	362663.ECP_3404	1
362663.ECP_0014	362663.ECP_2532	1
362663.ECP_3386	362663.ECP_3398	1
362663.ECP_4386	362663.ecp:ECP_4387	1
362663.ECP_0712	362663.ECP_3113	1
362663.ecp:ECP_3155	362663.ECP_3407	1
362663.ecp:ECP_3392	362663.ECP_4199	1
362663.ECP_0022	362663.ecp:ECP_3431	1
362663.ECP_1628	362663.ECP_1629	1
362663.ECP_3314	362663.ECP_4447	1
362663.ECP_2682	362663.ECP_2684	1
362663.ecp:ECP_3155	362663.ECP_3405	1
362663.ecp:ECP_3390	362663.ECP_3398	1
362663.ecp:ECP_1244	362663.ECP_3119	1
362663.ECP_1421	362663.ecp:ECP_3757	1
362663.ECP_3313	362663.ECP_3430	1
362663.ECP_2743	362663.ECP_2744	1
362663.ECP_2317	362663.ecp:ECP_2327	1
362663.ecp:ECP_3408	362663.ecp:ECP_4145	1
362663.ECP_1642	362663.ECP_4059	1
362663.ECP_2607	362663.ecp:ECP_3431	1
362663.ECP_2033	362663.ecp:ECP_2034	1
362663.ecp:ECP_2732	362663.ECP_2734	1
362663.ECP_0670	362663.ecp:ECP_3902	1
362663.ECP_3385	362663.ECP_3407	1
362663.ecp:ECP_3388	362663.ecp:ECP_3396	1
362663.ECP_3389	362663.ECP_3393	1
362663.ECP_3382	362663.ECP_4199	1
362663.ECP_4121	362663.ecp:ECP_4122	1
362663.ECP_0087	362663.ECP_0088	1
362663.ecp:ECP_3388	362663.ecp:ECP_3390	1
362663.ECP_0686	362663.ECP_3259	1
362663.ECP_0177	362663.ECP_3407	1
362663.ecp:ECP_3345	362663.ecp:ECP_3346	1
362663.ECP_2316	362663.ecp:ECP_2325	1
362663.ECP_1664	362663.ECP_3735	1
362663.ECP_3403	362663.ECP_3430	1
362663.ECP_3393	362663.ECP_3406	1
362663.ECP_2830	362663.ecp:ECP_4172	1
362663.ecp:ECP_0885	362663.ECP_2552	1
362663.ECP_3394	362663.ECP_4448	1
362663.ECP_3404	362663.ECP_4448	1
362663.ECP_3384	362663.ECP_3406	1
362663.ECP_0022	362663.ECP_3407	1
362663.ECP_3734	362663.ECP_4196	1
362663.ECP_2607	362663.ECP_3386	1
362663.ECP_3394	362663.ECP_3401	1
362663.ECP_3395	362663.ECP_3405	1
362663.ecp:ECP_0939	362663.ECP_1555	1
362663.ECP_2610	362663.ECP_3393	1
362663.ECP_1086	362663.ECP_2362	1
362663.ECP_1663	362663.ECP_2610	1
362663.ECP_3385	362663.ECP_4198	1
362663.ecp:ECP_3934	362663.ECP_3936	1
362663.ECP_3401	362663.ECP_3735	1
362663.ecp:ECP_3397	362663.ECP_3402	1
362663.ECP_0161	362663.ECP_0163	1
362663.ECP_3389	362663.ECP_3405	1
362663.ECP_1356	362663.ECP_1358	1
362663.ECP_2684	362663.ecp:ECP_2687	1
362663.ecp:ECP_3400	362663.ECP_3401	1
362663.ECP_3210	362663.ecp:ECP_3878	1
362663.ECP_0177	362663.ECP_3734	1
362663.ECP_3313	362663.ECP_4198	1
362663.ECP_3389	362663.ecp:ECP_3392	1
362663.ECP_3118	362663.ECP_3120	1
362663.ecp:ECP_1708	362663.ECP_1710	1
362663.ECP_3395	362663.ECP_3402	1
362663.ECP_4224	362663.ecp:ECP_4301	1
362663.ECP_0177	362663.ecp:ECP_3408	1
362663.ECP_2517	362663.ECP_2617	1
362663.ecp:ECP_3431	362663.ECP_4198	1
362663.ECP_2607	362663.ECP_3401	1
362663.ecp:ECP_3388	362663.ECP_3406	1
362663.ECP_3403	362663.ECP_3405	1
362663.ECP_3393	362663.ECP_4447	1
362663.ECP_0022	362663.ECP_3253	1
362663.ECP_3313	362663.ECP_3382	1
