7227.FBpp0075068	7227.FBpp0083658	1
7227.FBpp0073906	7227.FBpp0075138	1
7227.FBpp0079471	7227.FBpp0082801	1
7227.FBpp0073120	7227.FBpp0113035	1
7227.FBpp0084340	7227.FBpp0087704	1
7227.FBpp0080639	7227.FBpp0081879	1
7227.FBpp0304020	7227.FBpp0293289	1
7227.FBpp0111906	7227.FBpp0075395	1
7227.FBpp0073906	7227.FBpp0075941	1
7227.FBpp0301225	7227.FBpp0289481	1
7227.FBpp0074554	7227.FBpp0077783	1
7227.FBpp0082657	7227.FBpp0288463	1
7227.FBpp0290875	7227.FBpp0087108	1
7227.FBpp0070859	7227.FBpp0072674	1
7227.FBpp0070382	7227.FBpp0078997	1
7227.FBpp0293124	7227.FBpp0303842	1
7227.FBpp0074104	7227.FBpp0076458	1
7227.FBpp0074661	7227.FBpp0079443	1
7227.FBpp0070205	7227.FBpp0289465	1
7227.FBpp0076458	7227.FBpp0082513	1
7227.FBpp0080102	7227.FBpp0291653	1
7227.FBpp0073890	7227.FBpp0084267	1
7227.FBpp0074926	7227.FBpp0289888	1
7227.FBpp0073762	7227.FBpp0086965	1
7227.FBpp0083646	7227.FBpp0112370	1
7227.FBpp0071142	7227.FBpp0075302	1
7227.FBpp0081324	7227.FBpp0077716	1
7227.FBpp0077698	7227.FBpp0087366	1
7227.FBpp0073316	7227.FBpp0083581	1
7227.FBpp0074299	7227.FBpp0084277	1
7227.FBpp0075104	7227.FBpp0083293	1
7227.FBpp0070674	7227.FBpp0088018	1
7227.FBpp0078093	7227.FBpp0084103	1
7227.FBpp0074874	7227.FBpp0079769	1
7227.FBpp0078656	7227.FBpp0077716	1
7227.FBpp0081600	7227.FBpp0086597	1
7227.FBpp0070279	7227.FBpp0083371	1
7227.FBpp0074971	7227.FBpp0085902	1
7227.FBpp0074516	7227.FBpp0084842	1
7227.FBpp0076990	7227.FBpp0083573	1
7227.FBpp0079399	7227.FBpp0087923	1
7227.FBpp0072232	7227.FBpp0112496	1
7227.FBpp0081544	7227.FBpp0073621	1
7227.FBpp0078083	7227.FBpp0082130	1
7227.FBpp0079833	7227.FBpp0296965	1
7227.FBpp0071451	7227.FBpp0305348	1
7227.FBpp0070143	7227.FBpp0083802	1
7227.FBpp0086215	7227.FBpp0088689	1
7227.FBpp0080389	7227.FBpp0087204	1
7227.FBpp0071088	7227.FBpp0080102	1
7227.FBpp0079041	7227.FBpp0085121	1
7227.FBpp0080024	7227.FBpp0305426	1
7227.FBpp0082523	7227.FBpp0297347	1
7227.FBpp0297566	7227.FBpp0293289	1
7227.FBpp0090943	7227.FBpp0088242	1
7227.FBpp0070885	7227.FBpp0072975	1
7227.FBpp0071681	7227.FBpp0075633	1
7227.FBpp0082929	7227.FBpp0303975	1
7227.FBpp0070430	7227.FBpp0089133	1
7227.FBpp0070370	7227.FBpp0077303	1
7227.FBpp0111906	7227.FBpp0082973	1
7227.FBpp0073292	7227.FBpp0083843	1
7227.FBpp0072072	7227.FBpp0084349	1
7227.FBpp0302978	7227.FBpp0290696	1
7227.FBpp0070650	7227.FBpp0080871	1
7227.FBpp0086103	7227.FBpp0077836	1
7227.FBpp0080256	7227.FBpp0084157	1
7227.FBpp0072184	7227.FBpp0085121	1
7227.FBpp0075684	7227.FBpp0082384	1
7227.FBpp0078996	7227.FBpp0086101	1
7227.FBpp0074075	7227.FBpp0085061	1
7227.FBpp0085586	7227.FBpp0077836	1
7227.FBpp0071449	7227.FBpp0083581	1
7227.FBpp0083441	7227.FBpp0080583	1
7227.FBpp0110438	7227.FBpp0291479	1
7227.FBpp0070279	7227.FBpp0081614	1
7227.FBpp0070894	7227.FBpp0071451	1
7227.FBpp0072145	7227.FBpp0075620	1
7227.FBpp0070279	7227.FBpp0088242	1
7227.FBpp0080024	7227.FBpp0082412	1
7227.FBpp0082412	7227.FBpp0083168	1
7227.FBpp0083164	7227.FBpp0112504	1
7227.FBpp0296949	7227.FBpp0072801	1
7227.FBpp0073910	7227.FBpp0080143	1
7227.FBpp0077157	7227.FBpp0293289	1
7227.FBpp0071049	7227.FBpp0074529	1
7227.FBpp0078086	7227.FBpp0079000	1
7227.FBpp0076203	7227.FBpp0086383	1
7227.FBpp0078415	7227.FBpp0081380	1
7227.FBpp0300512	7227.FBpp0088439	1
7227.FBpp0077141	7227.FBpp0080871	1
7227.FBpp0083658	7227.FBpp0083860	1
7227.FBpp0070766	7227.FBpp0072094	1
7227.FBpp0071884	7227.FBpp0294018	1
7227.FBpp0078689	7227.FBpp0300392	1
7227.FBpp0305313	7227.FBpp0088416	1
7227.FBpp0075759	7227.FBpp0290578	1
7227.FBpp0081528	7227.FBpp0087511	1
7227.FBpp0071766	7227.FBpp0084960	1
7227.FBpp0074554	7227.FBpp0074887	1
7227.FBpp0071194	7227.FBpp0079470	1
7227.FBpp0303780	7227.FBpp0305303	1
7227.FBpp0079031	7227.FBpp0079538	1
7227.FBpp0078448	7227.FBpp0087157	1
7227.FBpp0081756	7227.FBpp0086251	1
7227.FBpp0079031	7227.FBpp0305141	1
7227.FBpp0073950	7227.FBpp0100182	1
7227.FBpp0073120	7227.FBpp0078516	1
7227.FBpp0081544	7227.FBpp0305303	1
7227.FBpp0075560	7227.FBpp0084340	1
7227.FBpp0296949	7227.FBpp0088242	1
7227.FBpp0071088	7227.FBpp0081324	1
7227.FBpp0077011	7227.FBpp0293344	1
7227.FBpp0070650	7227.FBpp0082412	1
7227.FBpp0085105	7227.FBpp0087915	1
7227.FBpp0072148	7227.FBpp0111781	1
7227.FBpp0075686	7227.FBpp0074013	1
7227.FBpp0086101	7227.FBpp0077325	1
7227.FBpp0075068	7227.FBpp0089041	1
7227.FBpp0071288	7227.FBpp0073651	1
7227.FBpp0083354	7227.FBpp0087923	1
7227.FBpp0305010	7227.FBpp0087127	1
7227.FBpp0074180	7227.FBpp0080401	1
7227.FBpp0070430	7227.FBpp0081324	1
7227.FBpp0077157	7227.FBpp0082964	1
7227.FBpp0080803	7227.FBpp0081356	1
7227.FBpp0072130	7227.FBpp0072745	1
7227.FBpp0071846	7227.FBpp0079168	1
7227.FBpp0071450	7227.FBpp0075301	1
7227.FBpp0075317	7227.FBpp0305723	1
7227.FBpp0074086	7227.FBpp0081614	1
7227.FBpp0077011	7227.FBpp0081569	1
7227.FBpp0305387	7227.FBpp0073686	1
7227.FBpp0079332	7227.FBpp0084936	1
7227.FBpp0071543	7227.FBpp0080256	1
7227.FBpp0070430	7227.FBpp0074056	1
7227.FBpp0078349	7227.FBpp0080496	1
7227.FBpp0071381	7227.FBpp0085105	1
7227.FBpp0074086	7227.FBpp0083802	1
7227.FBpp0085145	7227.FBpp0087596	1
7227.FBpp0302978	7227.FBpp0289888	1
7227.FBpp0071198	7227.FBpp0087637	1
7227.FBpp0076003	7227.FBpp0083134	1
7227.FBpp0076643	7227.FBpp0082600	1
7227.FBpp0073316	7227.FBpp0085902	1
7227.FBpp0070298	7227.FBpp0077206	1
7227.FBpp0079168	7227.FBpp0082973	1
7227.FBpp0070430	7227.FBpp0074075	1
7227.FBpp0087923	7227.FBpp0297284	1
7227.FBpp0071771	7227.FBpp0302048	1
7227.FBpp0072801	7227.FBpp0080639	1
7227.FBpp0070650	7227.FBpp0290840	1
7227.FBpp0078508	7227.FBpp0085295	1
7227.FBpp0086974	7227.FBpp0100176	1
7227.FBpp0075274	7227.FBpp0075631	1
7227.FBpp0075425	7227.FBpp0086965	1
7227.FBpp0086694	7227.FBpp0288463	1
7227.FBpp0083502	7227.FBpp0083430	1
7227.FBpp0076152	7227.FBpp0303728	1
7227.FBpp0077715	7227.FBpp0087127	1
7227.FBpp0076457	7227.FBpp0077742	1
7227.FBpp0071848	7227.FBpp0081448	1
7227.FBpp0301225	7227.FBpp0082817	1
7227.FBpp0086953	7227.FBpp0087332	1
7227.FBpp0074887	7227.FBpp0081860	1
7227.FBpp0070766	7227.FBpp0300512	1
7227.FBpp0084616	7227.FBpp0079597	1
7227.FBpp0075388	7227.FBpp0075838	1
7227.FBpp0300512	7227.FBpp0077836	1
7227.FBpp0075612	7227.FBpp0079148	1
7227.FBpp0303531	7227.FBpp0077716	1
7227.FBpp0086252	7227.FBpp0305303	1
7227.FBpp0077401	7227.FBpp0079871	1
7227.FBpp0075759	7227.FBpp0075761	1
7227.FBpp0085379	7227.FBpp0086519	1
7227.FBpp0082462	7227.FBpp0083415	1
7227.FBpp0078635	7227.FBpp0288404	1
7227.FBpp0296949	7227.FBpp0083371	1
7227.FBpp0071365	7227.FBpp0076152	1
7227.FBpp0077698	7227.FBpp0083893	1
7227.FBpp0078278	7227.FBpp0083740	1
7227.FBpp0071766	7227.FBpp0291345	1
7227.FBpp0076601	7227.FBpp0085121	1
7227.FBpp0079641	7227.FBpp0085619	1
7227.FBpp0293061	7227.FBpp0071285	1
7227.FBpp0077676	7227.FBpp0088946	1
7227.FBpp0076124	7227.FBpp0083546	1
7227.FBpp0078008	7227.FBpp0300836	1
7227.FBpp0077877	7227.FBpp0082957	1
7227.FBpp0078433	7227.FBpp0086953	1
7227.FBpp0078929	7227.FBpp0083625	1
7227.FBpp0079443	7227.FBpp0080997	1
7227.FBpp0085530	7227.FBpp0087189	1
7227.FBpp0078400	7227.FBpp0087118	1
7227.FBpp0074086	7227.FBpp0271779	1
7227.FBpp0079471	7227.FBpp0305079	1
7227.FBpp0076990	7227.FBpp0087114	1
7227.FBpp0071448	7227.FBpp0072177	1
7227.FBpp0076295	7227.FBpp0077909	1
7227.FBpp0086919	7227.FBpp0076445	1
7227.FBpp0084525	7227.FBpp0086676	1
7227.FBpp0075690	7227.FBpp0080227	1
7227.FBpp0077630	7227.FBpp0079182	1
7227.FBpp0072457	7227.FBpp0082469	1
7227.FBpp0075088	7227.FBpp0084340	1
7227.FBpp0079041	7227.FBpp0081263	1
7227.FBpp0089141	7227.FBpp0078416	1
7227.FBpp0070279	7227.FBpp0086226	1
7227.FBpp0075138	7227.FBpp0088360	1
7227.FBpp0070482	7227.FBpp0072100	1
7227.FBpp0074859	7227.FBpp0075088	1
7227.FBpp0289298	7227.FBpp0290208	1
7227.FBpp0071625	7227.FBpp0080121	1
7227.FBpp0077159	7227.FBpp0083371	1
7227.FBpp0080647	7227.FBpp0289465	1
7227.FBpp0075110	7227.FBpp0079833	1
7227.FBpp0071062	7227.FBpp0297566	1
7227.FBpp0073971	7227.FBpp0082996	1
7227.FBpp0081845	7227.FBpp0086096	1
7227.FBpp0083646	7227.FBpp0293792	1
7227.FBpp0075484	7227.FBpp0087134	1
7227.FBpp0303262	7227.FBpp0074250	1
7227.FBpp0291451	7227.FBpp0291583	1
7227.FBpp0080143	7227.FBpp0302048	1
7227.FBpp0071128	7227.FBpp0070040	1
7227.FBpp0071503	7227.FBpp0081216	1
7227.FBpp0297243	7227.FBpp0070117	1
7227.FBpp0074641	7227.FBpp0081491	1
7227.FBpp0078415	7227.FBpp0302048	1
7227.FBpp0082062	7227.FBpp0083687	1
7227.FBpp0304439	7227.FBpp0077590	1
7227.FBpp0073316	7227.FBpp0084113	1
7227.FBpp0074104	7227.FBpp0305426	1
7227.FBpp0080330	7227.FBpp0083570	1
7227.FBpp0083969	7227.FBpp0080705	1
7227.FBpp0074426	7227.FBpp0080445	1
7227.FBpp0071771	7227.FBpp0081860	1
7227.FBpp0071462	7227.FBpp0305722	1
7227.FBpp0079031	7227.FBpp0086066	1
7227.FBpp0073626	7227.FBpp0087114	1
7227.FBpp0079538	7227.FBpp0083860	1
7227.FBpp0086965	7227.FBpp0290840	1
7227.FBpp0079536	7227.FBpp0099686	1
7227.FBpp0075866	7227.FBpp0088242	1
7227.FBpp0074299	7227.FBpp0297282	1
7227.FBpp0070859	7227.FBpp0081234	1
7227.FBpp0072094	7227.FBpp0072687	1
7227.FBpp0075618	7227.FBpp0305562	1
7227.FBpp0076003	7227.FBpp0080488	1
7227.FBpp0079443	7227.FBpp0293236	1
7227.FBpp0075618	7227.FBpp0086096	1
7227.FBpp0079295	7227.FBpp0076445	1
7227.FBpp0081544	7227.FBpp0087366	1
7227.FBpp0077142	7227.FBpp0074056	1
7227.FBpp0081001	7227.FBpp0083415	1
7227.FBpp0079182	7227.FBpp0087343	1
7227.FBpp0070679	7227.FBpp0291081	1
7227.FBpp0078278	7227.FBpp0078448	1
7227.FBpp0085679	7227.FBpp0289817	1
7227.FBpp0073906	7227.FBpp0305426	1
7227.FBpp0076003	7227.FBpp0073621	1
7227.FBpp0084617	7227.FBpp0085586	1
7227.FBpp0078428	7227.FBpp0304693	1
7227.FBpp0085717	7227.FBpp0110421	1
7227.FBpp0073477	7227.FBpp0080156	1
7227.FBpp0089138	7227.FBpp0083802	1
7227.FBpp0071993	7227.FBpp0078635	1
7227.FBpp0075302	7227.FBpp0088439	1
7227.FBpp0293226	7227.FBpp0085679	1
7227.FBpp0083802	7227.FBpp0304717	1
7227.FBpp0297243	7227.FBpp0085255	1
7227.FBpp0074226	7227.FBpp0100175	1
7227.FBpp0070832	7227.FBpp0076207	1
7227.FBpp0077309	7227.FBpp0110421	1
7227.FBpp0070719	7227.FBpp0071142	1
7227.FBpp0081216	7227.FBpp0081786	1
7227.FBpp0078857	7227.FBpp0300392	1
7227.FBpp0082996	7227.FBpp0088422	1
7227.FBpp0077790	7227.FBpp0083684	1
7227.FBpp0070942	7227.FBpp0086252	1
7227.FBpp0289181	7227.FBpp0297299	1
7227.FBpp0081787	7227.FBpp0084211	1
7227.FBpp0075138	7227.FBpp0081860	1
7227.FBpp0072184	7227.FBpp0302563	1
7227.FBpp0081185	7227.FBpp0293581	1
7227.FBpp0073098	7227.FBpp0080052	1
7227.FBpp0079182	7227.FBpp0084638	1
7227.FBpp0087726	7227.FBpp0089182	1
7227.FBpp0297230	7227.FBpp0302048	1
7227.FBpp0086701	7227.FBpp0088242	1
7227.FBpp0071450	7227.FBpp0072579	1
7227.FBpp0071562	7227.FBpp0083625	1
7227.FBpp0076001	7227.FBpp0305722	1
7227.FBpp0077427	7227.FBpp0079812	1
7227.FBpp0080523	7227.FBpp0082889	1
7227.FBpp0081860	7227.FBpp0291479	1
7227.FBpp0074104	7227.FBpp0079304	1
7227.FBpp0071808	7227.FBpp0110412	1
7227.FBpp0076244	7227.FBpp0083319	1
7227.FBpp0072247	7227.FBpp0075626	1
7227.FBpp0088439	7227.FBpp0078766	1
7227.FBpp0085423	7227.FBpp0100124	1
7227.FBpp0077698	7227.FBpp0293226	1
7227.FBpp0301225	7227.FBpp0079668	1
7227.FBpp0079471	7227.FBpp0071285	1
7227.FBpp0071288	7227.FBpp0083573	1
7227.FBpp0076723	7227.FBpp0293061	1
7227.FBpp0072247	7227.FBpp0082391	1
7227.FBpp0080391	7227.FBpp0087312	1
7227.FBpp0079305	7227.FBpp0087461	1
7227.FBpp0081787	7227.FBpp0112955	1
7227.FBpp0070279	7227.FBpp0073626	1
7227.FBpp0081234	7227.FBpp0304096	1
7227.FBpp0073996	7227.FBpp0081493	1
7227.FBpp0078354	7227.FBpp0079607	1
7227.FBpp0074086	7227.FBpp0075700	1
7227.FBpp0074180	7227.FBpp0077142	1
7227.FBpp0075425	7227.FBpp0081384	1
7227.FBpp0110421	7227.FBpp0306150	1
7227.FBpp0072146	7227.FBpp0080879	1
7227.FBpp0071046	7227.FBpp0090943	1
7227.FBpp0074664	7227.FBpp0081526	1
7227.FBpp0075395	7227.FBpp0087118	1
7227.FBpp0077836	7227.FBpp0110421	1
7227.FBpp0079306	7227.FBpp0080510	1
7227.FBpp0294025	7227.FBpp0083502	1
7227.FBpp0088040	7227.FBpp0293061	1
7227.FBpp0075069	7227.FBpp0297223	1
7227.FBpp0087929	7227.FBpp0291451	1
7227.FBpp0071088	7227.FBpp0077309	1
7227.FBpp0083617	7227.FBpp0084378	1
7227.FBpp0081484	7227.FBpp0099642	1
7227.FBpp0070894	7227.FBpp0077974	1
7227.FBpp0303128	7227.FBpp0074641	1
7227.FBpp0072801	7227.FBpp0084617	1
7227.FBpp0079607	7227.FBpp0086314	1
7227.FBpp0072659	7227.FBpp0073762	1
7227.FBpp0070561	7227.FBpp0081001	1
7227.FBpp0089138	7227.FBpp0078532	1
7227.FBpp0071449	7227.FBpp0071497	1
7227.FBpp0292339	7227.FBpp0084564	1
7227.FBpp0082667	7227.FBpp0084103	1
7227.FBpp0074516	7227.FBpp0078568	1
7227.FBpp0071449	7227.FBpp0085902	1
7227.FBpp0073120	7227.FBpp0076789	1
7227.FBpp0070894	7227.FBpp0073890	1
7227.FBpp0083168	7227.FBpp0086965	1
7227.FBpp0291345	7227.FBpp0079148	1
7227.FBpp0077927	7227.FBpp0083658	1
7227.FBpp0084191	7227.FBpp0099686	1
7227.FBpp0076152	7227.FBpp0074833	1
7227.FBpp0089141	7227.FBpp0076872	1
7227.FBpp0071279	7227.FBpp0087250	1
7227.FBpp0072085	7227.FBpp0077836	1
7227.FBpp0085744	7227.FBpp0089405	1
7227.FBpp0084966	7227.FBpp0077716	1
7227.FBpp0083625	7227.FBpp0075239	1
7227.FBpp0078400	7227.FBpp0083134	1
7227.FBpp0071128	7227.FBpp0073777	1
7227.FBpp0077893	7227.FBpp0082680	1
7227.FBpp0079616	7227.FBpp0081324	1
7227.FBpp0070655	7227.FBpp0087189	1
7227.FBpp0082459	7227.FBpp0086974	1
7227.FBpp0083371	7227.FBpp0088565	1
7227.FBpp0085145	7227.FBpp0297239	1
7227.FBpp0082067	7227.FBpp0070422	1
7227.FBpp0073983	7227.FBpp0079251	1
7227.FBpp0070716	7227.FBpp0088946	1
7227.FBpp0304236	7227.FBpp0070422	1
7227.FBpp0113012	7227.FBpp0087335	1
7227.FBpp0076172	7227.FBpp0081322	1
7227.FBpp0071450	7227.FBpp0082996	1
7227.FBpp0085217	7227.FBpp0302569	1
7227.FBpp0076635	7227.FBpp0079735	1
7227.FBpp0291345	7227.FBpp0099990	1
7227.FBpp0079880	7227.FBpp0289148	1
7227.FBpp0077381	7227.FBpp0079538	1
7227.FBpp0070040	7227.FBpp0305832	1
7227.FBpp0082929	7227.FBpp0305700	1
7227.FBpp0081484	7227.FBpp0088040	1
7227.FBpp0071587	7227.FBpp0099686	1
7227.FBpp0076238	7227.FBpp0088833	1
7227.FBpp0099739	7227.FBpp0087366	1
7227.FBpp0111830	7227.FBpp0082433	1
7227.FBpp0075119	7227.FBpp0083860	1
7227.FBpp0302052	7227.FBpp0288404	1
7227.FBpp0081600	7227.FBpp0070042	1
7227.FBpp0100176	7227.FBpp0100186	1
7227.FBpp0113012	7227.FBpp0082384	1
7227.FBpp0079880	7227.FBpp0087114	1
7227.FBpp0076339	7227.FBpp0083413	1
7227.FBpp0074608	7227.FBpp0084561	1
7227.FBpp0072130	7227.FBpp0088015	1
7227.FBpp0078633	7227.FBpp0084067	1
7227.FBpp0089133	7227.FBpp0083802	1
7227.FBpp0084966	7227.FBpp0099686	1
7227.FBpp0071888	7227.FBpp0079752	1
7227.FBpp0074239	7227.FBpp0077401	1
7227.FBpp0099739	7227.FBpp0087863	1
7227.FBpp0080330	7227.FBpp0077303	1
7227.FBpp0077142	7227.FBpp0086252	1
7227.FBpp0100024	7227.FBpp0112201	1
7227.FBpp0071381	7227.FBpp0076099	1
7227.FBpp0292326	7227.FBpp0078951	1
7227.FBpp0070674	7227.FBpp0304020	1
7227.FBpp0082346	7227.FBpp0288647	1
7227.FBpp0075684	7227.FBpp0076723	1
7227.FBpp0071050	7227.FBpp0084966	1
7227.FBpp0072151	7227.FBpp0081448	1
7227.FBpp0076003	7227.FBpp0083105	1
7227.FBpp0078497	7227.FBpp0112463	1
7227.FBpp0075982	7227.FBpp0087332	1
7227.FBpp0070878	7227.FBpp0291345	1
7227.FBpp0080675	7227.FBpp0084955	1
7227.FBpp0076467	7227.FBpp0083319	1
7227.FBpp0072094	7227.FBpp0080102	1
7227.FBpp0290661	7227.FBpp0081571	1
7227.FBpp0082865	7227.FBpp0087312	1
7227.FBpp0297230	7227.FBpp0305722	1
7227.FBpp0089041	7227.FBpp0305700	1
7227.FBpp0073018	7227.FBpp0082477	1
7227.FBpp0070716	7227.FBpp0087094	1
7227.FBpp0080120	7227.FBpp0086881	1
7227.FBpp0100180	7227.FBpp0100186	1
7227.FBpp0080389	7227.FBpp0083607	1
7227.FBpp0070422	7227.FBpp0306049	1
7227.FBpp0075612	7227.FBpp0086701	1
7227.FBpp0071846	7227.FBpp0084966	1
7227.FBpp0084989	7227.FBpp0086701	1
7227.FBpp0072200	7227.FBpp0100024	1
7227.FBpp0078415	7227.FBpp0110438	1
7227.FBpp0083617	7227.FBpp0084382	1
7227.FBpp0077870	7227.FBpp0070332	1
7227.FBpp0089382	7227.FBpp0297239	1
7227.FBpp0076207	7227.FBpp0077142	1
7227.FBpp0291495	7227.FBpp0305700	1
7227.FBpp0075484	7227.FBpp0086907	1
7227.FBpp0292593	7227.FBpp0075168	1
7227.FBpp0071049	7227.FBpp0083801	1
7227.FBpp0070766	7227.FBpp0083802	1
7227.FBpp0075317	7227.FBpp0083625	1
7227.FBpp0072787	7227.FBpp0082591	1
7227.FBpp0081544	7227.FBpp0085902	1
7227.FBpp0081401	7227.FBpp0083684	1
7227.FBpp0070150	7227.FBpp0070279	1
7227.FBpp0070878	7227.FBpp0306150	1
7227.FBpp0293269	7227.FBpp0071285	1
7227.FBpp0075761	7227.FBpp0293269	1
7227.FBpp0074250	7227.FBpp0305611	1
7227.FBpp0070279	7227.FBpp0071587	1
7227.FBpp0075759	7227.FBpp0083367	1
7227.FBpp0078532	7227.FBpp0086705	1
7227.FBpp0086701	7227.FBpp0078134	1
7227.FBpp0074086	7227.FBpp0076152	1
7227.FBpp0074051	7227.FBpp0075254	1
7227.FBpp0291160	7227.FBpp0089382	1
7227.FBpp0074503	7227.FBpp0082319	1
7227.FBpp0087923	7227.FBpp0303975	1
7227.FBpp0099990	7227.FBpp0085061	1
7227.FBpp0071049	7227.FBpp0288647	1
7227.FBpp0075631	7227.FBpp0077141	1
7227.FBpp0070143	7227.FBpp0072094	1
7227.FBpp0074887	7227.FBpp0084989	1
7227.FBpp0070878	7227.FBpp0083802	1
7227.FBpp0072674	7227.FBpp0087094	1
7227.FBpp0072257	7227.FBpp0075382	1
7227.FBpp0082303	7227.FBpp0305075	1
7227.FBpp0076152	7227.FBpp0082994	1
7227.FBpp0075941	7227.FBpp0088360	1
7227.FBpp0079182	7227.FBpp0087094	1
7227.FBpp0078997	7227.FBpp0099686	1
7227.FBpp0081822	7227.FBpp0085379	1
7227.FBpp0072907	7227.FBpp0303611	1
7227.FBpp0082153	7227.FBpp0305723	1
7227.FBpp0083377	7227.FBpp0083802	1
7227.FBpp0073228	7227.FBpp0083142	1
7227.FBpp0086066	7227.FBpp0304059	1
7227.FBpp0073316	7227.FBpp0075761	1
7227.FBpp0076458	7227.FBpp0078354	1
7227.FBpp0081216	7227.FBpp0079615	1
7227.FBpp0073686	7227.FBpp0074856	1
7227.FBpp0071846	7227.FBpp0083293	1
7227.FBpp0072085	7227.FBpp0085165	1
7227.FBpp0078497	7227.FBpp0082980	1
7227.FBpp0079880	7227.FBpp0081528	1
7227.FBpp0072179	7227.FBpp0083330	1
7227.FBpp0071587	7227.FBpp0078807	1
7227.FBpp0074554	7227.FBpp0082232	1
7227.FBpp0072184	7227.FBpp0302052	1
7227.FBpp0086405	7227.FBpp0300234	1
7227.FBpp0087511	7227.FBpp0110421	1
7227.FBpp0075068	7227.FBpp0075382	1
7227.FBpp0089133	7227.FBpp0083371	1
7227.FBpp0078756	7227.FBpp0081350	1
7227.FBpp0070894	7227.FBpp0087277	1
7227.FBpp0071450	7227.FBpp0077590	1
7227.FBpp0079000	7227.FBpp0083015	1
7227.FBpp0300513	7227.FBpp0301274	1
7227.FBpp0083962	7227.FBpp0086965	1
7227.FBpp0072975	7227.FBpp0077303	1
7227.FBpp0070402	7227.FBpp0070859	1
7227.FBpp0076535	7227.FBpp0079623	1
7227.FBpp0084340	7227.FBpp0087774	1
7227.FBpp0078416	7227.FBpp0304717	1
7227.FBpp0081787	7227.FBpp0290696	1
7227.FBpp0070143	7227.FBpp0304260	1
7227.FBpp0075676	7227.FBpp0080488	1
7227.FBpp0086252	7227.FBpp0111448	1
7227.FBpp0074825	7227.FBpp0088878	1
7227.FBpp0078756	7227.FBpp0083105	1
7227.FBpp0072143	7227.FBpp0074661	1
7227.FBpp0074608	7227.FBpp0083503	1
7227.FBpp0076791	7227.FBpp0100158	1
7227.FBpp0071596	7227.FBpp0077111	1
7227.FBpp0073476	7227.FBpp0085145	1
7227.FBpp0071448	7227.FBpp0304563	1
7227.FBpp0072674	7227.FBpp0078983	1
7227.FBpp0071497	7227.FBpp0111448	1
7227.FBpp0073228	7227.FBpp0075822	1
7227.FBpp0076124	7227.FBpp0087127	1
7227.FBpp0071954	7227.FBpp0304059	1
7227.FBpp0079304	7227.FBpp0291479	1
7227.FBpp0084900	7227.FBpp0082911	1
7227.FBpp0080233	7227.FBpp0085255	1
7227.FBpp0305185	7227.FBpp0081076	1
7227.FBpp0074971	7227.FBpp0079443	1
7227.FBpp0076005	7227.FBpp0087333	1
7227.FBpp0080285	7227.FBpp0080990	1
7227.FBpp0074104	7227.FBpp0304717	1
7227.FBpp0079616	7227.FBpp0071285	1
7227.FBpp0070766	7227.FBpp0075618	1
7227.FBpp0293226	7227.FBpp0305402	1
7227.FBpp0080391	7227.FBpp0084614	1
7227.FBpp0297243	7227.FBpp0078693	1
7227.FBpp0085105	7227.FBpp0288861	1
7227.FBpp0075684	7227.FBpp0077073	1
7227.FBpp0078086	7227.FBpp0080704	1
7227.FBpp0079182	7227.FBpp0099642	1
7227.FBpp0084966	7227.FBpp0110438	1
7227.FBpp0080401	7227.FBpp0089103	1
7227.FBpp0084050	7227.FBpp0076428	1
7227.FBpp0075382	7227.FBpp0076200	1
7227.FBpp0073347	7227.FBpp0078157	1
7227.FBpp0080488	7227.FBpp0099642	1
7227.FBpp0071766	7227.FBpp0078997	1
7227.FBpp0076819	7227.FBpp0305542	1
7227.FBpp0071753	7227.FBpp0074887	1
7227.FBpp0073681	7227.FBpp0077673	1
7227.FBpp0075612	7227.FBpp0078857	1
7227.FBpp0071771	7227.FBpp0081879	1
7227.FBpp0073448	7227.FBpp0084623	1
7227.FBpp0110328	7227.FBpp0293269	1
7227.FBpp0072687	7227.FBpp0075612	1
7227.FBpp0078083	7227.FBpp0078633	1
7227.FBpp0075068	7227.FBpp0082743	1
7227.FBpp0081263	7227.FBpp0305426	1
7227.FBpp0075104	7227.FBpp0293236	1
7227.FBpp0079536	7227.FBpp0089103	1
7227.FBpp0071259	7227.FBpp0073996	1
7227.FBpp0081641	7227.FBpp0083076	1
7227.FBpp0072053	7227.FBpp0303056	1
7227.FBpp0305226	7227.FBpp0086578	1
7227.FBpp0081029	7227.FBpp0089405	1
7227.FBpp0089130	7227.FBpp0100124	1
7227.FBpp0075941	7227.FBpp0290603	1
7227.FBpp0082973	7227.FBpp0085061	1
7227.FBpp0075941	7227.FBpp0080143	1
7227.FBpp0075317	7227.FBpp0084144	1
7227.FBpp0081234	7227.FBpp0303126	1
7227.FBpp0071449	7227.FBpp0082153	1
7227.FBpp0087923	7227.FBpp0088522	1
7227.FBpp0070402	7227.FBpp0087342	1
7227.FBpp0076906	7227.FBpp0302797	1
7227.FBpp0073058	7227.FBpp0088669	1
7227.FBpp0081448	7227.FBpp0305700	1
7227.FBpp0078662	7227.FBpp0112014	1
7227.FBpp0078996	7227.FBpp0083367	1
7227.FBpp0070894	7227.FBpp0087923	1
7227.FBpp0290875	7227.FBpp0086474	1
7227.FBpp0081378	7227.FBpp0078864	1
7227.FBpp0077778	7227.FBpp0079443	1
7227.FBpp0082994	7227.FBpp0078807	1
7227.FBpp0073292	7227.FBpp0086066	1
7227.FBpp0082062	7227.FBpp0305700	1
7227.FBpp0081401	7227.FBpp0300193	1
7227.FBpp0298022	7227.FBpp0083617	1
7227.FBpp0074104	7227.FBpp0086965	1
7227.FBpp0085131	7227.FBpp0087266	1
7227.FBpp0301225	7227.FBpp0088040	1
7227.FBpp0074609	7227.FBpp0087450	1
7227.FBpp0072801	7227.FBpp0077836	1
7227.FBpp0073626	7227.FBpp0085717	1
7227.FBpp0085724	7227.FBpp0304693	1
7227.FBpp0296949	7227.FBpp0086701	1
7227.FBpp0084113	7227.FBpp0078983	1
7227.FBpp0076872	7227.FBpp0077159	1
7227.FBpp0070242	7227.FBpp0074056	1
7227.FBpp0070382	7227.FBpp0079443	1
7227.FBpp0075138	7227.FBpp0079597	1
7227.FBpp0289609	7227.FBpp0297239	1
7227.FBpp0078689	7227.FBpp0074056	1
7227.FBpp0082867	7227.FBpp0305289	1
7227.FBpp0072908	7227.FBpp0302538	1
7227.FBpp0082994	7227.FBpp0302538	1
7227.FBpp0087461	7227.FBpp0075239	1
7227.FBpp0073719	7227.FBpp0083962	1
7227.FBpp0071046	7227.FBpp0088242	1
7227.FBpp0088833	7227.FBpp0290840	1
7227.FBpp0296949	7227.FBpp0083377	1
7227.FBpp0083570	7227.FBpp0303475	1
7227.FBpp0086098	7227.FBpp0112404	1
7227.FBpp0079880	7227.FBpp0081614	1
7227.FBpp0070561	7227.FBpp0075618	1
7227.FBpp0100051	7227.FBpp0087660	1
7227.FBpp0290102	7227.FBpp0073686	1
7227.FBpp0079609	7227.FBpp0113035	1
7227.FBpp0082790	7227.FBpp0305313	1
7227.FBpp0077401	7227.FBpp0087332	1
7227.FBpp0078694	7227.FBpp0083569	1
7227.FBpp0080389	7227.FBpp0083503	1
7227.FBpp0075344	7227.FBpp0079992	1
7227.FBpp0071497	7227.FBpp0075686	1
7227.FBpp0302626	7227.FBpp0081879	1
7227.FBpp0099794	7227.FBpp0291061	1
7227.FBpp0081902	7227.FBpp0082817	1
7227.FBpp0080871	7227.FBpp0086531	1
7227.FBpp0075676	7227.FBpp0079668	1
7227.FBpp0087511	7227.FBpp0078134	1
7227.FBpp0303417	7227.FBpp0084844	1
7227.FBpp0071046	7227.FBpp0081614	1
7227.FBpp0112250	7227.FBpp0292260	1
7227.FBpp0073267	7227.FBpp0086881	1
7227.FBpp0076207	7227.FBpp0078807	1
7227.FBpp0076184	7227.FBpp0111448	1
7227.FBpp0291345	7227.FBpp0079536	1
7227.FBpp0081004	7227.FBpp0086519	1
7227.FBpp0072085	7227.FBpp0072801	1
7227.FBpp0074139	7227.FBpp0083352	1
7227.FBpp0077142	7227.FBpp0079168	1
7227.FBpp0076467	7227.FBpp0080102	1
7227.FBpp0080146	7227.FBpp0086812	1
7227.FBpp0082477	7227.FBpp0083769	1
7227.FBpp0070894	7227.FBpp0111781	1
7227.FBpp0293061	7227.FBpp0303126	1
7227.FBpp0079538	7227.FBpp0086736	1
7227.FBpp0073291	7227.FBpp0075609	1
7227.FBpp0075097	7227.FBpp0085888	1
7227.FBpp0070143	7227.FBpp0087511	1
7227.FBpp0082459	7227.FBpp0084775	1
7227.FBpp0071365	7227.FBpp0075866	1
7227.FBpp0078448	7227.FBpp0304059	1
7227.FBpp0071771	7227.FBpp0288404	1
7227.FBpp0087108	7227.FBpp0075821	1
7227.FBpp0078664	7227.FBpp0089041	1
7227.FBpp0079574	7227.FBpp0086599	1
7227.FBpp0305898	7227.FBpp0074687	1
7227.FBpp0071587	7227.FBpp0300512	1
7227.FBpp0076467	7227.FBpp0076872	1
7227.FBpp0304236	7227.FBpp0085423	1
7227.FBpp0072659	7227.FBpp0074887	1
7227.FBpp0081845	7227.FBpp0086705	1
7227.FBpp0082412	7227.FBpp0085121	1
7227.FBpp0073626	7227.FBpp0085586	1
7227.FBpp0081322	7227.FBpp0079597	1
7227.FBpp0078222	7227.FBpp0080745	1
7227.FBpp0081614	7227.FBpp0088439	1
7227.FBpp0071250	7227.FBpp0082303	1
7227.FBpp0071226	7227.FBpp0073902	1
7227.FBpp0089103	7227.FBpp0085917	1
7227.FBpp0074318	7227.FBpp0088268	1
7227.FBpp0305217	7227.FBpp0302902	1
7227.FBpp0079946	7227.FBpp0082984	1
7227.FBpp0078024	7227.FBpp0083843	1
7227.FBpp0076184	7227.FBpp0289481	1
7227.FBpp0076872	7227.FBpp0084240	1
7227.FBpp0076207	7227.FBpp0083802	1
7227.FBpp0079833	7227.FBpp0087204	1
7227.FBpp0075631	7227.FBpp0070301	1
7227.FBpp0076990	7227.FBpp0300392	1
7227.FBpp0077859	7227.FBpp0303475	1
7227.FBpp0110412	7227.FBpp0304260	1
7227.FBpp0082591	7227.FBpp0091155	1
7227.FBpp0071593	7227.FBpp0073606	1
7227.FBpp0087511	7227.FBpp0110438	1
7227.FBpp0078568	7227.FBpp0081544	1
7227.FBpp0078055	7227.FBpp0290208	1
7227.FBpp0077125	7227.FBpp0077778	1
7227.FBpp0081786	7227.FBpp0084067	1
7227.FBpp0072056	7227.FBpp0078756	1
7227.FBpp0077900	7227.FBpp0297301	1
7227.FBpp0087883	7227.FBpp0297292	1
7227.FBpp0085902	7227.FBpp0293061	1
7227.FBpp0301225	7227.FBpp0083893	1
7227.FBpp0071993	7227.FBpp0076458	1
7227.FBpp0077630	7227.FBpp0087118	1
7227.FBpp0075675	7227.FBpp0111781	1
7227.FBpp0081528	7227.FBpp0305289	1
7227.FBpp0077309	7227.FBpp0087340	1
7227.FBpp0074554	7227.FBpp0075138	1
7227.FBpp0080389	7227.FBpp0081548	1
7227.FBpp0083105	7227.FBpp0293269	1
7227.FBpp0077159	7227.FBpp0079752	1
7227.FBpp0071503	7227.FBpp0305348	1
7227.FBpp0070716	7227.FBpp0099739	1
7227.FBpp0076017	7227.FBpp0099765	1
7227.FBpp0081324	7227.FBpp0084067	1
7227.FBpp0304236	7227.FBpp0086115	1
7227.FBpp0073995	7227.FBpp0075069	1
7227.FBpp0071970	7227.FBpp0081329	1
7227.FBpp0303518	7227.FBpp0081121	1
7227.FBpp0071222	7227.FBpp0085530	1
7227.FBpp0078593	7227.FBpp0079606	1
7227.FBpp0088422	7227.FBpp0111300	1
7227.FBpp0070942	7227.FBpp0302626	1
7227.FBpp0085107	7227.FBpp0086555	1
7227.FBpp0081189	7227.FBpp0304242	1
7227.FBpp0076003	7227.FBpp0078624	1
7227.FBpp0083939	7227.FBpp0084623	1
7227.FBpp0297230	7227.FBpp0073910	1
7227.FBpp0070242	7227.FBpp0081324	1
7227.FBpp0081322	7227.FBpp0088833	1
7227.FBpp0088040	7227.FBpp0305600	1
7227.FBpp0076124	7227.FBpp0290897	1
7227.FBpp0077783	7227.FBpp0080143	1
7227.FBpp0075274	7227.FBpp0290840	1
7227.FBpp0083367	7227.FBpp0073621	1
7227.FBpp0071088	7227.FBpp0072085	1
7227.FBpp0085724	7227.FBpp0112148	1
7227.FBpp0075626	7227.FBpp0071373	1
7227.FBpp0079780	7227.FBpp0088519	1
7227.FBpp0076207	7227.FBpp0081528	1
7227.FBpp0075864	7227.FBpp0087312	1
7227.FBpp0075761	7227.FBpp0088015	1
7227.FBpp0074104	7227.FBpp0082412	1
7227.FBpp0075119	7227.FBpp0291495	1
7227.FBpp0293236	7227.FBpp0291653	1
7227.FBpp0087118	7227.FBpp0087569	1
7227.FBpp0071295	7227.FBpp0291653	1
7227.FBpp0076005	7227.FBpp0303475	1
7227.FBpp0083646	7227.FBpp0112109	1
7227.FBpp0070651	7227.FBpp0083134	1
7227.FBpp0079812	7227.FBpp0080281	1
7227.FBpp0078032	7227.FBpp0070389	1
7227.FBpp0073558	7227.FBpp0078448	1
7227.FBpp0087511	7227.FBpp0078656	1
7227.FBpp0083573	7227.FBpp0087637	1
7227.FBpp0070894	7227.FBpp0071825	1
7227.FBpp0080817	7227.FBpp0086475	1
7227.FBpp0084617	7227.FBpp0303728	1
7227.FBpp0305750	7227.FBpp0076859	1
7227.FBpp0071288	7227.FBpp0087511	1
7227.FBpp0300512	7227.FBpp0084191	1
7227.FBpp0089270	7227.FBpp0084276	1
7227.FBpp0084591	7227.FBpp0305286	1
7227.FBpp0071993	7227.FBpp0078694	1
7227.FBpp0079536	7227.FBpp0081879	1
7227.FBpp0076152	7227.FBpp0079305	1
7227.FBpp0075348	7227.FBpp0087335	1
7227.FBpp0077325	7227.FBpp0074013	1
7227.FBpp0077859	7227.FBpp0100182	1
7227.FBpp0072096	7227.FBpp0074758	1
7227.FBpp0073910	7227.FBpp0081380	1
7227.FBpp0070650	7227.FBpp0088833	1
7227.FBpp0075676	7227.FBpp0078400	1
7227.FBpp0078358	7227.FBpp0288705	1
7227.FBpp0083857	7227.FBpp0085737	1
7227.FBpp0072257	7227.FBpp0073558	1
7227.FBpp0070650	7227.FBpp0302052	1
7227.FBpp0071846	7227.FBpp0072687	1
7227.FBpp0072463	7227.FBpp0085537	1
7227.FBpp0070298	7227.FBpp0082110	1
7227.FBpp0070719	7227.FBpp0084144	1
7227.FBpp0072094	7227.FBpp0083371	1
7227.FBpp0079304	7227.FBpp0070301	1
7227.FBpp0085563	7227.FBpp0293863	1
7227.FBpp0071753	7227.FBpp0080871	1
7227.FBpp0072787	7227.FBpp0080564	1
7227.FBpp0075684	7227.FBpp0076756	1
7227.FBpp0084989	7227.FBpp0288404	1
7227.FBpp0078990	7227.FBpp0086115	1
7227.FBpp0305226	7227.FBpp0113035	1
7227.FBpp0086776	7227.FBpp0087332	1
7227.FBpp0083263	7227.FBpp0084960	1
7227.FBpp0079251	7227.FBpp0082329	1
7227.FBpp0073651	7227.FBpp0090943	1
7227.FBpp0074075	7227.FBpp0099686	1
7227.FBpp0084067	7227.FBpp0086953	1
7227.FBpp0088121	7227.FBpp0073664	1
7227.FBpp0076359	7227.FBpp0079880	1
7227.FBpp0076859	7227.FBpp0084991	1
7227.FBpp0077378	7227.FBpp0080146	1
7227.FBpp0071892	7227.FBpp0075612	1
7227.FBpp0079443	7227.FBpp0081322	1
7227.FBpp0070717	7227.FBpp0071115	1
7227.FBpp0080051	7227.FBpp0100181	1
7227.FBpp0078433	7227.FBpp0084525	1
7227.FBpp0081322	7227.FBpp0305289	1
7227.FBpp0070143	7227.FBpp0079536	1
7227.FBpp0072446	7227.FBpp0078693	1
7227.FBpp0078962	7227.FBpp0082624	1
7227.FBpp0073230	7227.FBpp0075864	1
7227.FBpp0070950	7227.FBpp0077859	1
7227.FBpp0079443	7227.FBpp0304717	1
7227.FBpp0078756	7227.FBpp0081544	1
7227.FBpp0110573	7227.FBpp0071285	1
7227.FBpp0070584	7227.FBpp0082523	1
7227.FBpp0070950	7227.FBpp0077303	1
7227.FBpp0301225	7227.FBpp0085181	1
7227.FBpp0111294	7227.FBpp0080281	1
7227.FBpp0070871	7227.FBpp0088990	1
7227.FBpp0082591	7227.FBpp0086776	1
7227.FBpp0070655	7227.FBpp0071931	1
7227.FBpp0086705	7227.FBpp0087475	1
7227.FBpp0293269	7227.FBpp0289817	1
7227.FBpp0078721	7227.FBpp0303260	1
7227.FBpp0082867	7227.FBpp0083415	1
7227.FBpp0080045	7227.FBpp0293260	1
7227.FBpp0074608	7227.FBpp0086041	1
7227.FBpp0074516	7227.FBpp0077344	1
7227.FBpp0073910	7227.FBpp0079597	1
7227.FBpp0077210	7227.FBpp0078167	1
7227.FBpp0083502	7227.FBpp0086060	1
7227.FBpp0083377	7227.FBpp0291015	1
7227.FBpp0076152	7227.FBpp0086314	1
7227.FBpp0077783	7227.FBpp0084616	1
7227.FBpp0071497	7227.FBpp0071285	1
7227.FBpp0074086	7227.FBpp0086103	1
7227.FBpp0075388	7227.FBpp0082104	1
7227.FBpp0071808	7227.FBpp0076152	1
7227.FBpp0077210	7227.FBpp0078847	1
7227.FBpp0071846	7227.FBpp0086096	1
7227.FBpp0075612	7227.FBpp0077802	1
7227.FBpp0081356	7227.FBpp0080281	1
7227.FBpp0086314	7227.FBpp0087461	1
7227.FBpp0088015	7227.FBpp0304487	1
7227.FBpp0080401	7227.FBpp0082540	1
7227.FBpp0078990	7227.FBpp0080629	1
7227.FBpp0074246	7227.FBpp0080803	1
7227.FBpp0070165	7227.FBpp0303797	1
7227.FBpp0081614	7227.FBpp0081845	1
7227.FBpp0079306	7227.FBpp0303728	1
7227.FBpp0075626	7227.FBpp0086272	1
7227.FBpp0081845	7227.FBpp0291653	1
7227.FBpp0111906	7227.FBpp0077778	1
7227.FBpp0076433	7227.FBpp0099739	1
7227.FBpp0083371	7227.FBpp0303780	1
7227.FBpp0082644	7227.FBpp0289882	1
7227.FBpp0079445	7227.FBpp0289465	1
7227.FBpp0079701	7227.FBpp0091114	1
7227.FBpp0304236	7227.FBpp0084434	1
7227.FBpp0083687	7227.FBpp0083330	1
7227.FBpp0080143	7227.FBpp0082412	1
7227.FBpp0073626	7227.FBpp0079752	1
7227.FBpp0078483	7227.FBpp0290743	1
7227.FBpp0089138	7227.FBpp0086098	1
7227.FBpp0082889	7227.FBpp0110324	1
7227.FBpp0084378	7227.FBpp0304089	1
7227.FBpp0305303	7227.FBpp0078134	1
7227.FBpp0071137	7227.FBpp0099565	1
7227.FBpp0081786	7227.FBpp0293061	1
7227.FBpp0077396	7227.FBpp0088040	1
7227.FBpp0084729	7227.FBpp0087461	1
7227.FBpp0073674	7227.FBpp0076124	1
7227.FBpp0081324	7227.FBpp0083195	1
7227.FBpp0078846	7227.FBpp0082303	1
7227.FBpp0073996	7227.FBpp0071285	1
7227.FBpp0076152	7227.FBpp0087461	1
7227.FBpp0071794	7227.FBpp0073228	1
7227.FBpp0070561	7227.FBpp0078997	1
7227.FBpp0076145	7227.FBpp0291764	1
7227.FBpp0087485	7227.FBpp0100186	1
7227.FBpp0076990	7227.FBpp0086701	1
7227.FBpp0076186	7227.FBpp0111749	1
7227.FBpp0076238	7227.FBpp0083802	1
7227.FBpp0071295	7227.FBpp0099990	1
7227.FBpp0081829	7227.FBpp0082468	1
7227.FBpp0074246	7227.FBpp0111830	1
7227.FBpp0073995	7227.FBpp0070040	1
7227.FBpp0085623	7227.FBpp0087923	1
7227.FBpp0070402	7227.FBpp0071497	1
7227.FBpp0111853	7227.FBpp0078854	1
7227.FBpp0072425	7227.FBpp0078756	1
7227.FBpp0070802	7227.FBpp0302953	1
7227.FBpp0071198	7227.FBpp0072144	1
7227.FBpp0083371	7227.FBpp0084989	1
7227.FBpp0075246	7227.FBpp0083503	1
7227.FBpp0086071	7227.FBpp0288805	1
7227.FBpp0073173	7227.FBpp0271846	1
7227.FBpp0077885	7227.FBpp0086872	1
7227.FBpp0305722	7227.FBpp0300988	1
7227.FBpp0073177	7227.FBpp0080583	1
7227.FBpp0079536	7227.FBpp0082412	1
7227.FBpp0072908	7227.FBpp0075700	1
7227.FBpp0074075	7227.FBpp0076215	1
7227.FBpp0079399	7227.FBpp0294012	1
7227.FBpp0077630	7227.FBpp0292902	1
7227.FBpp0078316	7227.FBpp0081324	1
7227.FBpp0074971	7227.FBpp0087366	1
7227.FBpp0081879	7227.FBpp0087637	1
7227.FBpp0075675	7227.FBpp0297233	1
7227.FBpp0084103	7227.FBpp0083330	1
7227.FBpp0081581	7227.FBpp0084803	1
7227.FBpp0305562	7227.FBpp0306150	1
7227.FBpp0075092	7227.FBpp0297243	1
7227.FBpp0084211	7227.FBpp0289888	1
7227.FBpp0070646	7227.FBpp0071088	1
7227.FBpp0075759	7227.FBpp0080121	1
7227.FBpp0079541	7227.FBpp0089103	1
7227.FBpp0082106	7227.FBpp0087398	1
7227.FBpp0303797	7227.FBpp0083330	1
7227.FBpp0082253	7227.FBpp0302532	1
7227.FBpp0083802	7227.FBpp0089103	1
7227.FBpp0071067	7227.FBpp0084991	1
7227.FBpp0071808	7227.FBpp0078656	1
7227.FBpp0087251	7227.FBpp0112463	1
7227.FBpp0075686	7227.FBpp0086101	1
7227.FBpp0071808	7227.FBpp0071888	1
7227.FBpp0082817	7227.FBpp0071285	1
7227.FBpp0099990	7227.FBpp0087321	1
7227.FBpp0075839	7227.FBpp0087332	1
7227.FBpp0075941	7227.FBpp0079597	1
7227.FBpp0079399	7227.FBpp0289622	1
7227.FBpp0074318	7227.FBpp0082979	1
7227.FBpp0073149	7227.FBpp0087204	1
7227.FBpp0086627	7227.FBpp0088527	1
7227.FBpp0077974	7227.FBpp0074250	1
7227.FBpp0111830	7227.FBpp0082392	1
7227.FBpp0077141	7227.FBpp0302048	1
7227.FBpp0072097	7227.FBpp0304563	1
7227.FBpp0085165	7227.FBpp0087321	1
7227.FBpp0079000	7227.FBpp0080704	1
7227.FBpp0090943	7227.FBpp0078766	1
7227.FBpp0078054	7227.FBpp0293061	1
7227.FBpp0072446	7227.FBpp0087821	1
7227.FBpp0074237	7227.FBpp0085295	1
7227.FBpp0296949	7227.FBpp0291653	1
7227.FBpp0079251	7227.FBpp0087961	1
7227.FBpp0297223	7227.FBpp0302902	1
7227.FBpp0301274	7227.FBpp0304253	1
7227.FBpp0073777	7227.FBpp0303490	1
7227.FBpp0077650	7227.FBpp0078086	1
7227.FBpp0079332	7227.FBpp0293334	1
7227.FBpp0070859	7227.FBpp0075686	1
7227.FBpp0111906	7227.FBpp0083893	1
7227.FBpp0071427	7227.FBpp0074822	1
7227.FBpp0078234	7227.FBpp0290875	1
7227.FBpp0305562	7227.FBpp0081845	1
7227.FBpp0078689	7227.FBpp0083802	1
7227.FBpp0073719	7227.FBpp0073762	1
7227.FBpp0076827	7227.FBpp0083659	1
7227.FBpp0070150	7227.FBpp0071888	1
7227.FBpp0082767	7227.FBpp0305426	1
7227.FBpp0081683	7227.FBpp0112014	1
7227.FBpp0071534	7227.FBpp0075618	1
7227.FBpp0070709	7227.FBpp0291495	1
7227.FBpp0078354	7227.FBpp0305303	1
7227.FBpp0076244	7227.FBpp0099686	1
7227.FBpp0297230	7227.FBpp0086096	1
7227.FBpp0074237	7227.FBpp0074284	1
7227.FBpp0082889	7227.FBpp0084026	1
7227.FBpp0071994	7227.FBpp0085255	1
7227.FBpp0075203	7227.FBpp0294002	1
7227.FBpp0070643	7227.FBpp0087677	1
7227.FBpp0086919	7227.FBpp0087312	1
7227.FBpp0082384	7227.FBpp0079615	1
7227.FBpp0071259	7227.FBpp0083581	1
7227.FBpp0076707	7227.FBpp0079606	1
7227.FBpp0077715	7227.FBpp0077735	1
7227.FBpp0072148	7227.FBpp0084721	1
7227.FBpp0072144	7227.FBpp0081001	1
7227.FBpp0070911	7227.FBpp0076371	1
7227.FBpp0077125	7227.FBpp0081484	1
7227.FBpp0078694	7227.FBpp0080871	1
7227.FBpp0077268	7227.FBpp0083646	1
7227.FBpp0085717	7227.FBpp0086252	1
7227.FBpp0071771	7227.FBpp0303531	1
7227.FBpp0070646	7227.FBpp0088439	1
7227.FBpp0074114	7227.FBpp0075838	1
7227.FBpp0078847	7227.FBpp0100187	1
7227.FBpp0110147	7227.FBpp0291375	1
7227.FBpp0070766	7227.FBpp0078354	1
7227.FBpp0086101	7227.FBpp0085537	1
7227.FBpp0306212	7227.FBpp0291331	1
7227.FBpp0087094	7227.FBpp0289146	1
7227.FBpp0080024	7227.FBpp0081322	1
7227.FBpp0077353	7227.FBpp0074013	1
7227.FBpp0081324	7227.FBpp0297362	1
7227.FBpp0084947	7227.FBpp0079396	1
7227.FBpp0086872	7227.FBpp0291479	1
7227.FBpp0071194	7227.FBpp0078997	1
7227.FBpp0110573	7227.FBpp0305600	1
7227.FBpp0070894	7227.FBpp0297243	1
7227.FBpp0305402	7227.FBpp0087118	1
7227.FBpp0088040	7227.FBpp0289481	1
7227.FBpp0077415	7227.FBpp0302532	1
7227.FBpp0073524	7227.FBpp0086965	1
7227.FBpp0303213	7227.FBpp0304659	1
7227.FBpp0300658	7227.FBpp0079396	1
7227.FBpp0080401	7227.FBpp0080639	1
7227.FBpp0072476	7227.FBpp0073502	1
7227.FBpp0075272	7227.FBpp0301620	1
7227.FBpp0087317	7227.FBpp0290511	1
7227.FBpp0071288	7227.FBpp0084144	1
7227.FBpp0271773	7227.FBpp0303490	1
7227.FBpp0077206	7227.FBpp0082246	1
7227.FBpp0081822	7227.FBpp0306150	1
7227.FBpp0071846	7227.FBpp0083377	1
7227.FBpp0083569	7227.FBpp0291479	1
7227.FBpp0070242	7227.FBpp0071553	1
7227.FBpp0089382	7227.FBpp0080013	1
7227.FBpp0074661	7227.FBpp0088040	1
7227.FBpp0071250	7227.FBpp0076124	1
7227.FBpp0074114	7227.FBpp0078633	1
7227.FBpp0079052	7227.FBpp0082158	1
7227.FBpp0072446	7227.FBpp0080046	1
7227.FBpp0071250	7227.FBpp0073230	1
7227.FBpp0074180	7227.FBpp0086103	1
7227.FBpp0082867	7227.FBpp0086063	1
7227.FBpp0079752	7227.FBpp0077836	1
7227.FBpp0073007	7227.FBpp0084433	1
7227.FBpp0070655	7227.FBpp0082477	1
7227.FBpp0075274	7227.FBpp0305722	1
7227.FBpp0301605	7227.FBpp0079251	1
7227.FBpp0074971	7227.FBpp0099642	1
7227.FBpp0076244	7227.FBpp0077309	1
7227.FBpp0085537	7227.FBpp0293061	1
7227.FBpp0071954	7227.FBpp0305141	1
7227.FBpp0079943	7227.FBpp0303477	1
7227.FBpp0072100	7227.FBpp0079598	1
7227.FBpp0077142	7227.FBpp0083371	1
7227.FBpp0072056	7227.FBpp0081102	1
7227.FBpp0075302	7227.FBpp0079305	1
7227.FBpp0079628	7227.FBpp0079943	1
7227.FBpp0072674	7227.FBpp0298837	1
7227.FBpp0076124	7227.FBpp0070117	1
7227.FBpp0081329	7227.FBpp0078707	1
7227.FBpp0293236	7227.FBpp0089103	1
7227.FBpp0072096	7227.FBpp0083076	1
7227.FBpp0298022	7227.FBpp0082089	1
7227.FBpp0072184	7227.FBpp0083168	1
7227.FBpp0086400	7227.FBpp0086603	1
7227.FBpp0086096	7227.FBpp0290840	1
7227.FBpp0074586	7227.FBpp0100177	1
7227.FBpp0078008	7227.FBpp0080389	1
7227.FBpp0077309	7227.FBpp0074833	1
7227.FBpp0081599	7227.FBpp0083569	1
7227.FBpp0303191	7227.FBpp0078864	1
7227.FBpp0071373	7227.FBpp0297124	1
7227.FBpp0076872	7227.FBpp0084564	1
7227.FBpp0077070	7227.FBpp0077377	1
7227.FBpp0100182	7227.FBpp0100183	1
7227.FBpp0082511	7227.FBpp0088268	1
7227.FBpp0079031	7227.FBpp0291495	1
7227.FBpp0071591	7227.FBpp0082384	1
7227.FBpp0071808	7227.FBpp0300512	1
7227.FBpp0076470	7227.FBpp0079606	1
7227.FBpp0071137	7227.FBpp0086942	1
7227.FBpp0071688	7227.FBpp0297243	1
7227.FBpp0294002	7227.FBpp0086468	1
7227.FBpp0073739	7227.FBpp0086676	1
7227.FBpp0082232	7227.FBpp0110438	1
7227.FBpp0072957	7227.FBpp0086270	1
7227.FBpp0083802	7227.FBpp0084960	1
7227.FBpp0081153	7227.FBpp0081882	1
7227.FBpp0073906	7227.FBpp0073910	1
7227.FBpp0070878	7227.FBpp0086098	1
7227.FBpp0077396	7227.FBpp0074013	1
7227.FBpp0085615	7227.FBpp0074989	1
7227.FBpp0302052	7227.FBpp0077141	1
7227.FBpp0081356	7227.FBpp0111294	1
7227.FBpp0077836	7227.FBpp0078134	1
7227.FBpp0306219	7227.FBpp0303475	1
7227.FBpp0071808	7227.FBpp0081544	1
7227.FBpp0079946	7227.FBpp0087731	1
7227.FBpp0073471	7227.FBpp0079031	1
7227.FBpp0073316	7227.FBpp0079182	1
7227.FBpp0075752	7227.FBpp0100130	1
7227.FBpp0070766	7227.FBpp0079168	1
7227.FBpp0072446	7227.FBpp0112148	1
7227.FBpp0079470	7227.FBpp0084144	1
7227.FBpp0078894	7227.FBpp0079616	1
7227.FBpp0074288	7227.FBpp0289298	1
7227.FBpp0079182	7227.FBpp0085224	1
7227.FBpp0072674	7227.FBpp0079616	1
7227.FBpp0074661	7227.FBpp0081544	1
7227.FBpp0079607	7227.FBpp0085717	1
7227.FBpp0077363	7227.FBpp0079697	1
7227.FBpp0076756	7227.FBpp0086101	1
7227.FBpp0075839	7227.FBpp0075982	1
7227.FBpp0303456	7227.FBpp0297142	1
7227.FBpp0074661	7227.FBpp0074971	1
7227.FBpp0082319	7227.FBpp0078983	1
7227.FBpp0071970	7227.FBpp0100180	1
7227.FBpp0071136	7227.FBpp0079658	1
7227.FBpp0075759	7227.FBpp0087863	1
7227.FBpp0076872	7227.FBpp0086103	1
7227.FBpp0070766	7227.FBpp0085061	1
7227.FBpp0074249	7227.FBpp0082849	1
7227.FBpp0071459	7227.FBpp0112014	1
7227.FBpp0076207	7227.FBpp0089103	1
7227.FBpp0077909	7227.FBpp0080659	1
7227.FBpp0073173	7227.FBpp0085177	1
7227.FBpp0071771	7227.FBpp0305289	1
7227.FBpp0082412	7227.FBpp0083663	1
7227.FBpp0300552	7227.FBpp0074960	1
7227.FBpp0074608	7227.FBpp0078816	1
7227.FBpp0070175	7227.FBpp0082329	1
7227.FBpp0076589	7227.FBpp0080639	1
7227.FBpp0078433	7227.FBpp0079615	1
7227.FBpp0086270	7227.FBpp0077836	1
7227.FBpp0076122	7227.FBpp0304827	1
7227.FBpp0305387	7227.FBpp0074385	1
7227.FBpp0293360	7227.FBpp0078086	1
7227.FBpp0070650	7227.FBpp0081860	1
7227.FBpp0293226	7227.FBpp0087118	1
7227.FBpp0072659	7227.FBpp0086531	1
7227.FBpp0082384	7227.FBpp0088040	1
7227.FBpp0080675	7227.FBpp0083007	1
7227.FBpp0071295	7227.FBpp0082019	1
7227.FBpp0077114	7227.FBpp0077377	1
7227.FBpp0297362	7227.FBpp0303711	1
7227.FBpp0075612	7227.FBpp0077309	1
7227.FBpp0077790	7227.FBpp0079468	1
7227.FBpp0070716	7227.FBpp0078624	1
7227.FBpp0081322	7227.FBpp0081614	1
7227.FBpp0074288	7227.FBpp0088355	1
7227.FBpp0078756	7227.FBpp0079471	1
7227.FBpp0076599	7227.FBpp0077722	1
7227.FBpp0070650	7227.FBpp0071993	1
7227.FBpp0303456	7227.FBpp0079030	1
7227.FBpp0072094	7227.FBpp0078416	1
7227.FBpp0297223	7227.FBpp0078918	1
7227.FBpp0072446	7227.FBpp0080926	1
7227.FBpp0083658	7227.FBpp0079381	1
7227.FBpp0071088	7227.FBpp0077142	1
7227.FBpp0078375	7227.FBpp0081667	1
7227.FBpp0297566	7227.FBpp0082791	1
7227.FBpp0078532	7227.FBpp0078689	1
7227.FBpp0070143	7227.FBpp0078134	1
7227.FBpp0073996	7227.FBpp0083075	1
7227.FBpp0070894	7227.FBpp0075348	1
7227.FBpp0074910	7227.FBpp0293260	1
7227.FBpp0075633	7227.FBpp0076199	1
7227.FBpp0077141	7227.FBpp0070389	1
7227.FBpp0076124	7227.FBpp0087923	1
7227.FBpp0080496	7227.FBpp0086468	1
7227.FBpp0073558	7227.FBpp0086736	1
7227.FBpp0077011	7227.FBpp0086431	1
7227.FBpp0305600	7227.FBpp0071285	1
7227.FBpp0073739	7227.FBpp0078093	1
7227.FBpp0083573	7227.FBpp0084729	1
7227.FBpp0085121	7227.FBpp0086965	1
7227.FBpp0083075	7227.FBpp0290490	1
7227.FBpp0073969	7227.FBpp0077489	1
7227.FBpp0075283	7227.FBpp0087523	1
7227.FBpp0086101	7227.FBpp0305079	1
7227.FBpp0303531	7227.FBpp0081380	1
7227.FBpp0300512	7227.FBpp0085061	1
7227.FBpp0072085	7227.FBpp0085717	1
7227.FBpp0077453	7227.FBpp0078721	1
7227.FBpp0305470	7227.FBpp0079514	1
7227.FBpp0076949	7227.FBpp0085289	1
7227.FBpp0078205	7227.FBpp0080564	1
7227.FBpp0080051	7227.FBpp0082645	1
7227.FBpp0070279	7227.FBpp0305303	1
7227.FBpp0073719	7227.FBpp0081860	1
7227.FBpp0077363	7227.FBpp0110210	1
7227.FBpp0296949	7227.FBpp0305562	1
7227.FBpp0072094	7227.FBpp0078134	1
7227.FBpp0084191	7227.FBpp0086701	1
7227.FBpp0070859	7227.FBpp0081324	1
7227.FBpp0303191	7227.FBpp0087450	1
7227.FBpp0289465	7227.FBpp0075239	1
7227.FBpp0089138	7227.FBpp0074180	1
7227.FBpp0089130	7227.FBpp0078674	1
7227.FBpp0293236	7227.FBpp0086705	1
7227.FBpp0100177	7227.FBpp0078707	1
7227.FBpp0073459	7227.FBpp0071285	1
7227.FBpp0083440	7227.FBpp0288805	1
7227.FBpp0071049	7227.FBpp0078008	1
7227.FBpp0079443	7227.FBpp0297249	1
7227.FBpp0070709	7227.FBpp0073471	1
7227.FBpp0079611	7227.FBpp0088256	1
7227.FBpp0077718	7227.FBpp0087297	1
7227.FBpp0076005	7227.FBpp0083126	1
7227.FBpp0301225	7227.FBpp0085917	1
7227.FBpp0080111	7227.FBpp0081600	1
7227.FBpp0070301	7227.FBpp0070389	1
7227.FBpp0071295	7227.FBpp0078532	1
7227.FBpp0070878	7227.FBpp0305303	1
7227.FBpp0088488	7227.FBpp0073177	1
7227.FBpp0072232	7227.FBpp0078847	1
7227.FBpp0079443	7227.FBpp0099686	1
7227.FBpp0070476	7227.FBpp0072130	1
7227.FBpp0077353	7227.FBpp0080564	1
7227.FBpp0305010	7227.FBpp0087923	1
7227.FBpp0078416	7227.FBpp0083319	1
7227.FBpp0085415	7227.FBpp0301745	1
7227.FBpp0071461	7227.FBpp0079162	1
7227.FBpp0297239	7227.FBpp0294044	1
7227.FBpp0072658	7227.FBpp0073120	1
7227.FBpp0291671	7227.FBpp0086974	1
7227.FBpp0074005	7227.FBpp0087367	1
7227.FBpp0071365	7227.FBpp0084191	1
7227.FBpp0085717	7227.FBpp0110412	1
7227.FBpp0070859	7227.FBpp0099739	1
7227.FBpp0070885	7227.FBpp0071128	1
7227.FBpp0078354	7227.FBpp0074056	1
7227.FBpp0099990	7227.FBpp0079606	1
7227.FBpp0076232	7227.FBpp0290461	1
7227.FBpp0071259	7227.FBpp0088040	1
7227.FBpp0073950	7227.FBpp0100183	1
7227.FBpp0073386	7227.FBpp0082158	1
7227.FBpp0077125	7227.FBpp0081324	1
7227.FBpp0083663	7227.FBpp0088360	1
7227.FBpp0072094	7227.FBpp0086701	1
7227.FBpp0075982	7227.FBpp0080564	1
7227.FBpp0073626	7227.FBpp0291015	1
7227.FBpp0081263	7227.FBpp0086872	1
7227.FBpp0100183	7227.FBpp0291442	1
7227.FBpp0071888	7227.FBpp0077142	1
7227.FBpp0073298	7227.FBpp0085641	1
7227.FBpp0080389	7227.FBpp0088416	1
7227.FBpp0074246	7227.FBpp0290461	1
7227.FBpp0082645	7227.FBpp0100187	1
7227.FBpp0075761	7227.FBpp0077125	1
7227.FBpp0079752	7227.FBpp0083371	1
7227.FBpp0075504	7227.FBpp0297502	1
7227.FBpp0074554	7227.FBpp0293004	1
7227.FBpp0081822	7227.FBpp0086103	1
7227.FBpp0075612	7227.FBpp0076589	1
7227.FBpp0081458	7227.FBpp0086474	1
7227.FBpp0077316	7227.FBpp0085658	1
7227.FBpp0070859	7227.FBpp0074661	1
7227.FBpp0078416	7227.FBpp0110412	1
7227.FBpp0071970	7227.FBpp0081947	1
7227.FBpp0083078	7227.FBpp0086795	1
7227.FBpp0082980	7227.FBpp0083945	1
7227.FBpp0080628	7227.FBpp0290580	1
7227.FBpp0076207	7227.FBpp0083371	1
7227.FBpp0072094	7227.FBpp0074180	1
7227.FBpp0076124	7227.FBpp0304061	1
7227.FBpp0070279	7227.FBpp0087340	1
7227.FBpp0076872	7227.FBpp0081822	1
7227.FBpp0111906	7227.FBpp0082817	1
7227.FBpp0079471	7227.FBpp0079616	1
7227.FBpp0079182	7227.FBpp0086010	1
7227.FBpp0079396	7227.FBpp0292162	1
7227.FBpp0071034	7227.FBpp0074080	1
7227.FBpp0074717	7227.FBpp0303056	1
7227.FBpp0081528	7227.FBpp0077716	1
7227.FBpp0077125	7227.FBpp0087118	1
7227.FBpp0072687	7227.FBpp0078354	1
7227.FBpp0081380	7227.FBpp0290840	1
7227.FBpp0099990	7227.FBpp0088439	1
7227.FBpp0081234	7227.FBpp0088946	1
7227.FBpp0081822	7227.FBpp0084617	1
7227.FBpp0086852	7227.FBpp0079381	1
7227.FBpp0303128	7227.FBpp0297292	1
7227.FBpp0080102	7227.FBpp0083802	1
7227.FBpp0086872	7227.FBpp0070389	1
7227.FBpp0082767	7227.FBpp0070301	1
7227.FBpp0089374	7227.FBpp0079641	1
7227.FBpp0110412	7227.FBpp0078656	1
7227.FBpp0070119	7227.FBpp0087509	1
7227.FBpp0071198	7227.FBpp0082462	1
7227.FBpp0074269	7227.FBpp0080990	1
7227.FBpp0110421	7227.FBpp0074833	1
7227.FBpp0079757	7227.FBpp0074250	1
7227.FBpp0079880	7227.FBpp0087321	1
7227.FBpp0111906	7227.FBpp0075153	1
7227.FBpp0080990	7227.FBpp0086968	1
7227.FBpp0300512	7227.FBpp0079168	1
7227.FBpp0070150	7227.FBpp0305562	1
7227.FBpp0084966	7227.FBpp0087321	1
7227.FBpp0086251	7227.FBpp0087515	1
7227.FBpp0070150	7227.FBpp0077836	1
7227.FBpp0079611	7227.FBpp0078192	1
7227.FBpp0288528	7227.FBpp0085394	1
7227.FBpp0073906	7227.FBpp0079597	1
7227.FBpp0070430	7227.FBpp0082994	1
7227.FBpp0081102	7227.FBpp0079958	1
7227.FBpp0079443	7227.FBpp0079470	1
7227.FBpp0070650	7227.FBpp0075274	1
7227.FBpp0297362	7227.FBpp0289817	1
7227.FBpp0110573	7227.FBpp0074013	1
7227.FBpp0086103	7227.FBpp0086252	1
7227.FBpp0084561	7227.FBpp0074691	1
7227.FBpp0075068	7227.FBpp0083843	1
7227.FBpp0076819	7227.FBpp0079704	1
7227.FBpp0076238	7227.FBpp0078694	1
7227.FBpp0082459	7227.FBpp0081344	1
7227.FBpp0071497	7227.FBpp0085165	1
7227.FBpp0071753	7227.FBpp0073906	1
7227.FBpp0076326	7227.FBpp0302953	1
7227.FBpp0071250	7227.FBpp0073686	1
7227.FBpp0075631	7227.FBpp0077885	1
7227.FBpp0077802	7227.FBpp0099986	1
7227.FBpp0082817	7227.FBpp0111448	1
7227.FBpp0074481	7227.FBpp0083570	1
7227.FBpp0084906	7227.FBpp0297124	1
7227.FBpp0100182	7227.FBpp0100184	1
7227.FBpp0074284	7227.FBpp0087765	1
7227.FBpp0087733	7227.FBpp0078192	1
7227.FBpp0081544	7227.FBpp0112122	1
7227.FBpp0071587	7227.FBpp0078532	1
7227.FBpp0083801	7227.FBpp0084909	1
7227.FBpp0071250	7227.FBpp0305348	1
7227.FBpp0071046	7227.FBpp0080639	1
7227.FBpp0083607	7227.FBpp0070136	1
7227.FBpp0071250	7227.FBpp0087312	1
7227.FBpp0070351	7227.FBpp0076329	1
7227.FBpp0078416	7227.FBpp0078656	1
7227.FBpp0298022	7227.FBpp0084382	1
7227.FBpp0071766	7227.FBpp0072687	1
7227.FBpp0292339	7227.FBpp0083377	1
7227.FBpp0081484	7227.FBpp0083581	1
7227.FBpp0083168	7227.FBpp0083962	1
7227.FBpp0075561	7227.FBpp0100124	1
7227.FBpp0071448	7227.FBpp0074215	1
7227.FBpp0305722	7227.FBpp0083569	1
7227.FBpp0081879	7227.FBpp0088439	1
7227.FBpp0081263	7227.FBpp0302048	1
7227.FBpp0073338	7227.FBpp0076949	1
7227.FBpp0070150	7227.FBpp0303728	1
7227.FBpp0071062	7227.FBpp0085641	1
7227.FBpp0070871	7227.FBpp0304794	1
7227.FBpp0083485	7227.FBpp0303221	1
7227.FBpp0070638	7227.FBpp0290742	1
7227.FBpp0080639	7227.FBpp0110412	1
7227.FBpp0079597	7227.FBpp0070301	1
7227.FBpp0076990	7227.FBpp0079306	1
7227.FBpp0073910	7227.FBpp0079304	1
7227.FBpp0075605	7227.FBpp0291081	1
7227.FBpp0304772	7227.FBpp0072145	1
7227.FBpp0070766	7227.FBpp0078134	1
7227.FBpp0076207	7227.FBpp0078689	1
7227.FBpp0077676	7227.FBpp0293226	1
7227.FBpp0073604	7227.FBpp0074419	1
7227.FBpp0075631	7227.FBpp0088016	1
7227.FBpp0086701	7227.FBpp0078807	1
7227.FBpp0083893	7227.FBpp0084113	1
7227.FBpp0071846	7227.FBpp0293236	1
7227.FBpp0082019	7227.FBpp0085334	1
7227.FBpp0082511	7227.FBpp0091155	1
7227.FBpp0075504	7227.FBpp0078400	1
7227.FBpp0087312	7227.FBpp0292148	1
7227.FBpp0077896	7227.FBpp0078598	1
7227.FBpp0074788	7227.FBpp0110147	1
7227.FBpp0086400	7227.FBpp0079381	1
7227.FBpp0071049	7227.FBpp0082121	1
7227.FBpp0293236	7227.FBpp0271779	1
7227.FBpp0071771	7227.FBpp0075425	1
7227.FBpp0079833	7227.FBpp0083076	1
7227.FBpp0078349	7227.FBpp0297347	1
7227.FBpp0073719	7227.FBpp0110438	1
7227.FBpp0074284	7227.FBpp0077401	1
7227.FBpp0074856	7227.FBpp0297243	1
7227.FBpp0072094	7227.FBpp0087609	1
7227.FBpp0074641	7227.FBpp0085873	1
7227.FBpp0072053	7227.FBpp0087726	1
7227.FBpp0083502	7227.FBpp0088691	1
7227.FBpp0074608	7227.FBpp0079641	1
7227.FBpp0083434	7227.FBpp0087127	1
7227.FBpp0084960	7227.FBpp0088439	1
7227.FBpp0070279	7227.FBpp0081845	1
7227.FBpp0073558	7227.FBpp0081488	1
7227.FBpp0072164	7227.FBpp0304236	1
7227.FBpp0073173	7227.FBpp0084614	1
7227.FBpp0304772	7227.FBpp0078315	1
7227.FBpp0071994	7227.FBpp0086519	1
7227.FBpp0081544	7227.FBpp0305286	1
7227.FBpp0081845	7227.FBpp0081879	1
7227.FBpp0071771	7227.FBpp0074104	1
7227.FBpp0072446	7227.FBpp0087935	1
7227.FBpp0072975	7227.FBpp0303490	1
7227.FBpp0078532	7227.FBpp0087475	1
7227.FBpp0081001	7227.FBpp0289465	1
7227.FBpp0074237	7227.FBpp0091155	1
7227.FBpp0075754	7227.FBpp0099990	1
7227.FBpp0085224	7227.FBpp0078983	1
7227.FBpp0084113	7227.FBpp0073621	1
7227.FBpp0305514	7227.FBpp0082797	1
7227.FBpp0074519	7227.FBpp0078448	1
7227.FBpp0083646	7227.FBpp0086812	1
7227.FBpp0075941	7227.FBpp0081384	1
7227.FBpp0303531	7227.FBpp0087340	1
7227.FBpp0304236	7227.FBpp0078673	1
7227.FBpp0073448	7227.FBpp0293167	1
7227.FBpp0072801	7227.FBpp0083377	1
7227.FBpp0078055	7227.FBpp0080872	1
7227.FBpp0082790	7227.FBpp0083502	1
7227.FBpp0084103	7227.FBpp0305611	1
7227.FBpp0078992	7227.FBpp0082253	1
7227.FBpp0071365	7227.FBpp0071766	1
7227.FBpp0073228	7227.FBpp0297347	1
7227.FBpp0071808	7227.FBpp0076872	1
7227.FBpp0078159	7227.FBpp0086159	1
7227.FBpp0072687	7227.FBpp0076207	1
7227.FBpp0079182	7227.FBpp0081305	1
7227.FBpp0072204	7227.FBpp0072438	1
7227.FBpp0073007	7227.FBpp0084842	1
7227.FBpp0077142	7227.FBpp0304260	1
7227.FBpp0073906	7227.FBpp0081860	1
7227.FBpp0073777	7227.FBpp0083570	1
7227.FBpp0076872	7227.FBpp0086270	1
7227.FBpp0073228	7227.FBpp0071373	1
7227.FBpp0077698	7227.FBpp0079443	1
7227.FBpp0081491	7227.FBpp0087883	1
7227.FBpp0075504	7227.FBpp0077272	1
7227.FBpp0070561	7227.FBpp0079780	1
7227.FBpp0073502	7227.FBpp0297299	1
7227.FBpp0070355	7227.FBpp0074664	1
7227.FBpp0072050	7227.FBpp0083617	1
7227.FBpp0076003	7227.FBpp0076756	1
7227.FBpp0076207	7227.FBpp0087119	1
7227.FBpp0075754	7227.FBpp0084564	1
7227.FBpp0071142	7227.FBpp0076990	1
7227.FBpp0074512	7227.FBpp0076303	1
7227.FBpp0088439	7227.FBpp0305723	1
7227.FBpp0293226	7227.FBpp0079668	1
7227.FBpp0076869	7227.FBpp0079732	1
7227.FBpp0085255	7227.FBpp0087935	1
7227.FBpp0075759	7227.FBpp0071285	1
7227.FBpp0077081	7227.FBpp0084564	1
7227.FBpp0082667	7227.FBpp0294012	1
7227.FBpp0085121	7227.FBpp0288404	1
7227.FBpp0076756	7227.FBpp0077778	1
7227.FBpp0071587	7227.FBpp0099990	1
7227.FBpp0073230	7227.FBpp0072361	1
7227.FBpp0077218	7227.FBpp0290580	1
7227.FBpp0072132	7227.FBpp0081435	1
7227.FBpp0073996	7227.FBpp0075504	1
7227.FBpp0297243	7227.FBpp0083434	1
7227.FBpp0071543	7227.FBpp0288698	1
7227.FBpp0077694	7227.FBpp0075239	1
7227.FBpp0070279	7227.FBpp0082994	1
7227.FBpp0079306	7227.FBpp0303780	1
7227.FBpp0084591	7227.FBpp0305303	1
7227.FBpp0080564	7227.FBpp0084067	1
7227.FBpp0075348	7227.FBpp0080281	1
7227.FBpp0084616	7227.FBpp0086531	1
7227.FBpp0301225	7227.FBpp0080121	1
7227.FBpp0084729	7227.FBpp0086096	1
7227.FBpp0071543	7227.FBpp0087765	1
7227.FBpp0081845	7227.FBpp0087321	1
7227.FBpp0071023	7227.FBpp0084896	1
7227.FBpp0076872	7227.FBpp0079536	1
7227.FBpp0072146	7227.FBpp0085961	1
7227.FBpp0073018	7227.FBpp0083769	1
7227.FBpp0075713	7227.FBpp0084133	1
7227.FBpp0081380	7227.FBpp0082232	1
7227.FBpp0086485	7227.FBpp0303249	1
7227.FBpp0080920	7227.FBpp0293344	1
7227.FBpp0085917	7227.FBpp0293514	1
7227.FBpp0070719	7227.FBpp0087645	1
7227.FBpp0074104	7227.FBpp0075941	1
7227.FBpp0073292	7227.FBpp0075952	1
7227.FBpp0083740	7227.FBpp0086736	1
7227.FBpp0081305	7227.FBpp0082817	1
7227.FBpp0100175	7227.FBpp0271773	1
7227.FBpp0086898	7227.FBpp0303551	1
7227.FBpp0306190	7227.FBpp0305141	1
7227.FBpp0077198	7227.FBpp0110210	1
7227.FBpp0083354	7227.FBpp0297284	1
7227.FBpp0070719	7227.FBpp0075239	1
7227.FBpp0075250	7227.FBpp0076380	1
7227.FBpp0293226	7227.FBpp0082515	1
7227.FBpp0081524	7227.FBpp0081882	1
7227.FBpp0071497	7227.FBpp0074833	1
7227.FBpp0077309	7227.FBpp0084960	1
7227.FBpp0074278	7227.FBpp0076869	1
7227.FBpp0075119	7227.FBpp0089041	1
7227.FBpp0076589	7227.FBpp0079880	1
7227.FBpp0291479	7227.FBpp0288404	1
7227.FBpp0089138	7227.FBpp0074075	1
7227.FBpp0074431	7227.FBpp0297362	1
7227.FBpp0077218	7227.FBpp0078962	1
7227.FBpp0076879	7227.FBpp0083007	1
7227.FBpp0071248	7227.FBpp0080111	1
7227.FBpp0071993	7227.FBpp0291479	1
7227.FBpp0071381	7227.FBpp0292096	1
7227.FBpp0075676	7227.FBpp0078894	1
7227.FBpp0072503	7227.FBpp0079833	1
7227.FBpp0076789	7227.FBpp0290461	1
7227.FBpp0087094	7227.FBpp0293269	1
7227.FBpp0305562	7227.FBpp0082483	1
7227.FBpp0082680	7227.FBpp0084575	1
7227.FBpp0082979	7227.FBpp0086115	1
7227.FBpp0070894	7227.FBpp0078693	1
7227.FBpp0072085	7227.FBpp0077309	1
7227.FBpp0082973	7227.FBpp0305286	1
7227.FBpp0070894	7227.FBpp0074856	1
7227.FBpp0083802	7227.FBpp0111448	1
7227.FBpp0071681	7227.FBpp0071931	1
7227.FBpp0079443	7227.FBpp0293061	1
7227.FBpp0081324	7227.FBpp0088946	1
7227.FBpp0076003	7227.FBpp0080121	1
7227.FBpp0076872	7227.FBpp0110421	1
7227.FBpp0072094	7227.FBpp0291653	1
7227.FBpp0071142	7227.FBpp0079470	1
7227.FBpp0290450	7227.FBpp0301075	1
7227.FBpp0305514	7227.FBpp0082326	1
7227.FBpp0079607	7227.FBpp0081001	1
7227.FBpp0075684	7227.FBpp0084113	1
7227.FBpp0071825	7227.FBpp0076819	1
7227.FBpp0080488	7227.FBpp0111448	1
7227.FBpp0071753	7227.FBpp0082232	1
7227.FBpp0087094	7227.FBpp0071285	1
7227.FBpp0070651	7227.FBpp0075395	1
7227.FBpp0086531	7227.FBpp0291479	1
7227.FBpp0081380	7227.FBpp0085121	1
7227.FBpp0070349	7227.FBpp0088360	1
7227.FBpp0099990	7227.FBpp0083377	1
7227.FBpp0089141	7227.FBpp0072957	1
7227.FBpp0082384	7227.FBpp0083893	1
7227.FBpp0070242	7227.FBpp0089133	1
7227.FBpp0077022	7227.FBpp0081641	1
7227.FBpp0078205	7227.FBpp0080872	1
7227.FBpp0073971	7227.FBpp0082477	1
7227.FBpp0078055	7227.FBpp0079164	1
7227.FBpp0082980	7227.FBpp0112463	1
7227.FBpp0111906	7227.FBpp0077396	1
7227.FBpp0293124	7227.FBpp0070731	1
7227.FBpp0297299	7227.FBpp0076428	1
7227.FBpp0074180	7227.FBpp0085586	1
7227.FBpp0075690	7227.FBpp0078593	1
7227.FBpp0077896	7227.FBpp0087704	1
7227.FBpp0072145	7227.FBpp0075124	1
7227.FBpp0303456	7227.FBpp0078864	1
7227.FBpp0303518	7227.FBpp0082790	1
7227.FBpp0074554	7227.FBpp0082540	1
7227.FBpp0293796	7227.FBpp0079233	1
7227.FBpp0071235	7227.FBpp0073572	1
7227.FBpp0087553	7227.FBpp0070501	1
7227.FBpp0081263	7227.FBpp0070389	1
7227.FBpp0073674	7227.FBpp0074250	1
7227.FBpp0075839	7227.FBpp0082384	1
7227.FBpp0078662	7227.FBpp0080330	1
7227.FBpp0070950	7227.FBpp0082645	1
7227.FBpp0075631	7227.FBpp0081263	1
7227.FBpp0080890	7227.FBpp0083441	1
7227.FBpp0305562	7227.FBpp0084564	1
7227.FBpp0071766	7227.FBpp0081380	1
7227.FBpp0087511	7227.FBpp0087865	1
7227.FBpp0076124	7227.FBpp0086712	1
7227.FBpp0081324	7227.FBpp0086252	1
7227.FBpp0078664	7227.FBpp0082062	1
7227.FBpp0071835	7227.FBpp0087923	1
7227.FBpp0070894	7227.FBpp0085890	1
7227.FBpp0072096	7227.FBpp0075620	1
7227.FBpp0081488	7227.FBpp0082314	1
7227.FBpp0073524	7227.FBpp0080401	1
7227.FBpp0079680	7227.FBpp0080401	1
7227.FBpp0075684	7227.FBpp0081324	1
7227.FBpp0074237	7227.FBpp0302532	1
7227.FBpp0290578	7227.FBpp0082274	1
7227.FBpp0301061	7227.FBpp0086226	1
7227.FBpp0076723	7227.FBpp0079471	1
7227.FBpp0082865	7227.FBpp0079704	1
7227.FBpp0071771	7227.FBpp0082767	1
7227.FBpp0076738	7227.FBpp0076918	1
7227.FBpp0080391	7227.FBpp0085530	1
7227.FBpp0070143	7227.FBpp0080401	1
7227.FBpp0077210	7227.FBpp0081683	1
7227.FBpp0085586	7227.FBpp0086627	1
7227.FBpp0071892	7227.FBpp0088242	1
7227.FBpp0071140	7227.FBpp0085177	1
7227.FBpp0099686	7227.FBpp0289148	1
7227.FBpp0071970	7227.FBpp0297223	1
7227.FBpp0071954	7227.FBpp0079538	1
7227.FBpp0072216	7227.FBpp0078996	1
7227.FBpp0085679	7227.FBpp0078983	1
7227.FBpp0071825	7227.FBpp0079641	1
7227.FBpp0071459	7227.FBpp0078662	1
7227.FBpp0075631	7227.FBpp0080401	1
7227.FBpp0080255	7227.FBpp0088422	1
7227.FBpp0304443	7227.FBpp0087312	1
7227.FBpp0070143	7227.FBpp0303780	1
7227.FBpp0296949	7227.FBpp0074833	1
7227.FBpp0075348	7227.FBpp0290353	1
7227.FBpp0084966	7227.FBpp0086701	1
7227.FBpp0099686	7227.FBpp0291653	1
7227.FBpp0078694	7227.FBpp0082540	1
7227.FBpp0076359	7227.FBpp0081324	1
7227.FBpp0100179	7227.FBpp0088250	1
7227.FBpp0087485	7227.FBpp0100180	1
7227.FBpp0305148	7227.FBpp0087590	1
7227.FBpp0078694	7227.FBpp0079041	1
7227.FBpp0079641	7227.FBpp0100124	1
7227.FBpp0077363	7227.FBpp0079745	1
7227.FBpp0078694	7227.FBpp0288404	1
7227.FBpp0099739	7227.FBpp0293061	1
7227.FBpp0304873	7227.FBpp0088268	1
7227.FBpp0085165	7227.FBpp0087511	1
7227.FBpp0078758	7227.FBpp0082511	1
7227.FBpp0070355	7227.FBpp0076849	1
7227.FBpp0084113	7227.FBpp0079668	1
7227.FBpp0080817	7227.FBpp0086267	1
7227.FBpp0070766	7227.FBpp0301604	1
