10090.ENSMUSP00000010201	10090.ENSMUSP00000026833	1
10090.ENSMUSP00000021715	10090.ENSMUSP00000078490	1
10090.ENSMUSP00000119988	10090.ENSMUSP00000058599	1
10090.ENSMUSP00000087477	10090.ENSMUSP00000068487	1
10090.ENSMUSP00000023709	10090.ENSMUSP00000023712	1
10090.ENSMUSP00000000305	10090.ENSMUSP00000068487	1
10090.ENSMUSP00000015816	10090.ENSMUSP00000039784	1
10090.ENSMUSP00000054490	10090.ENSMUSP00000103940	1
10090.ENSMUSP00000121533	10090.ENSMUSP00000067783	1
10090.ENSMUSP00000049175	10090.ENSMUSP00000139377	1
10090.ENSMUSP00000031670	10090.ENSMUSP00000041047	1
10090.ENSMUSP00000112884	10090.ENSMUSP00000103366	1
10090.ENSMUSP00000086987	10090.ENSMUSP00000099488	1
10090.ENSMUSP00000032997	10090.ENSMUSP00000123919	1
10090.ENSMUSP00000027744	10090.ENSMUSP00000099534	1
10090.ENSMUSP00000019576	10090.ENSMUSP00000139568	1
10090.ENSMUSP00000097747	10090.ENSMUSP00000137542	1
10090.ENSMUSP00000002198	10090.ENSMUSP00000110832	1
10090.ENSMUSP00000000572	10090.ENSMUSP00000104233	1
10090.ENSMUSP00000061913	10090.ENSMUSP00000133244	1
10090.ENSMUSP00000002551	10090.ENSMUSP00000043662	1
10090.ENSMUSP00000108849	10090.ENSMUSP00000103828	1
10090.ENSMUSP00000023514	10090.ENSMUSP00000080992	1
10090.ENSMUSP00000032143	10090.ENSMUSP00000044751	1
10090.ENSMUSP00000043462	10090.ENSMUSP00000090958	1
10090.ENSMUSP00000066866	10090.ENSMUSP00000103299	1
10090.ENSMUSP00000029679	10090.ENSMUSP00000106215	1
10090.ENSMUSP00000043111	10090.ENSMUSP00000073880	1
10090.ENSMUSP00000032143	10090.ENSMUSP00000032440	1
10090.ENSMUSP00000043543	10090.ENSMUSP00000066303	1
10090.ENSMUSP00000062256	10090.ENSMUSP00000140441	1
10090.ENSMUSP00000086852	10090.ENSMUSP00000120418	1
10090.ENSMUSP00000064840	10090.ENSMUSP00000003219	1
10090.ENSMUSP00000026217	10090.ENSMUSP00000103819	1
10090.ENSMUSP00000053157	10090.ENSMUSP00000126481	1
10090.ENSMUSP00000031103	10090.ENSMUSP00000121869	1
10090.ENSMUSP00000022030	10090.ENSMUSP00000065645	1
10090.ENSMUSP00000079340	10090.ENSMUSP00000120528	1
10090.ENSMUSP00000006435	10090.ENSMUSP00000107627	1
10090.ENSMUSP00000008812	10090.ENSMUSP00000115919	1
10090.ENSMUSP00000031024	10090.ENSMUSP00000043561	1
10090.ENSMUSP00000000090	10090.ENSMUSP00000021993	1
10090.ENSMUSP00000009003	10090.ENSMUSP00000118363	1
10090.ENSMUSP00000124950	10090.ENSMUSP00000086987	1
10090.ENSMUSP00000074160	10090.ENSMUSP00000126565	1
10090.ENSMUSP00000135672	10090.ENSMUSP00000121624	1
10090.ENSMUSP00000029975	10090.ENSMUSP00000067897	1
10090.ENSMUSP00000112884	10090.ENSMUSP00000069238	1
10090.ENSMUSP00000066210	10090.ENSMUSP00000097258	1
10090.ENSMUSP00000009392	10090.ENSMUSP00000020974	1
10090.ENSMUSP00000100997	10090.ENSMUSP00000102211	1
10090.ENSMUSP00000009679	10090.ENSMUSP00000039065	1
10090.ENSMUSP00000034992	10090.ENSMUSP00000101140	1
10090.ENSMUSP00000030404	10090.ENSMUSP00000116478	1
10090.ENSMUSP00000039568	10090.ENSMUSP00000069529	1
10090.ENSMUSP00000026142	10090.ENSMUSP00000078641	1
10090.ENSMUSP00000042181	10090.ENSMUSP00000051887	1
10090.ENSMUSP00000114829	10090.ENSMUSP00000118725	1
10090.ENSMUSP00000003642	10090.ENSMUSP00000026479	1
10090.ENSMUSP00000062588	10090.ENSMUSP00000096847	1
10090.ENSMUSP00000032997	10090.ENSMUSP00000060828	1
10090.ENSMUSP00000083393	10090.ENSMUSP00000097714	1
10090.ENSMUSP00000021864	10090.ENSMUSP00000032168	1
10090.ENSMUSP00000034405	10090.ENSMUSP00000126481	1
10090.ENSMUSP00000008517	10090.ENSMUSP00000033433	1
10090.ENSMUSP00000007482	10090.ENSMUSP00000048078	1
10090.ENSMUSP00000044582	10090.ENSMUSP00000136975	1
10090.ENSMUSP00000023036	10090.ENSMUSP00000139675	1
10090.ENSMUSP00000073880	10090.ENSMUSP00000139467	1
10090.ENSMUSP00000068148	10090.ENSMUSP00000086923	1
10090.ENSMUSP00000034411	10090.ENSMUSP00000036585	1
10090.ENSMUSP00000020550	10090.ENSMUSP00000132751	1
10090.ENSMUSP00000038221	10090.ENSMUSP00000026665	1
10090.ENSMUSP00000134007	10090.ENSMUSP00000071035	1
10090.ENSMUSP00000049722	10090.ENSMUSP00000128889	1
10090.ENSMUSP00000060346	10090.ENSMUSP00000070345	1
10090.ENSMUSP00000102047	10090.ENSMUSP00000112451	1
10090.ENSMUSP00000122747	10090.ENSMUSP00000137416	1
10090.ENSMUSP00000133121	10090.ENSMUSP00000023449	1
10090.ENSMUSP00000128710	10090.ENSMUSP00000125691	1
10090.ENSMUSP00000030536	10090.ENSMUSP00000108749	1
10090.ENSMUSP00000017821	10090.ENSMUSP00000140083	1
10090.ENSMUSP00000000365	10090.ENSMUSP00000038352	1
10090.ENSMUSP00000114247	10090.ENSMUSP00000109158	1
10090.ENSMUSP00000020683	10090.ENSMUSP00000107779	1
10090.ENSMUSP00000136328	10090.ENSMUSP00000106895	1
10090.ENSMUSP00000000058	10090.ENSMUSP00000041636	1
10090.ENSMUSP00000027256	10090.ENSMUSP00000112283	1
10090.ENSMUSP00000104726	10090.ENSMUSP00000021380	1
10090.ENSMUSP00000078207	10090.ENSMUSP00000100771	1
10090.ENSMUSP00000020681	10090.ENSMUSP00000086923	1
10090.ENSMUSP00000022256	10090.ENSMUSP00000033008	1
10090.ENSMUSP00000003575	10090.ENSMUSP00000048218	1
10090.ENSMUSP00000031640	10090.ENSMUSP00000034411	1
10090.ENSMUSP00000114959	10090.ENSMUSP00000070728	1
10090.ENSMUSP00000031670	10090.ENSMUSP00000043552	1
10090.ENSMUSP00000030622	10090.ENSMUSP00000116478	1
10090.ENSMUSP00000119392	10090.ENSMUSP00000060912	1
10090.ENSMUSP00000032735	10090.ENSMUSP00000068103	1
10090.ENSMUSP00000118998	10090.ENSMUSP00000111301	1
10090.ENSMUSP00000034738	10090.ENSMUSP00000078388	1
10090.ENSMUSP00000059395	10090.ENSMUSP00000126294	1
10090.ENSMUSP00000001416	10090.ENSMUSP00000019287	1
10090.ENSMUSP00000119523	10090.ENSMUSP00000090797	1
10090.ENSMUSP00000071048	10090.ENSMUSP00000141111	1
10090.ENSMUSP00000022791	10090.ENSMUSP00000038813	1
10090.ENSMUSP00000015816	10090.ENSMUSP00000125656	1
10090.ENSMUSP00000030814	10090.ENSMUSP00000097547	1
10090.ENSMUSP00000046016	10090.ENSMUSP00000079340	1
10090.ENSMUSP00000020657	10090.ENSMUSP00000028767	1
10090.ENSMUSP00000103181	10090.ENSMUSP00000043111	1
10090.ENSMUSP00000096541	10090.ENSMUSP00000106999	1
10090.ENSMUSP00000078388	10090.ENSMUSP00000083973	1
10090.ENSMUSP00000118333	10090.ENSMUSP00000131029	1
10090.ENSMUSP00000027931	10090.ENSMUSP00000099909	1
10090.ENSMUSP00000099435	10090.ENSMUSP00000126345	1
10090.ENSMUSP00000102363	10090.ENSMUSP00000022256	1
10090.ENSMUSP00000116973	10090.ENSMUSP00000137472	1
10090.ENSMUSP00000030665	10090.ENSMUSP00000129728	1
10090.ENSMUSP00000000342	10090.ENSMUSP00000047646	1
10090.ENSMUSP00000021734	10090.ENSMUSP00000047774	1
10090.ENSMUSP00000021891	10090.ENSMUSP00000108030	1
10090.ENSMUSP00000017974	10090.ENSMUSP00000079198	1
10090.ENSMUSP00000118239	10090.ENSMUSP00000090382	1
10090.ENSMUSP00000033809	10090.ENSMUSP00000131163	1
10090.ENSMUSP00000138184	10090.ENSMUSP00000114564	1
10090.ENSMUSP00000029987	10090.ENSMUSP00000138634	1
10090.ENSMUSP00000023036	10090.ENSMUSP00000104144	1
10090.ENSMUSP00000023559	10090.ENSMUSP00000049132	1
10090.ENSMUSP00000118568	10090.ENSMUSP00000060844	1
10090.ENSMUSP00000038450	10090.ENSMUSP00000069078	1
10090.ENSMUSP00000034803	10090.ENSMUSP00000107764	1
10090.ENSMUSP00000028619	10090.ENSMUSP00000122565	1
10090.ENSMUSP00000000028	10090.ENSMUSP00000123780	1
10090.ENSMUSP00000043111	10090.ENSMUSP00000130722	1
10090.ENSMUSP00000028511	10090.ENSMUSP00000109531	1
10090.ENSMUSP00000099909	10090.ENSMUSP00000132751	1
10090.ENSMUSP00000005923	10090.ENSMUSP00000035808	1
10090.ENSMUSP00000046441	10090.ENSMUSP00000066210	1
10090.ENSMUSP00000003521	10090.ENSMUSP00000119975	1
10090.ENSMUSP00000038305	10090.ENSMUSP00000099325	1
10090.ENSMUSP00000044568	10090.ENSMUSP00000137472	1
10090.ENSMUSP00000132110	10090.ENSMUSP00000107395	1
10090.ENSMUSP00000102047	10090.ENSMUSP00000130722	1
10090.ENSMUSP00000090585	10090.ENSMUSP00000099909	1
10090.ENSMUSP00000109313	10090.ENSMUSP00000064515	1
10090.ENSMUSP00000030404	10090.ENSMUSP00000078207	1
10090.ENSMUSP00000060398	10090.ENSMUSP00000044137	1
10090.ENSMUSP00000015157	10090.ENSMUSP00000050153	1
10090.ENSMUSP00000104489	10090.ENSMUSP00000132976	1
10090.ENSMUSP00000116828	10090.ENSMUSP00000123596	1
10090.ENSMUSP00000095924	10090.ENSMUSP00000028241	1
10090.ENSMUSP00000022245	10090.ENSMUSP00000043561	1
10090.ENSMUSP00000113731	10090.ENSMUSP00000065679	1
10090.ENSMUSP00000046016	10090.ENSMUSP00000128416	1
10090.ENSMUSP00000026569	10090.ENSMUSP00000104298	1
10090.ENSMUSP00000020361	10090.ENSMUSP00000114095	1
10090.ENSMUSP00000049882	10090.ENSMUSP00000140225	1
10090.ENSMUSP00000062476	10090.ENSMUSP00000071202	1
10090.ENSMUSP00000113541	10090.ENSMUSP00000101860	1
10090.ENSMUSP00000019911	10090.ENSMUSP00000053046	1
10090.ENSMUSP00000136233	10090.ENSMUSP00000033809	1
10090.ENSMUSP00000112411	10090.ENSMUSP00000027933	1
10090.ENSMUSP00000120843	10090.ENSMUSP00000107779	1
10090.ENSMUSP00000002733	10090.ENSMUSP00000021674	1
10090.ENSMUSP00000115705	10090.ENSMUSP00000057238	1
10090.ENSMUSP00000113294	10090.ENSMUSP00000115020	1
10090.ENSMUSP00000120496	10090.ENSMUSP00000099702	1
10090.ENSMUSP00000004379	10090.ENSMUSP00000034827	1
10090.ENSMUSP00000020278	10090.ENSMUSP00000139347	1
10090.ENSMUSP00000136419	10090.ENSMUSP00000041702	1
10090.ENSMUSP00000026479	10090.ENSMUSP00000035826	1
10090.ENSMUSP00000138466	10090.ENSMUSP00000137631	1
10090.ENSMUSP00000000137	10090.ENSMUSP00000139867	1
10090.ENSMUSP00000117732	10090.ENSMUSP00000120214	1
10090.ENSMUSP00000001485	10090.ENSMUSP00000110445	1
10090.ENSMUSP00000044048	10090.ENSMUSP00000106519	1
10090.ENSMUSP00000138247	10090.ENSMUSP00000091238	1
10090.ENSMUSP00000021692	10090.ENSMUSP00000138181	1
10090.ENSMUSP00000075140	10090.ENSMUSP00000133461	1
10090.ENSMUSP00000130492	10090.ENSMUSP00000066210	1
10090.ENSMUSP00000115424	10090.ENSMUSP00000130636	1
10090.ENSMUSP00000042509	10090.ENSMUSP00000082548	1
10090.ENSMUSP00000106443	10090.ENSMUSP00000132924	1
10090.ENSMUSP00000106950	10090.ENSMUSP00000023085	1
10090.ENSMUSP00000017620	10090.ENSMUSP00000116895	1
10090.ENSMUSP00000032723	10090.ENSMUSP00000133244	1
10090.ENSMUSP00000021669	10090.ENSMUSP00000038580	1
10090.ENSMUSP00000038221	10090.ENSMUSP00000117987	1
10090.ENSMUSP00000099541	10090.ENSMUSP00000133642	1
10090.ENSMUSP00000133910	10090.ENSMUSP00000110001	1
10090.ENSMUSP00000038056	10090.ENSMUSP00000117524	1
10090.ENSMUSP00000004786	10090.ENSMUSP00000121007	1
10090.ENSMUSP00000025691	10090.ENSMUSP00000121565	1
10090.ENSMUSP00000075226	10090.ENSMUSP00000095322	1
10090.ENSMUSP00000119335	10090.ENSMUSP00000123780	1
10090.ENSMUSP00000051223	10090.ENSMUSP00000083192	1
10090.ENSMUSP00000029463	10090.ENSMUSP00000034865	1
10090.ENSMUSP00000002303	10090.ENSMUSP00000090886	1
10090.ENSMUSP00000034408	10090.ENSMUSP00000110760	1
10090.ENSMUSP00000037783	10090.ENSMUSP00000071202	1
10090.ENSMUSP00000105323	10090.ENSMUSP00000070983	1
10090.ENSMUSP00000138613	10090.ENSMUSP00000128195	1
10090.ENSMUSP00000020908	10090.ENSMUSP00000034742	1
10090.ENSMUSP00000021734	10090.ENSMUSP00000063660	1
10090.ENSMUSP00000047700	10090.ENSMUSP00000109815	1
10090.ENSMUSP00000030942	10090.ENSMUSP00000129492	1
10090.ENSMUSP00000112411	10090.ENSMUSP00000025393	1
10090.ENSMUSP00000046506	10090.ENSMUSP00000060523	1
10090.ENSMUSP00000133696	10090.ENSMUSP00000062333	1
10090.ENSMUSP00000029559	10090.ENSMUSP00000066743	1
10090.ENSMUSP00000119293	10090.ENSMUSP00000098333	1
10090.ENSMUSP00000134107	10090.ENSMUSP00000121201	1
10090.ENSMUSP00000069624	10090.ENSMUSP00000121138	1
10090.ENSMUSP00000020640	10090.ENSMUSP00000038352	1
10090.ENSMUSP00000071763	10090.ENSMUSP00000138884	1
10090.ENSMUSP00000070325	10090.ENSMUSP00000035366	1
10090.ENSMUSP00000120137	10090.ENSMUSP00000055535	1
10090.ENSMUSP00000110629	10090.ENSMUSP00000117630	1
10090.ENSMUSP00000031637	10090.ENSMUSP00000119625	1
10090.ENSMUSP00000121464	10090.ENSMUSP00000040756	1
10090.ENSMUSP00000028668	10090.ENSMUSP00000059395	1
10090.ENSMUSP00000007005	10090.ENSMUSP00000120976	1
10090.ENSMUSP00000006760	10090.ENSMUSP00000029866	1
10090.ENSMUSP00000038450	10090.ENSMUSP00000113645	1
10090.ENSMUSP00000042204	10090.ENSMUSP00000099428	1
10090.ENSMUSP00000112133	10090.ENSMUSP00000049284	1
10090.ENSMUSP00000030279	10090.ENSMUSP00000059947	1
10090.ENSMUSP00000001818	10090.ENSMUSP00000057238	1
10090.ENSMUSP00000118780	10090.ENSMUSP00000078580	1
10090.ENSMUSP00000022286	10090.ENSMUSP00000140457	1
10090.ENSMUSP00000115037	10090.ENSMUSP00000119203	1
10090.ENSMUSP00000047950	10090.ENSMUSP00000137472	1
10090.ENSMUSP00000004786	10090.ENSMUSP00000118619	1
10090.ENSMUSP00000023117	10090.ENSMUSP00000042658	1
10090.ENSMUSP00000022663	10090.ENSMUSP00000130759	1
10090.ENSMUSP00000004072	10090.ENSMUSP00000119975	1
10090.ENSMUSP00000081000	10090.ENSMUSP00000081002	1
10090.ENSMUSP00000030734	10090.ENSMUSP00000049722	1
10090.ENSMUSP00000020576	10090.ENSMUSP00000050374	1
10090.ENSMUSP00000126913	10090.ENSMUSP00000137820	1
10090.ENSMUSP00000108602	10090.ENSMUSP00000040741	1
10090.ENSMUSP00000025053	10090.ENSMUSP00000098616	1
10090.ENSMUSP00000119076	10090.ENSMUSP00000121845	1
10090.ENSMUSP00000031695	10090.ENSMUSP00000139867	1
10090.ENSMUSP00000035898	10090.ENSMUSP00000059501	1
10090.ENSMUSP00000139467	10090.ENSMUSP00000126294	1
10090.ENSMUSP00000112304	10090.ENSMUSP00000104867	1
10090.ENSMUSP00000038352	10090.ENSMUSP00000099909	1
10090.ENSMUSP00000007248	10090.ENSMUSP00000027050	1
10090.ENSMUSP00000052559	10090.ENSMUSP00000077596	1
10090.ENSMUSP00000115705	10090.ENSMUSP00000126565	1
10090.ENSMUSP00000020579	10090.ENSMUSP00000048036	1
10090.ENSMUSP00000023467	10090.ENSMUSP00000107297	1
10090.ENSMUSP00000046645	10090.ENSMUSP00000118617	1
10090.ENSMUSP00000030734	10090.ENSMUSP00000122747	1
10090.ENSMUSP00000101860	10090.ENSMUSP00000100795	1
10090.ENSMUSP00000031318	10090.ENSMUSP00000031320	1
10090.ENSMUSP00000046991	10090.ENSMUSP00000071486	1
10090.ENSMUSP00000103386	10090.ENSMUSP00000073188	1
10090.ENSMUSP00000021335	10090.ENSMUSP00000113502	1
10090.ENSMUSP00000132110	10090.ENSMUSP00000056774	1
10090.ENSMUSP00000032998	10090.ENSMUSP00000119975	1
10090.ENSMUSP00000010550	10090.ENSMUSP00000123324	1
10090.ENSMUSP00000135161	10090.ENSMUSP00000024972	1
10090.ENSMUSP00000127548	10090.ENSMUSP00000031670	1
10090.ENSMUSP00000020550	10090.ENSMUSP00000061305	1
10090.ENSMUSP00000138184	10090.ENSMUSP00000087466	1
10090.ENSMUSP00000030348	10090.ENSMUSP00000037597	1
10090.ENSMUSP00000034311	10090.ENSMUSP00000127034	1
10090.ENSMUSP00000114564	10090.ENSMUSP00000123782	1
10090.ENSMUSP00000018337	10090.ENSMUSP00000080608	1
10090.ENSMUSP00000030348	10090.ENSMUSP00000101616	1
10090.ENSMUSP00000022030	10090.ENSMUSP00000029942	1
10090.ENSMUSP00000125566	10090.ENSMUSP00000031402	1
10090.ENSMUSP00000021734	10090.ENSMUSP00000126191	1
10090.ENSMUSP00000058919	10090.ENSMUSP00000072320	1
10090.ENSMUSP00000086312	10090.ENSMUSP00000125691	1
10090.ENSMUSP00000000001	10090.ENSMUSP00000128529	1
10090.ENSMUSP00000002551	10090.ENSMUSP00000063976	1
10090.ENSMUSP00000106825	10090.ENSMUSP00000020579	1
10090.ENSMUSP00000138973	10090.ENSMUSP00000141091	1
10090.ENSMUSP00000073880	10090.ENSMUSP00000133642	1
10090.ENSMUSP00000032196	10090.ENSMUSP00000037583	1
10090.ENSMUSP00000029780	10090.ENSMUSP00000104009	1
10090.ENSMUSP00000067898	10090.ENSMUSP00000130627	1
10090.ENSMUSP00000056195	10090.ENSMUSP00000133918	1
10090.ENSMUSP00000020999	10090.ENSMUSP00000132976	1
10090.ENSMUSP00000016680	10090.ENSMUSP00000037925	1
10090.ENSMUSP00000101948	10090.ENSMUSP00000092130	1
10090.ENSMUSP00000123410	10090.ENSMUSP00000132102	1
10090.ENSMUSP00000004379	10090.ENSMUSP00000101860	1
10090.ENSMUSP00000021277	10090.ENSMUSP00000024851	1
10090.ENSMUSP00000026420	10090.ENSMUSP00000073175	1
10090.ENSMUSP00000056888	10090.ENSMUSP00000080608	1
10090.ENSMUSP00000029645	10090.ENSMUSP00000070070	1
10090.ENSMUSP00000114959	10090.ENSMUSP00000089707	1
10090.ENSMUSP00000037629	10090.ENSMUSP00000070751	1
10090.ENSMUSP00000097822	10090.ENSMUSP00000106717	1
10090.ENSMUSP00000016105	10090.ENSMUSP00000136572	1
10090.ENSMUSP00000024206	10090.ENSMUSP00000040516	1
10090.ENSMUSP00000023687	10090.ENSMUSP00000108084	1
10090.ENSMUSP00000114781	10090.ENSMUSP00000026833	1
10090.ENSMUSP00000021345	10090.ENSMUSP00000118105	1
10090.ENSMUSP00000123443	10090.ENSMUSP00000119699	1
10090.ENSMUSP00000100997	10090.ENSMUSP00000105271	1
10090.ENSMUSP00000108911	10090.ENSMUSP00000113995	1
10090.ENSMUSP00000119988	10090.ENSMUSP00000117182	1
10090.ENSMUSP00000026576	10090.ENSMUSP00000029987	1
10090.ENSMUSP00000007980	10090.ENSMUSP00000030404	1
10090.ENSMUSP00000092602	10090.ENSMUSP00000095380	1
10090.ENSMUSP00000032168	10090.ENSMUSP00000073581	1
10090.ENSMUSP00000030942	10090.ENSMUSP00000032841	1
10090.ENSMUSP00000131048	10090.ENSMUSP00000093831	1
10090.ENSMUSP00000021574	10090.ENSMUSP00000121453	1
10090.ENSMUSP00000128257	10090.ENSMUSP00000098053	1
10090.ENSMUSP00000121815	10090.ENSMUSP00000081547	1
10090.ENSMUSP00000024734	10090.ENSMUSP00000039951	1
10090.ENSMUSP00000127712	10090.ENSMUSP00000046476	1
10090.ENSMUSP00000024956	10090.ENSMUSP00000095915	1
10090.ENSMUSP00000025237	10090.ENSMUSP00000121677	1
10090.ENSMUSP00000028911	10090.ENSMUSP00000030091	1
10090.ENSMUSP00000071616	10090.ENSMUSP00000080523	1
10090.ENSMUSP00000033450	10090.ENSMUSP00000126428	1
10090.ENSMUSP00000026743	10090.ENSMUSP00000031637	1
10090.ENSMUSP00000028852	10090.ENSMUSP00000039951	1
10090.ENSMUSP00000036656	10090.ENSMUSP00000069238	1
10090.ENSMUSP00000031024	10090.ENSMUSP00000121108	1
10090.ENSMUSP00000110846	10090.ENSMUSP00000087641	1
10090.ENSMUSP00000070662	10090.ENSMUSP00000118333	1
10090.ENSMUSP00000029175	10090.ENSMUSP00000112607	1
10090.ENSMUSP00000031349	10090.ENSMUSP00000057238	1
10090.ENSMUSP00000034966	10090.ENSMUSP00000137631	1
10090.ENSMUSP00000080059	10090.ENSMUSP00000107519	1
10090.ENSMUSP00000025867	10090.ENSMUSP00000084586	1
10090.ENSMUSP00000035079	10090.ENSMUSP00000100053	1
10090.ENSMUSP00000115037	10090.ENSMUSP00000122799	1
10090.ENSMUSP00000028311	10090.ENSMUSP00000073289	1
10090.ENSMUSP00000029178	10090.ENSMUSP00000135833	1
10090.ENSMUSP00000044983	10090.ENSMUSP00000050933	1
10090.ENSMUSP00000024206	10090.ENSMUSP00000053489	1
10090.ENSMUSP00000074600	10090.ENSMUSP00000136247	1
10090.ENSMUSP00000019514	10090.ENSMUSP00000117749	1
10090.ENSMUSP00000013338	10090.ENSMUSP00000113645	1
10090.ENSMUSP00000130492	10090.ENSMUSP00000089707	1
10090.ENSMUSP00000016452	10090.ENSMUSP00000112658	1
10090.ENSMUSP00000104265	10090.ENSMUSP00000110731	1
10090.ENSMUSP00000013807	10090.ENSMUSP00000117855	1
10090.ENSMUSP00000128770	10090.ENSMUSP00000066050	1
10090.ENSMUSP00000033000	10090.ENSMUSP00000104860	1
10090.ENSMUSP00000035898	10090.ENSMUSP00000098843	1
10090.ENSMUSP00000052262	10090.ENSMUSP00000031008	1
10090.ENSMUSP00000101626	10090.ENSMUSP00000099962	1
10090.ENSMUSP00000043204	10090.ENSMUSP00000086312	1
10090.ENSMUSP00000057231	10090.ENSMUSP00000116630	1
10090.ENSMUSP00000043315	10090.ENSMUSP00000075573	1
10090.ENSMUSP00000078459	10090.ENSMUSP00000126630	1
10090.ENSMUSP00000029780	10090.ENSMUSP00000115402	1
10090.ENSMUSP00000026538	10090.ENSMUSP00000121714	1
10090.ENSMUSP00000088845	10090.ENSMUSP00000123780	1
10090.ENSMUSP00000033160	10090.ENSMUSP00000035992	1
10090.ENSMUSP00000039660	10090.ENSMUSP00000130685	1
10090.ENSMUSP00000112611	10090.ENSMUSP00000030698	1
10090.ENSMUSP00000101858	10090.ENSMUSP00000032723	1
10090.ENSMUSP00000030348	10090.ENSMUSP00000030743	1
10090.ENSMUSP00000006692	10090.ENSMUSP00000126603	1
10090.ENSMUSP00000046467	10090.ENSMUSP00000117945	1
10090.ENSMUSP00000031617	10090.ENSMUSP00000099909	1
10090.ENSMUSP00000023550	10090.ENSMUSP00000033267	1
10090.ENSMUSP00000127712	10090.ENSMUSP00000140225	1
10090.ENSMUSP00000098375	10090.ENSMUSP00000033407	1
10090.ENSMUSP00000075936	10090.ENSMUSP00000108814	1
10090.ENSMUSP00000037341	10090.ENSMUSP00000080992	1
10090.ENSMUSP00000021734	10090.ENSMUSP00000075908	1
10090.ENSMUSP00000030738	10090.ENSMUSP00000115183	1
10090.ENSMUSP00000025305	10090.ENSMUSP00000130722	1
10090.ENSMUSP00000034261	10090.ENSMUSP00000067897	1
10090.ENSMUSP00000027943	10090.ENSMUSP00000064680	1
10090.ENSMUSP00000007248	10090.ENSMUSP00000139538	1
10090.ENSMUSP00000034405	10090.ENSMUSP00000140729	1
10090.ENSMUSP00000103828	10090.ENSMUSP00000080608	1
10090.ENSMUSP00000034131	10090.ENSMUSP00000067898	1
10090.ENSMUSP00000114402	10090.ENSMUSP00000134784	1
10090.ENSMUSP00000122666	10090.ENSMUSP00000032440	1
10090.ENSMUSP00000013693	10090.ENSMUSP00000038816	1
10090.ENSMUSP00000021157	10090.ENSMUSP00000120535	1
10090.ENSMUSP00000039243	10090.ENSMUSP00000106709	1
10090.ENSMUSP00000034499	10090.ENSMUSP00000091374	1
10090.ENSMUSP00000028083	10090.ENSMUSP00000030642	1
10090.ENSMUSP00000020085	10090.ENSMUSP00000021706	1
10090.ENSMUSP00000055941	10090.ENSMUSP00000132963	1
10090.ENSMUSP00000033683	10090.ENSMUSP00000076607	1
10090.ENSMUSP00000070995	10090.ENSMUSP00000121138	1
10090.ENSMUSP00000131634	10090.ENSMUSP00000090958	1
10090.ENSMUSP00000030795	10090.ENSMUSP00000079379	1
10090.ENSMUSP00000112581	10090.ENSMUSP00000126630	1
10090.ENSMUSP00000058599	10090.ENSMUSP00000137633	1
10090.ENSMUSP00000017975	10090.ENSMUSP00000139503	1
10090.ENSMUSP00000111301	10090.ENSMUSP00000114047	1
10090.ENSMUSP00000045335	10090.ENSMUSP00000140441	1
10090.ENSMUSP00000130492	10090.ENSMUSP00000129149	1
10090.ENSMUSP00000123504	10090.ENSMUSP00000112259	1
10090.ENSMUSP00000121433	10090.ENSMUSP00000117007	1
10090.ENSMUSP00000119076	10090.ENSMUSP00000047571	1
10090.ENSMUSP00000030348	10090.ENSMUSP00000131542	1
10090.ENSMUSP00000020153	10090.ENSMUSP00000050940	1
10090.ENSMUSP00000002198	10090.ENSMUSP00000030734	1
10090.ENSMUSP00000099422	10090.ENSMUSP00000113465	1
10090.ENSMUSP00000043768	10090.ENSMUSP00000044261	1
10090.ENSMUSP00000098096	10090.ENSMUSP00000133052	1
10090.ENSMUSP00000020908	10090.ENSMUSP00000126481	1
10090.ENSMUSP00000078092	10090.ENSMUSP00000102211	1
10090.ENSMUSP00000000127	10090.ENSMUSP00000010044	1
10090.ENSMUSP00000003121	10090.ENSMUSP00000033545	1
10090.ENSMUSP00000115183	10090.ENSMUSP00000046388	1
10090.ENSMUSP00000012627	10090.ENSMUSP00000120829	1
10090.ENSMUSP00000060137	10090.ENSMUSP00000026264	1
10090.ENSMUSP00000030734	10090.ENSMUSP00000131048	1
10090.ENSMUSP00000140016	10090.ENSMUSP00000101858	1
10090.ENSMUSP00000021338	10090.ENSMUSP00000117346	1
10090.ENSMUSP00000118005	10090.ENSMUSP00000129729	1
10090.ENSMUSP00000084252	10090.ENSMUSP00000088288	1
10090.ENSMUSP00000140151	10090.ENSMUSP00000122919	1
10090.ENSMUSP00000119174	10090.ENSMUSP00000066743	1
10090.ENSMUSP00000048838	10090.ENSMUSP00000116517	1
10090.ENSMUSP00000117524	10090.ENSMUSP00000127455	1
10090.ENSMUSP00000080743	10090.ENSMUSP00000112283	1
10090.ENSMUSP00000019854	10090.ENSMUSP00000119535	1
10090.ENSMUSP00000021610	10090.ENSMUSP00000034699	1
10090.ENSMUSP00000000804	10090.ENSMUSP00000002198	1
10090.ENSMUSP00000128257	10090.ENSMUSP00000102055	1
10090.ENSMUSP00000022954	10090.ENSMUSP00000048153	1
10090.ENSMUSP00000075936	10090.ENSMUSP00000038329	1
10090.ENSMUSP00000134796	10090.ENSMUSP00000056720	1
10090.ENSMUSP00000115055	10090.ENSMUSP00000020227	1
10090.ENSMUSP00000023809	10090.ENSMUSP00000062884	1
10090.ENSMUSP00000081001	10090.ENSMUSP00000081021	1
10090.ENSMUSP00000006377	10090.ENSMUSP00000009102	1
10090.ENSMUSP00000116385	10090.ENSMUSP00000025034	1
10090.ENSMUSP00000121452	10090.ENSMUSP00000067579	1
10090.ENSMUSP00000101744	10090.ENSMUSP00000020099	1
10090.ENSMUSP00000022053	10090.ENSMUSP00000022894	1
10090.ENSMUSP00000139720	10090.ENSMUSP00000033054	1
10090.ENSMUSP00000112510	10090.ENSMUSP00000097166	1
10090.ENSMUSP00000023869	10090.ENSMUSP00000071214	1
10090.ENSMUSP00000024778	10090.ENSMUSP00000125156	1
10090.ENSMUSP00000037783	10090.ENSMUSP00000062476	1
10090.ENSMUSP00000035092	10090.ENSMUSP00000122101	1
10090.ENSMUSP00000109056	10090.ENSMUSP00000103115	1
10090.ENSMUSP00000020440	10090.ENSMUSP00000102392	1
10090.ENSMUSP00000019684	10090.ENSMUSP00000034325	1
10090.ENSMUSP00000021040	10090.ENSMUSP00000027812	1
10090.ENSMUSP00000116855	10090.ENSMUSP00000097574	1
10090.ENSMUSP00000066493	10090.ENSMUSP00000102047	1
10090.ENSMUSP00000075250	10090.ENSMUSP00000137387	1
10090.ENSMUSP00000023036	10090.ENSMUSP00000114420	1
10090.ENSMUSP00000110832	10090.ENSMUSP00000125442	1
10090.ENSMUSP00000029722	10090.ENSMUSP00000071616	1
10090.ENSMUSP00000017975	10090.ENSMUSP00000062256	1
10090.ENSMUSP00000064515	10090.ENSMUSP00000107592	1
10090.ENSMUSP00000080641	10090.ENSMUSP00000125156	1
10090.ENSMUSP00000025439	10090.ENSMUSP00000033662	1
10090.ENSMUSP00000122534	10090.ENSMUSP00000109585	1
10090.ENSMUSP00000019911	10090.ENSMUSP00000121677	1
10090.ENSMUSP00000100898	10090.ENSMUSP00000019843	1
10090.ENSMUSP00000115937	10090.ENSMUSP00000125403	1
10090.ENSMUSP00000063976	10090.ENSMUSP00000136858	1
10090.ENSMUSP00000096014	10090.ENSMUSP00000099301	1
10090.ENSMUSP00000020657	10090.ENSMUSP00000123780	1
10090.ENSMUSP00000003386	10090.ENSMUSP00000062476	1
10090.ENSMUSP00000028278	10090.ENSMUSP00000132368	1
10090.ENSMUSP00000014457	10090.ENSMUSP00000023210	1
10090.ENSMUSP00000005826	10090.ENSMUSP00000060346	1
10090.ENSMUSP00000103828	10090.ENSMUSP00000121306	1
10090.ENSMUSP00000023210	10090.ENSMUSP00000041820	1
10090.ENSMUSP00000110832	10090.ENSMUSP00000031061	1
10090.ENSMUSP00000020203	10090.ENSMUSP00000031061	1
10090.ENSMUSP00000027372	10090.ENSMUSP00000136780	1
10090.ENSMUSP00000039784	10090.ENSMUSP00000019854	1
10090.ENSMUSP00000117795	10090.ENSMUSP00000041794	1
10090.ENSMUSP00000046476	10090.ENSMUSP00000069334	1
10090.ENSMUSP00000074988	10090.ENSMUSP00000119136	1
10090.ENSMUSP00000023514	10090.ENSMUSP00000103743	1
10090.ENSMUSP00000040138	10090.ENSMUSP00000138911	1
10090.ENSMUSP00000122919	10090.ENSMUSP00000135826	1
10090.ENSMUSP00000000137	10090.ENSMUSP00000101838	1
10090.ENSMUSP00000032956	10090.ENSMUSP00000067337	1
10090.ENSMUSP00000134697	10090.ENSMUSP00000051432	1
10090.ENSMUSP00000006565	10090.ENSMUSP00000103306	1
10090.ENSMUSP00000108911	10090.ENSMUSP00000109113	1
10090.ENSMUSP00000124419	10090.ENSMUSP00000075782	1
10090.ENSMUSP00000061305	10090.ENSMUSP00000115738	1
10090.ENSMUSP00000003386	10090.ENSMUSP00000055619	1
10090.ENSMUSP00000029663	10090.ENSMUSP00000049770	1
10090.ENSMUSP00000062037	10090.ENSMUSP00000128325	1
10090.ENSMUSP00000026416	10090.ENSMUSP00000104100	1
10090.ENSMUSP00000078784	10090.ENSMUSP00000066679	1
10090.ENSMUSP00000111942	10090.ENSMUSP00000124842	1
10090.ENSMUSP00000073175	10090.ENSMUSP00000130583	1
10090.ENSMUSP00000030816	10090.ENSMUSP00000030893	1
10090.ENSMUSP00000109952	10090.ENSMUSP00000062610	1
10090.ENSMUSP00000022246	10090.ENSMUSP00000105684	1
10090.ENSMUSP00000100997	10090.ENSMUSP00000113704	1
10090.ENSMUSP00000140083	10090.ENSMUSP00000038813	1
10090.ENSMUSP00000059395	10090.ENSMUSP00000066038	1
10090.ENSMUSP00000099435	10090.ENSMUSP00000106249	1
10090.ENSMUSP00000112836	10090.ENSMUSP00000140649	1
10090.ENSMUSP00000010550	10090.ENSMUSP00000027256	1
10090.ENSMUSP00000081002	10090.ENSMUSP00000105796	1
10090.ENSMUSP00000026416	10090.ENSMUSP00000098616	1
10090.ENSMUSP00000024206	10090.ENSMUSP00000069114	1
10090.ENSMUSP00000098096	10090.ENSMUSP00000063916	1
10090.ENSMUSP00000012259	10090.ENSMUSP00000120535	1
10090.ENSMUSP00000114332	10090.ENSMUSP00000099962	1
10090.ENSMUSP00000034231	10090.ENSMUSP00000128529	1
10090.ENSMUSP00000115705	10090.ENSMUSP00000121845	1
10090.ENSMUSP00000109113	10090.ENSMUSP00000048056	1
10090.ENSMUSP00000083192	10090.ENSMUSP00000033713	1
10090.ENSMUSP00000130492	10090.ENSMUSP00000029082	1
10090.ENSMUSP00000112595	10090.ENSMUSP00000125754	1
10090.ENSMUSP00000018614	10090.ENSMUSP00000022967	1
10090.ENSMUSP00000043492	10090.ENSMUSP00000112595	1
10090.ENSMUSP00000104265	10090.ENSMUSP00000121452	1
10090.ENSMUSP00000030014	10090.ENSMUSP00000043618	1
10090.ENSMUSP00000044568	10090.ENSMUSP00000118333	1
10090.ENSMUSP00000018470	10090.ENSMUSP00000025910	1
10090.ENSMUSP00000023117	10090.ENSMUSP00000101860	1
10090.ENSMUSP00000138430	10090.ENSMUSP00000099702	1
10090.ENSMUSP00000139467	10090.ENSMUSP00000136042	1
10090.ENSMUSP00000020081	10090.ENSMUSP00000005365	1
10090.ENSMUSP00000118659	10090.ENSMUSP00000123493	1
10090.ENSMUSP00000098096	10090.ENSMUSP00000134271	1
10090.ENSMUSP00000031637	10090.ENSMUSP00000045284	1
10090.ENSMUSP00000034738	10090.ENSMUSP00000139467	1
10090.ENSMUSP00000024206	10090.ENSMUSP00000041061	1
10090.ENSMUSP00000030348	10090.ENSMUSP00000121845	1
10090.ENSMUSP00000043566	10090.ENSMUSP00000138748	1
10090.ENSMUSP00000032373	10090.ENSMUSP00000038555	1
10090.ENSMUSP00000115919	10090.ENSMUSP00000079672	1
10090.ENSMUSP00000058919	10090.ENSMUSP00000137631	1
10090.ENSMUSP00000037631	10090.ENSMUSP00000130722	1
10090.ENSMUSP00000140729	10090.ENSMUSP00000111229	1
10090.ENSMUSP00000004968	10090.ENSMUSP00000054169	1
10090.ENSMUSP00000021077	10090.ENSMUSP00000050716	1
10090.ENSMUSP00000109313	10090.ENSMUSP00000133244	1
10090.ENSMUSP00000078388	10090.ENSMUSP00000136042	1
10090.ENSMUSP00000109826	10090.ENSMUSP00000109584	1
10090.ENSMUSP00000027440	10090.ENSMUSP00000110760	1
10090.ENSMUSP00000132064	10090.ENSMUSP00000067057	1
10090.ENSMUSP00000034138	10090.ENSMUSP00000059074	1
10090.ENSMUSP00000134784	10090.ENSMUSP00000125656	1
10090.ENSMUSP00000028944	10090.ENSMUSP00000056276	1
10090.ENSMUSP00000037783	10090.ENSMUSP00000120075	1
10090.ENSMUSP00000120054	10090.ENSMUSP00000137174	1
10090.ENSMUSP00000104233	10090.ENSMUSP00000110200	1
10090.ENSMUSP00000022536	10090.ENSMUSP00000049156	1
10090.ENSMUSP00000024778	10090.ENSMUSP00000097822	1
10090.ENSMUSP00000118239	10090.ENSMUSP00000100062	1
10090.ENSMUSP00000130583	10090.ENSMUSP00000072320	1
10090.ENSMUSP00000043111	10090.ENSMUSP00000100997	1
10090.ENSMUSP00000029722	10090.ENSMUSP00000099757	1
10090.ENSMUSP00000029273	10090.ENSMUSP00000119185	1
10090.ENSMUSP00000023689	10090.ENSMUSP00000038121	1
10090.ENSMUSP00000029626	10090.ENSMUSP00000062610	1
10090.ENSMUSP00000125394	10090.ENSMUSP00000121005	1
10090.ENSMUSP00000026119	10090.ENSMUSP00000067057	1
10090.ENSMUSP00000010550	10090.ENSMUSP00000138534	1
10090.ENSMUSP00000025601	10090.ENSMUSP00000102251	1
10090.ENSMUSP00000032931	10090.ENSMUSP00000060225	1
10090.ENSMUSP00000000985	10090.ENSMUSP00000007482	1
10090.ENSMUSP00000022286	10090.ENSMUSP00000121557	1
10090.ENSMUSP00000053101	10090.ENSMUSP00000076880	1
10090.ENSMUSP00000025421	10090.ENSMUSP00000117448	1
10090.ENSMUSP00000122222	10090.ENSMUSP00000041747	1
10090.ENSMUSP00000076624	10090.ENSMUSP00000078042	1
10090.ENSMUSP00000118798	10090.ENSMUSP00000035105	1
10090.ENSMUSP00000138061	10090.ENSMUSP00000076447	1
10090.ENSMUSP00000020657	10090.ENSMUSP00000126630	1
10090.ENSMUSP00000138728	10090.ENSMUSP00000095739	1
10090.ENSMUSP00000117769	10090.ENSMUSP00000099909	1
10090.ENSMUSP00000009003	10090.ENSMUSP00000125434	1
10090.ENSMUSP00000034405	10090.ENSMUSP00000034964	1
10090.ENSMUSP00000023085	10090.ENSMUSP00000032882	1
10090.ENSMUSP00000032998	10090.ENSMUSP00000038352	1
10090.ENSMUSP00000015049	10090.ENSMUSP00000116601	1
10090.ENSMUSP00000116464	10090.ENSMUSP00000086207	1
10090.ENSMUSP00000117539	10090.ENSMUSP00000088833	1
10090.ENSMUSP00000030117	10090.ENSMUSP00000032723	1
10090.ENSMUSP00000020577	10090.ENSMUSP00000056900	1
10090.ENSMUSP00000047950	10090.ENSMUSP00000120373	1
10090.ENSMUSP00000035155	10090.ENSMUSP00000130379	1
10090.ENSMUSP00000028475	10090.ENSMUSP00000123580	1
10090.ENSMUSP00000098053	10090.ENSMUSP00000125555	1
10090.ENSMUSP00000120985	10090.ENSMUSP00000066493	1
10090.ENSMUSP00000103026	10090.ENSMUSP00000026432	1
10090.ENSMUSP00000123474	10090.ENSMUSP00000087466	1
10090.ENSMUSP00000029712	10090.ENSMUSP00000121463	1
10090.ENSMUSP00000120383	10090.ENSMUSP00000109349	1
10090.ENSMUSP00000129337	10090.ENSMUSP00000021345	1
10090.ENSMUSP00000043818	10090.ENSMUSP00000043996	1
10090.ENSMUSP00000003550	10090.ENSMUSP00000106733	1
10090.ENSMUSP00000008517	10090.ENSMUSP00000098807	1
10090.ENSMUSP00000005669	10090.ENSMUSP00000038931	1
10090.ENSMUSP00000047646	10090.ENSMUSP00000062677	1
10090.ENSMUSP00000030014	10090.ENSMUSP00000032151	1
10090.ENSMUSP00000026663	10090.ENSMUSP00000128366	1
10090.ENSMUSP00000114692	10090.ENSMUSP00000127712	1
10090.ENSMUSP00000009774	10090.ENSMUSP00000029175	1
10090.ENSMUSP00000046016	10090.ENSMUSP00000120528	1
10090.ENSMUSP00000121968	10090.ENSMUSP00000130759	1
10090.ENSMUSP00000032840	10090.ENSMUSP00000038305	1
10090.ENSMUSP00000106733	10090.ENSMUSP00000034934	1
10090.ENSMUSP00000082822	10090.ENSMUSP00000099740	1
10090.ENSMUSP00000096475	10090.ENSMUSP00000130722	1
10090.ENSMUSP00000136419	10090.ENSMUSP00000118846	1
10090.ENSMUSP00000028882	10090.ENSMUSP00000128100	1
10090.ENSMUSP00000119225	10090.ENSMUSP00000134960	1
10090.ENSMUSP00000017692	10090.ENSMUSP00000020283	1
10090.ENSMUSP00000027377	10090.ENSMUSP00000036907	1
10090.ENSMUSP00000115653	10090.ENSMUSP00000066303	1
10090.ENSMUSP00000108602	10090.ENSMUSP00000018333	1
10090.ENSMUSP00000120418	10090.ENSMUSP00000105271	1
10090.ENSMUSP00000109313	10090.ENSMUSP00000002551	1
10090.ENSMUSP00000046298	10090.ENSMUSP00000084918	1
10090.ENSMUSP00000126143	10090.ENSMUSP00000134493	1
10090.ENSMUSP00000030684	10090.ENSMUSP00000055535	1
10090.ENSMUSP00000029938	10090.ENSMUSP00000105147	1
10090.ENSMUSP00000046476	10090.ENSMUSP00000137472	1
10090.ENSMUSP00000113678	10090.ENSMUSP00000133052	1
10090.ENSMUSP00000029722	10090.ENSMUSP00000121108	1
10090.ENSMUSP00000122738	10090.ENSMUSP00000025506	1
10090.ENSMUSP00000007248	10090.ENSMUSP00000034562	1
10090.ENSMUSP00000047950	10090.ENSMUSP00000078459	1
10090.ENSMUSP00000083973	10090.ENSMUSP00000099843	1
10090.ENSMUSP00000122414	10090.ENSMUSP00000119699	1
10090.ENSMUSP00000074160	10090.ENSMUSP00000102145	1
10090.ENSMUSP00000024851	10090.ENSMUSP00000116762	1
10090.ENSMUSP00000034131	10090.ENSMUSP00000034946	1
10090.ENSMUSP00000006181	10090.ENSMUSP00000118220	1
10090.ENSMUSP00000133052	10090.ENSMUSP00000117045	1
10090.ENSMUSP00000124357	10090.ENSMUSP00000116547	1
10090.ENSMUSP00000073041	10090.ENSMUSP00000126484	1
10090.ENSMUSP00000022925	10090.ENSMUSP00000098053	1
10090.ENSMUSP00000120500	10090.ENSMUSP00000020707	1
10090.ENSMUSP00000006764	10090.ENSMUSP00000023510	1
10090.ENSMUSP00000030805	10090.ENSMUSP00000045562	1
10090.ENSMUSP00000121026	10090.ENSMUSP00000103528	1
10090.ENSMUSP00000020099	10090.ENSMUSP00000118994	1
10090.ENSMUSP00000104265	10090.ENSMUSP00000054490	1
10090.ENSMUSP00000103115	10090.ENSMUSP00000116090	1
10090.ENSMUSP00000122222	10090.ENSMUSP00000023779	1
10090.ENSMUSP00000004072	10090.ENSMUSP00000008036	1
10090.ENSMUSP00000114279	10090.ENSMUSP00000126481	1
10090.ENSMUSP00000038562	10090.ENSMUSP00000099565	1
10090.ENSMUSP00000095380	10090.ENSMUSP00000131330	1
10090.ENSMUSP00000035155	10090.ENSMUSP00000048260	1
10090.ENSMUSP00000023467	10090.ENSMUSP00000046532	1
10090.ENSMUSP00000003521	10090.ENSMUSP00000086640	1
10090.ENSMUSP00000028278	10090.ENSMUSP00000096932	1
10090.ENSMUSP00000001184	10090.ENSMUSP00000080778	1
10090.ENSMUSP00000130492	10090.ENSMUSP00000103306	1
10090.ENSMUSP00000036206	10090.ENSMUSP00000048901	1
10090.ENSMUSP00000014913	10090.ENSMUSP00000018333	1
10090.ENSMUSP00000117595	10090.ENSMUSP00000127712	1
10090.ENSMUSP00000001675	10090.ENSMUSP00000047968	1
10090.ENSMUSP00000003521	10090.ENSMUSP00000138466	1
10090.ENSMUSP00000013949	10090.ENSMUSP00000124755	1
10090.ENSMUSP00000114959	10090.ENSMUSP00000038813	1
10090.ENSMUSP00000015891	10090.ENSMUSP00000119952	1
10090.ENSMUSP00000067164	10090.ENSMUSP00000121806	1
10090.ENSMUSP00000108911	10090.ENSMUSP00000037597	1
10090.ENSMUSP00000126825	10090.ENSMUSP00000132993	1
10090.ENSMUSP00000013949	10090.ENSMUSP00000021277	1
10090.ENSMUSP00000118024	10090.ENSMUSP00000127281	1
10090.ENSMUSP00000000727	10090.ENSMUSP00000117618	1
10090.ENSMUSP00000035808	10090.ENSMUSP00000127455	1
10090.ENSMUSP00000047571	10090.ENSMUSP00000097747	1
10090.ENSMUSP00000135101	10090.ENSMUSP00000038263	1
10090.ENSMUSP00000028430	10090.ENSMUSP00000056195	1
10090.ENSMUSP00000140016	10090.ENSMUSP00000093831	1
10090.ENSMUSP00000066038	10090.ENSMUSP00000098053	1
10090.ENSMUSP00000033160	10090.ENSMUSP00000092884	1
10090.ENSMUSP00000123918	10090.ENSMUSP00000028852	1
10090.ENSMUSP00000003121	10090.ENSMUSP00000032471	1
10090.ENSMUSP00000059395	10090.ENSMUSP00000071214	1
10090.ENSMUSP00000125442	10090.ENSMUSP00000108631	1
10090.ENSMUSP00000021706	10090.ENSMUSP00000119515	1
10090.ENSMUSP00000138911	10090.ENSMUSP00000025095	1
10090.ENSMUSP00000116955	10090.ENSMUSP00000028475	1
10090.ENSMUSP00000043204	10090.ENSMUSP00000043618	1
10090.ENSMUSP00000028087	10090.ENSMUSP00000052942	1
10090.ENSMUSP00000001620	10090.ENSMUSP00000104858	1
10090.ENSMUSP00000110832	10090.ENSMUSP00000118619	1
10090.ENSMUSP00000099986	10090.ENSMUSP00000137596	1
10090.ENSMUSP00000113148	10090.ENSMUSP00000047123	1
10090.ENSMUSP00000106984	10090.ENSMUSP00000114420	1
10090.ENSMUSP00000081114	10090.ENSMUSP00000119535	1
10090.ENSMUSP00000113722	10090.ENSMUSP00000114924	1
10090.ENSMUSP00000110572	10090.ENSMUSP00000007790	1
10090.ENSMUSP00000082548	10090.ENSMUSP00000125467	1
10090.ENSMUSP00000127712	10090.ENSMUSP00000134397	1
10090.ENSMUSP00000031349	10090.ENSMUSP00000070983	1
10090.ENSMUSP00000112971	10090.ENSMUSP00000119625	1
10090.ENSMUSP00000018430	10090.ENSMUSP00000124781	1
10090.ENSMUSP00000030091	10090.ENSMUSP00000033070	1
10090.ENSMUSP00000073880	10090.ENSMUSP00000106014	1
10090.ENSMUSP00000034966	10090.ENSMUSP00000130583	1
10090.ENSMUSP00000034231	10090.ENSMUSP00000062588	1
10090.ENSMUSP00000099878	10090.ENSMUSP00000120528	1
10090.ENSMUSP00000060462	10090.ENSMUSP00000128329	1
10090.ENSMUSP00000028852	10090.ENSMUSP00000114402	1
10090.ENSMUSP00000075709	10090.ENSMUSP00000100771	1
10090.ENSMUSP00000116842	10090.ENSMUSP00000025393	1
10090.ENSMUSP00000010348	10090.ENSMUSP00000127888	1
10090.ENSMUSP00000003268	10090.ENSMUSP00000104088	1
10090.ENSMUSP00000020085	10090.ENSMUSP00000109423	1
10090.ENSMUSP00000004959	10090.ENSMUSP00000126796	1
10090.ENSMUSP00000007959	10090.ENSMUSP00000031895	1
10090.ENSMUSP00000119996	10090.ENSMUSP00000026270	1
10090.ENSMUSP00000104776	10090.ENSMUSP00000006579	1
10090.ENSMUSP00000008812	10090.ENSMUSP00000120901	1
10090.ENSMUSP00000045200	10090.ENSMUSP00000131029	1
10090.ENSMUSP00000127712	10090.ENSMUSP00000113222	1
10090.ENSMUSP00000035034	10090.ENSMUSP00000037783	1
10090.ENSMUSP00000101860	10090.ENSMUSP00000116478	1
10090.ENSMUSP00000026985	10090.ENSMUSP00000098843	1
10090.ENSMUSP00000097714	10090.ENSMUSP00000134397	1
10090.ENSMUSP00000020099	10090.ENSMUSP00000109271	1
10090.ENSMUSP00000104700	10090.ENSMUSP00000053786	1
10090.ENSMUSP00000031540	10090.ENSMUSP00000099702	1
10090.ENSMUSP00000031434	10090.ENSMUSP00000131330	1
10090.ENSMUSP00000109644	10090.ENSMUSP00000125442	1
10090.ENSMUSP00000025053	10090.ENSMUSP00000093980	1
10090.ENSMUSP00000108849	10090.ENSMUSP00000121346	1
10090.ENSMUSP00000055482	10090.ENSMUSP00000128687	1
10090.ENSMUSP00000070983	10090.ENSMUSP00000070503	1
10090.ENSMUSP00000108519	10090.ENSMUSP00000075226	1
10090.ENSMUSP00000050444	10090.ENSMUSP00000137555	1
10090.ENSMUSP00000032239	10090.ENSMUSP00000078875	1
10090.ENSMUSP00000116376	10090.ENSMUSP00000101597	1
10090.ENSMUSP00000131079	10090.ENSMUSP00000063800	1
10090.ENSMUSP00000112743	10090.ENSMUSP00000067616	1
10090.ENSMUSP00000002733	10090.ENSMUSP00000141146	1
10090.ENSMUSP00000138684	10090.ENSMUSP00000055061	1
10090.ENSMUSP00000044938	10090.ENSMUSP00000140729	1
10090.ENSMUSP00000002818	10090.ENSMUSP00000035898	1
10090.ENSMUSP00000022256	10090.ENSMUSP00000071624	1
10090.ENSMUSP00000126345	10090.ENSMUSP00000133428	1
10090.ENSMUSP00000123236	10090.ENSMUSP00000066303	1
10090.ENSMUSP00000133334	10090.ENSMUSP00000121550	1
10090.ENSMUSP00000103181	10090.ENSMUSP00000030675	1
10090.ENSMUSP00000024206	10090.ENSMUSP00000110760	1
10090.ENSMUSP00000029175	10090.ENSMUSP00000102985	1
10090.ENSMUSP00000049852	10090.ENSMUSP00000110901	1
10090.ENSMUSP00000026420	10090.ENSMUSP00000125806	1
10090.ENSMUSP00000095327	10090.ENSMUSP00000029175	1
10090.ENSMUSP00000037597	10090.ENSMUSP00000102145	1
10090.ENSMUSP00000081772	10090.ENSMUSP00000027846	1
10090.ENSMUSP00000109313	10090.ENSMUSP00000002198	1
10090.ENSMUSP00000131875	10090.ENSMUSP00000066210	1
10090.ENSMUSP00000067579	10090.ENSMUSP00000099878	1
10090.ENSMUSP00000117732	10090.ENSMUSP00000123780	1
10090.ENSMUSP00000046920	10090.ENSMUSP00000070840	1
10090.ENSMUSP00000035851	10090.ENSMUSP00000110804	1
10090.ENSMUSP00000020522	10090.ENSMUSP00000119342	1
10090.ENSMUSP00000056855	10090.ENSMUSP00000103115	1
10090.ENSMUSP00000048377	10090.ENSMUSP00000052149	1
10090.ENSMUSP00000047571	10090.ENSMUSP00000126345	1
10090.ENSMUSP00000027393	10090.ENSMUSP00000001439	1
10090.ENSMUSP00000003319	10090.ENSMUSP00000079379	1
10090.ENSMUSP00000110832	10090.ENSMUSP00000126874	1
10090.ENSMUSP00000026985	10090.ENSMUSP00000113502	1
10090.ENSMUSP00000110093	10090.ENSMUSP00000130636	1
10090.ENSMUSP00000127030	10090.ENSMUSP00000099480	1
10090.ENSMUSP00000041035	10090.ENSMUSP00000078490	1
10090.ENSMUSP00000099766	10090.ENSMUSP00000095516	1
10090.ENSMUSP00000020550	10090.ENSMUSP00000091374	1
10090.ENSMUSP00000101860	10090.ENSMUSP00000129728	1
10090.ENSMUSP00000103801	10090.ENSMUSP00000124642	1
10090.ENSMUSP00000058919	10090.ENSMUSP00000076447	1
10090.ENSMUSP00000116177	10090.ENSMUSP00000035325	1
10090.ENSMUSP00000114402	10090.ENSMUSP00000099325	1
10090.ENSMUSP00000115424	10090.ENSMUSP00000119849	1
10090.ENSMUSP00000027626	10090.ENSMUSP00000030684	1
10090.ENSMUSP00000030734	10090.ENSMUSP00000031061	1
10090.ENSMUSP00000030404	10090.ENSMUSP00000118248	1
10090.ENSMUSP00000006914	10090.ENSMUSP00000121367	1
10090.ENSMUSP00000110467	10090.ENSMUSP00000073598	1
10090.ENSMUSP00000109521	10090.ENSMUSP00000033877	1
10090.ENSMUSP00000033070	10090.ENSMUSP00000103400	1
10090.ENSMUSP00000017620	10090.ENSMUSP00000063726	1
10090.ENSMUSP00000130918	10090.ENSMUSP00000038463	1
10090.ENSMUSP00000133250	10090.ENSMUSP00000035851	1
10090.ENSMUSP00000058368	10090.ENSMUSP00000120418	1
10090.ENSMUSP00000114545	10090.ENSMUSP00000098295	1
10090.ENSMUSP00000066743	10090.ENSMUSP00000104298	1
10090.ENSMUSP00000018470	10090.ENSMUSP00000048425	1
10090.ENSMUSP00000112595	10090.ENSMUSP00000106443	1
10090.ENSMUSP00000043363	10090.ENSMUSP00000104298	1
10090.ENSMUSP00000101626	10090.ENSMUSP00000099757	1
10090.ENSMUSP00000102211	10090.ENSMUSP00000113704	1
10090.ENSMUSP00000020099	10090.ENSMUSP00000050001	1
10090.ENSMUSP00000029838	10090.ENSMUSP00000137183	1
10090.ENSMUSP00000039621	10090.ENSMUSP00000123780	1
10090.ENSMUSP00000109056	10090.ENSMUSP00000024734	1
10090.ENSMUSP00000000759	10090.ENSMUSP00000033866	1
10090.ENSMUSP00000066907	10090.ENSMUSP00000006452	1
10090.ENSMUSP00000066639	10090.ENSMUSP00000133642	1
10090.ENSMUSP00000011450	10090.ENSMUSP00000114924	1
10090.ENSMUSP00000034742	10090.ENSMUSP00000122420	1
10090.ENSMUSP00000025278	10090.ENSMUSP00000032840	1
10090.ENSMUSP00000021450	10090.ENSMUSP00000116055	1
10090.ENSMUSP00000022245	10090.ENSMUSP00000120985	1
10090.ENSMUSP00000012259	10090.ENSMUSP00000022030	1
10090.ENSMUSP00000110467	10090.ENSMUSP00000113096	1
10090.ENSMUSP00000070070	10090.ENSMUSP00000093980	1
10090.ENSMUSP00000121624	10090.ENSMUSP00000104441	1
10090.ENSMUSP00000006467	10090.ENSMUSP00000031421	1
10090.ENSMUSP00000033934	10090.ENSMUSP00000112283	1
10090.ENSMUSP00000092975	10090.ENSMUSP00000136792	1
10090.ENSMUSP00000042374	10090.ENSMUSP00000079306	1
10090.ENSMUSP00000117701	10090.ENSMUSP00000114959	1
10090.ENSMUSP00000070983	10090.ENSMUSP00000139617	1
10090.ENSMUSP00000033683	10090.ENSMUSP00000139467	1
10090.ENSMUSP00000039951	10090.ENSMUSP00000071202	1
10090.ENSMUSP00000120146	10090.ENSMUSP00000038878	1
10090.ENSMUSP00000121880	10090.ENSMUSP00000118220	1
10090.ENSMUSP00000110673	10090.ENSMUSP00000128803	1
10090.ENSMUSP00000079672	10090.ENSMUSP00000078092	1
10090.ENSMUSP00000025918	10090.ENSMUSP00000032508	1
10090.ENSMUSP00000103181	10090.ENSMUSP00000139467	1
10090.ENSMUSP00000023391	10090.ENSMUSP00000024734	1
10090.ENSMUSP00000126796	10090.ENSMUSP00000099656	1
10090.ENSMUSP00000022368	10090.ENSMUSP00000039586	1
10090.ENSMUSP00000064840	10090.ENSMUSP00000100902	1
10090.ENSMUSP00000000001	10090.ENSMUSP00000054062	1
10090.ENSMUSP00000063916	10090.ENSMUSP00000134271	1
10090.ENSMUSP00000121452	10090.ENSMUSP00000137183	1
10090.ENSMUSP00000029780	10090.ENSMUSP00000031841	1
10090.ENSMUSP00000062741	10090.ENSMUSP00000076155	1
10090.ENSMUSP00000020827	10090.ENSMUSP00000021347	1
10090.ENSMUSP00000065645	10090.ENSMUSP00000100062	1
10090.ENSMUSP00000109644	10090.ENSMUSP00000123580	1
10090.ENSMUSP00000030190	10090.ENSMUSP00000138941	1
10090.ENSMUSP00000034947	10090.ENSMUSP00000038056	1
10090.ENSMUSP00000010348	10090.ENSMUSP00000021078	1
10090.ENSMUSP00000130583	10090.ENSMUSP00000099878	1
10090.ENSMUSP00000004206	10090.ENSMUSP00000104265	1
10090.ENSMUSP00000114332	10090.ENSMUSP00000100516	1
10090.ENSMUSP00000033342	10090.ENSMUSP00000100997	1
10090.ENSMUSP00000046016	10090.ENSMUSP00000130722	1
10090.ENSMUSP00000115571	10090.ENSMUSP00000136247	1
10090.ENSMUSP00000103828	10090.ENSMUSP00000081572	1
10090.ENSMUSP00000021728	10090.ENSMUSP00000119547	1
10090.ENSMUSP00000021277	10090.ENSMUSP00000079124	1
10090.ENSMUSP00000031729	10090.ENSMUSP00000006787	1
10090.ENSMUSP00000032508	10090.ENSMUSP00000079306	1
10090.ENSMUSP00000015901	10090.ENSMUSP00000044178	1
10090.ENSMUSP00000114195	10090.ENSMUSP00000110626	1
10090.ENSMUSP00000138911	10090.ENSMUSP00000096193	1
10090.ENSMUSP00000135815	10090.ENSMUSP00000073161	1
10090.ENSMUSP00000046506	10090.ENSMUSP00000076447	1
10090.ENSMUSP00000004206	10090.ENSMUSP00000099757	1
10090.ENSMUSP00000113722	10090.ENSMUSP00000031695	1
10090.ENSMUSP00000000834	10090.ENSMUSP00000115702	1
10090.ENSMUSP00000053489	10090.ENSMUSP00000096847	1
10090.ENSMUSP00000113294	10090.ENSMUSP00000018877	1
10090.ENSMUSP00000101744	10090.ENSMUSP00000035220	1
10090.ENSMUSP00000033326	10090.ENSMUSP00000107574	1
10090.ENSMUSP00000046539	10090.ENSMUSP00000098398	1
10090.ENSMUSP00000023217	10090.ENSMUSP00000047123	1
10090.ENSMUSP00000025137	10090.ENSMUSP00000119920	1
10090.ENSMUSP00000043153	10090.ENSMUSP00000067305	1
10090.ENSMUSP00000133642	10090.ENSMUSP00000132472	1
10090.ENSMUSP00000028068	10090.ENSMUSP00000040694	1
10090.ENSMUSP00000007482	10090.ENSMUSP00000015816	1
10090.ENSMUSP00000029842	10090.ENSMUSP00000124486	1
10090.ENSMUSP00000028767	10090.ENSMUSP00000126874	1
10090.ENSMUSP00000004072	10090.ENSMUSP00000118798	1
10090.ENSMUSP00000023391	10090.ENSMUSP00000120985	1
10090.ENSMUSP00000122666	10090.ENSMUSP00000043996	1
10090.ENSMUSP00000020203	10090.ENSMUSP00000064515	1
10090.ENSMUSP00000020550	10090.ENSMUSP00000047950	1
10090.ENSMUSP00000006046	10090.ENSMUSP00000036320	1
10090.ENSMUSP00000093980	10090.ENSMUSP00000125691	1
10090.ENSMUSP00000116556	10090.ENSMUSP00000136287	1
10090.ENSMUSP00000121463	10090.ENSMUSP00000131938	1
10090.ENSMUSP00000017572	10090.ENSMUSP00000089728	1
10090.ENSMUSP00000043111	10090.ENSMUSP00000072320	1
10090.ENSMUSP00000030538	10090.ENSMUSP00000029171	1
10090.ENSMUSP00000022803	10090.ENSMUSP00000029082	1
10090.ENSMUSP00000103115	10090.ENSMUSP00000120075	1
10090.ENSMUSP00000102853	10090.ENSMUSP00000111301	1
10090.ENSMUSP00000032998	10090.ENSMUSP00000138534	1
10090.ENSMUSP00000138057	10090.ENSMUSP00000029082	1
10090.ENSMUSP00000117925	10090.ENSMUSP00000109568	1
10090.ENSMUSP00000122681	10090.ENSMUSP00000133591	1
10090.ENSMUSP00000047627	10090.ENSMUSP00000099909	1
10090.ENSMUSP00000112656	10090.ENSMUSP00000124966	1
10090.ENSMUSP00000137694	10090.ENSMUSP00000059143	1
10090.ENSMUSP00000043462	10090.ENSMUSP00000099909	1
10090.ENSMUSP00000023504	10090.ENSMUSP00000105234	1
10090.ENSMUSP00000121842	10090.ENSMUSP00000099632	1
10090.ENSMUSP00000043662	10090.ENSMUSP00000116478	1
10090.ENSMUSP00000098903	10090.ENSMUSP00000121172	1
10090.ENSMUSP00000138534	10090.ENSMUSP00000132102	1
10090.ENSMUSP00000038352	10090.ENSMUSP00000046016	1
10090.ENSMUSP00000016452	10090.ENSMUSP00000059129	1
10090.ENSMUSP00000019576	10090.ENSMUSP00000133204	1
10090.ENSMUSP00000108911	10090.ENSMUSP00000070983	1
10090.ENSMUSP00000022601	10090.ENSMUSP00000030117	1
10090.ENSMUSP00000099888	10090.ENSMUSP00000111393	1
10090.ENSMUSP00000123620	10090.ENSMUSP00000038014	1
10090.ENSMUSP00000125691	10090.ENSMUSP00000129834	1
10090.ENSMUSP00000120776	10090.ENSMUSP00000099962	1
10090.ENSMUSP00000104265	10090.ENSMUSP00000126294	1
10090.ENSMUSP00000047950	10090.ENSMUSP00000020307	1
10090.ENSMUSP00000044653	10090.ENSMUSP00000084252	1
10090.ENSMUSP00000104265	10090.ENSMUSP00000048469	1
10090.ENSMUSP00000121545	10090.ENSMUSP00000121900	1
10090.ENSMUSP00000037631	10090.ENSMUSP00000056855	1
10090.ENSMUSP00000106967	10090.ENSMUSP00000029423	1
10090.ENSMUSP00000028363	10090.ENSMUSP00000092630	1
10090.ENSMUSP00000041794	10090.ENSMUSP00000046016	1
10090.ENSMUSP00000138253	10090.ENSMUSP00000104298	1
10090.ENSMUSP00000115766	10090.ENSMUSP00000044831	1
10090.ENSMUSP00000113731	10090.ENSMUSP00000032936	1
10090.ENSMUSP00000043363	10090.ENSMUSP00000122534	1
10090.ENSMUSP00000136294	10090.ENSMUSP00000018407	1
10090.ENSMUSP00000063804	10090.ENSMUSP00000034391	1
10090.ENSMUSP00000107584	10090.ENSMUSP00000125502	1
10090.ENSMUSP00000022245	10090.ENSMUSP00000032124	1
10090.ENSMUSP00000021784	10090.ENSMUSP00000115586	1
10090.ENSMUSP00000049882	10090.ENSMUSP00000130428	1
10090.ENSMUSP00000030348	10090.ENSMUSP00000108788	1
10090.ENSMUSP00000136929	10090.ENSMUSP00000117834	1
10090.ENSMUSP00000034863	10090.ENSMUSP00000121138	1
10090.ENSMUSP00000086852	10090.ENSMUSP00000106249	1
10090.ENSMUSP00000086312	10090.ENSMUSP00000055941	1
10090.ENSMUSP00000030743	10090.ENSMUSP00000119666	1
10090.ENSMUSP00000015816	10090.ENSMUSP00000120985	1
10090.ENSMUSP00000030348	10090.ENSMUSP00000044548	1
10090.ENSMUSP00000018246	10090.ENSMUSP00000117361	1
10090.ENSMUSP00000034827	10090.ENSMUSP00000117461	1
10090.ENSMUSP00000049132	10090.ENSMUSP00000103861	1
10090.ENSMUSP00000003911	10090.ENSMUSP00000132604	1
10090.ENSMUSP00000020372	10090.ENSMUSP00000038961	1
10090.ENSMUSP00000000756	10090.ENSMUSP00000026420	1
10090.ENSMUSP00000106967	10090.ENSMUSP00000066488	1
10090.ENSMUSP00000027846	10090.ENSMUSP00000131454	1
10090.ENSMUSP00000136929	10090.ENSMUSP00000114529	1
10090.ENSMUSP00000139988	10090.ENSMUSP00000137939	1
10090.ENSMUSP00000005711	10090.ENSMUSP00000113588	1
10090.ENSMUSP00000110443	10090.ENSMUSP00000035092	1
10090.ENSMUSP00000078361	10090.ENSMUSP00000070415	1
10090.ENSMUSP00000083561	10090.ENSMUSP00000037925	1
10090.ENSMUSP00000043790	10090.ENSMUSP00000091624	1
10090.ENSMUSP00000013949	10090.ENSMUSP00000020316	1
10090.ENSMUSP00000007482	10090.ENSMUSP00000039951	1
10090.ENSMUSP00000139929	10090.ENSMUSP00000079124	1
10090.ENSMUSP00000009143	10090.ENSMUSP00000108226	1
10090.ENSMUSP00000120880	10090.ENSMUSP00000136042	1
10090.ENSMUSP00000106967	10090.ENSMUSP00000135138	1
10090.ENSMUSP00000028997	10090.ENSMUSP00000039844	1
10090.ENSMUSP00000127030	10090.ENSMUSP00000110305	1
10090.ENSMUSP00000104700	10090.ENSMUSP00000060137	1
10090.ENSMUSP00000120901	10090.ENSMUSP00000046016	1
10090.ENSMUSP00000119174	10090.ENSMUSP00000038833	1
10090.ENSMUSP00000099878	10090.ENSMUSP00000103940	1
10090.ENSMUSP00000107627	10090.ENSMUSP00000117993	1
10090.ENSMUSP00000022601	10090.ENSMUSP00000055941	1
10090.ENSMUSP00000030404	10090.ENSMUSP00000113678	1
10090.ENSMUSP00000121554	10090.ENSMUSP00000114545	1
10090.ENSMUSP00000029275	10090.ENSMUSP00000119185	1
10090.ENSMUSP00000117246	10090.ENSMUSP00000039621	1
10090.ENSMUSP00000028852	10090.ENSMUSP00000113460	1
10090.ENSMUSP00000007042	10090.ENSMUSP00000032723	1
10090.ENSMUSP00000140441	10090.ENSMUSP00000128529	1
10090.ENSMUSP00000026217	10090.ENSMUSP00000129831	1
10090.ENSMUSP00000138388	10090.ENSMUSP00000130858	1
10090.ENSMUSP00000021413	10090.ENSMUSP00000099001	1
10090.ENSMUSP00000114734	10090.ENSMUSP00000118813	1
10090.ENSMUSP00000029214	10090.ENSMUSP00000117925	1
10090.ENSMUSP00000074160	10090.ENSMUSP00000032723	1
10090.ENSMUSP00000006181	10090.ENSMUSP00000121880	1
10090.ENSMUSP00000136294	10090.ENSMUSP00000009392	1
10090.ENSMUSP00000117795	10090.ENSMUSP00000098029	1
10090.ENSMUSP00000054104	10090.ENSMUSP00000057543	1
10090.ENSMUSP00000120880	10090.ENSMUSP00000132102	1
10090.ENSMUSP00000106249	10090.ENSMUSP00000110886	1
10090.ENSMUSP00000004396	10090.ENSMUSP00000107627	1
10090.ENSMUSP00000032840	10090.ENSMUSP00000130722	1
10090.ENSMUSP00000003529	10090.ENSMUSP00000086312	1
10090.ENSMUSP00000139867	10090.ENSMUSP00000101532	1
10090.ENSMUSP00000135672	10090.ENSMUSP00000080832	1
10090.ENSMUSP00000101501	10090.ENSMUSP00000115738	1
10090.ENSMUSP00000033582	10090.ENSMUSP00000080997	1
10090.ENSMUSP00000031617	10090.ENSMUSP00000114332	1
10090.ENSMUSP00000046506	10090.ENSMUSP00000106249	1
10090.ENSMUSP00000010550	10090.ENSMUSP00000116306	1
10090.ENSMUSP00000110314	10090.ENSMUSP00000117182	1
10090.ENSMUSP00000025404	10090.ENSMUSP00000032416	1
10090.ENSMUSP00000081001	10090.ENSMUSP00000121557	1
10090.ENSMUSP00000021692	10090.ENSMUSP00000140344	1
10090.ENSMUSP00000022303	10090.ENSMUSP00000134161	1
10090.ENSMUSP00000075709	10090.ENSMUSP00000116478	1
10090.ENSMUSP00000112595	10090.ENSMUSP00000107574	1
10090.ENSMUSP00000110731	10090.ENSMUSP00000128416	1
10090.ENSMUSP00000012259	10090.ENSMUSP00000034411	1
10090.ENSMUSP00000113512	10090.ENSMUSP00000119535	1
10090.ENSMUSP00000072175	10090.ENSMUSP00000101874	1
10090.ENSMUSP00000027587	10090.ENSMUSP00000112656	1
10090.ENSMUSP00000104233	10090.ENSMUSP00000032264	1
10090.ENSMUSP00000071464	10090.ENSMUSP00000102711	1
10090.ENSMUSP00000034966	10090.ENSMUSP00000100795	1
10090.ENSMUSP00000026420	10090.ENSMUSP00000106249	1
10090.ENSMUSP00000099001	10090.ENSMUSP00000121138	1
10090.ENSMUSP00000030243	10090.ENSMUSP00000110626	1
10090.ENSMUSP00000105234	10090.ENSMUSP00000112836	1
10090.ENSMUSP00000098097	10090.ENSMUSP00000138555	1
10090.ENSMUSP00000046506	10090.ENSMUSP00000110886	1
10090.ENSMUSP00000053551	10090.ENSMUSP00000033485	1
10090.ENSMUSP00000029866	10090.ENSMUSP00000090382	1
10090.ENSMUSP00000019071	10090.ENSMUSP00000062588	1
10090.ENSMUSP00000031345	10090.ENSMUSP00000098097	1
10090.ENSMUSP00000064515	10090.ENSMUSP00000091840	1
10090.ENSMUSP00000038961	10090.ENSMUSP00000054856	1
10090.ENSMUSP00000040331	10090.ENSMUSP00000047208	1
10090.ENSMUSP00000031061	10090.ENSMUSP00000038505	1
10090.ENSMUSP00000029574	10090.ENSMUSP00000037858	1
10090.ENSMUSP00000003117	10090.ENSMUSP00000068487	1
10090.ENSMUSP00000119952	10090.ENSMUSP00000030190	1
10090.ENSMUSP00000034731	10090.ENSMUSP00000112340	1
10090.ENSMUSP00000028232	10090.ENSMUSP00000125754	1
10090.ENSMUSP00000079670	10090.ENSMUSP00000111301	1
10090.ENSMUSP00000042457	10090.ENSMUSP00000054863	1
10090.ENSMUSP00000032597	10090.ENSMUSP00000072320	1
10090.ENSMUSP00000106295	10090.ENSMUSP00000059129	1
10090.ENSMUSP00000052444	10090.ENSMUSP00000092732	1
10090.ENSMUSP00000028981	10090.ENSMUSP00000106453	1
10090.ENSMUSP00000101732	10090.ENSMUSP00000031670	1
10090.ENSMUSP00000116996	10090.ENSMUSP00000022803	1
10090.ENSMUSP00000114959	10090.ENSMUSP00000092845	1
10090.ENSMUSP00000063201	10090.ENSMUSP00000081778	1
10090.ENSMUSP00000122477	10090.ENSMUSP00000039621	1
10090.ENSMUSP00000026125	10090.ENSMUSP00000047797	1
10090.ENSMUSP00000016680	10090.ENSMUSP00000019517	1
10090.ENSMUSP00000004910	10090.ENSMUSP00000126825	1
10090.ENSMUSP00000032843	10090.ENSMUSP00000074190	1
10090.ENSMUSP00000014913	10090.ENSMUSP00000040741	1
10090.ENSMUSP00000025014	10090.ENSMUSP00000112451	1
10090.ENSMUSP00000127752	10090.ENSMUSP00000030660	1
10090.ENSMUSP00000109644	10090.ENSMUSP00000121845	1
10090.ENSMUSP00000104700	10090.ENSMUSP00000106394	1
10090.ENSMUSP00000027491	10090.ENSMUSP00000097281	1
10090.ENSMUSP00000033070	10090.ENSMUSP00000139396	1
10090.ENSMUSP00000023059	10090.ENSMUSP00000039621	1
10090.ENSMUSP00000026125	10090.ENSMUSP00000030014	1
10090.ENSMUSP00000098029	10090.ENSMUSP00000113645	1
10090.ENSMUSP00000110305	10090.ENSMUSP00000114924	1
10090.ENSMUSP00000122985	10090.ENSMUSP00000033342	1
10090.ENSMUSP00000113722	10090.ENSMUSP00000096445	1
10090.ENSMUSP00000026013	10090.ENSMUSP00000040550	1
10090.ENSMUSP00000027931	10090.ENSMUSP00000121138	1
10090.ENSMUSP00000080221	10090.ENSMUSP00000111942	1
10090.ENSMUSP00000040840	10090.ENSMUSP00000057406	1
10090.ENSMUSP00000139075	10090.ENSMUSP00000070503	1
10090.ENSMUSP00000027438	10090.ENSMUSP00000099878	1
10090.ENSMUSP00000112611	10090.ENSMUSP00000039243	1
10090.ENSMUSP00000025014	10090.ENSMUSP00000080743	1
10090.ENSMUSP00000011450	10090.ENSMUSP00000116478	1
10090.ENSMUSP00000036227	10090.ENSMUSP00000047931	1
10090.ENSMUSP00000013949	10090.ENSMUSP00000026062	1
10090.ENSMUSP00000027488	10090.ENSMUSP00000092832	1
10090.ENSMUSP00000026093	10090.ENSMUSP00000105094	1
10090.ENSMUSP00000086204	10090.ENSMUSP00000105767	1
10090.ENSMUSP00000098097	10090.ENSMUSP00000101501	1
10090.ENSMUSP00000005826	10090.ENSMUSP00000007005	1
10090.ENSMUSP00000038352	10090.ENSMUSP00000080523	1
10090.ENSMUSP00000133466	10090.ENSMUSP00000033713	1
10090.ENSMUSP00000040001	10090.ENSMUSP00000097095	1
10090.ENSMUSP00000089519	10090.ENSMUSP00000133867	1
10090.ENSMUSP00000028981	10090.ENSMUSP00000045901	1
10090.ENSMUSP00000009774	10090.ENSMUSP00000070002	1
10090.ENSMUSP00000010278	10090.ENSMUSP00000037597	1
10090.ENSMUSP00000006838	10090.ENSMUSP00000102393	1
10090.ENSMUSP00000121624	10090.ENSMUSP00000080832	1
10090.ENSMUSP00000052908	10090.ENSMUSP00000138484	1
10090.ENSMUSP00000113722	10090.ENSMUSP00000028599	1
10090.ENSMUSP00000021277	10090.ENSMUSP00000070910	1
10090.ENSMUSP00000027682	10090.ENSMUSP00000042705	1
10090.ENSMUSP00000114149	10090.ENSMUSP00000101616	1
10090.ENSMUSP00000002818	10090.ENSMUSP00000112611	1
10090.ENSMUSP00000027312	10090.ENSMUSP00000039621	1
10090.ENSMUSP00000021706	10090.ENSMUSP00000121968	1
10090.ENSMUSP00000026416	10090.ENSMUSP00000032824	1
10090.ENSMUSP00000019058	10090.ENSMUSP00000075423	1
10090.ENSMUSP00000030687	10090.ENSMUSP00000067897	1
10090.ENSMUSP00000027810	10090.ENSMUSP00000119816	1
10090.ENSMUSP00000124792	10090.ENSMUSP00000130535	1
10090.ENSMUSP00000124060	10090.ENSMUSP00000023525	1
10090.ENSMUSP00000004396	10090.ENSMUSP00000119988	1
10090.ENSMUSP00000099437	10090.ENSMUSP00000053046	1
10090.ENSMUSP00000044178	10090.ENSMUSP00000128421	1
10090.ENSMUSP00000021428	10090.ENSMUSP00000030734	1
10090.ENSMUSP00000054490	10090.ENSMUSP00000133642	1
10090.ENSMUSP00000010044	10090.ENSMUSP00000025803	1
10090.ENSMUSP00000056008	10090.ENSMUSP00000098626	1
10090.ENSMUSP00000002839	10090.ENSMUSP00000106453	1
10090.ENSMUSP00000101789	10090.ENSMUSP00000112595	1
10090.ENSMUSP00000104298	10090.ENSMUSP00000073289	1
10090.ENSMUSP00000112512	10090.ENSMUSP00000042658	1
10090.ENSMUSP00000031617	10090.ENSMUSP00000078388	1
10090.ENSMUSP00000133334	10090.ENSMUSP00000020576	1
10090.ENSMUSP00000023036	10090.ENSMUSP00000095873	1
10090.ENSMUSP00000073880	10090.ENSMUSP00000123410	1
10090.ENSMUSP00000103828	10090.ENSMUSP00000020397	1
10090.ENSMUSP00000121108	10090.ENSMUSP00000120528	1
10090.ENSMUSP00000034827	10090.ENSMUSP00000113431	1
10090.ENSMUSP00000008036	10090.ENSMUSP00000032597	1
10090.ENSMUSP00000043462	10090.ENSMUSP00000124819	1
10090.ENSMUSP00000030738	10090.ENSMUSP00000103876	1
10090.ENSMUSP00000115919	10090.ENSMUSP00000058432	1
10090.ENSMUSP00000099757	10090.ENSMUSP00000126825	1
10090.ENSMUSP00000139988	10090.ENSMUSP00000057844	1
10090.ENSMUSP00000003529	10090.ENSMUSP00000025053	1
10090.ENSMUSP00000032471	10090.ENSMUSP00000042705	1
10090.ENSMUSP00000121806	10090.ENSMUSP00000130535	1
10090.ENSMUSP00000025679	10090.ENSMUSP00000139929	1
10090.ENSMUSP00000117595	10090.ENSMUSP00000098097	1
10090.ENSMUSP00000074600	10090.ENSMUSP00000105796	1
10090.ENSMUSP00000055941	10090.ENSMUSP00000127507	1
10090.ENSMUSP00000101860	10090.ENSMUSP00000120139	1
10090.ENSMUSP00000121815	10090.ENSMUSP00000100599	1
10090.ENSMUSP00000118439	10090.ENSMUSP00000131330	1
10090.ENSMUSP00000126143	10090.ENSMUSP00000103828	1
10090.ENSMUSP00000004200	10090.ENSMUSP00000063976	1
10090.ENSMUSP00000123410	10090.ENSMUSP00000128232	1
10090.ENSMUSP00000071202	10090.ENSMUSP00000103115	1
10090.ENSMUSP00000003529	10090.ENSMUSP00000056604	1
10090.ENSMUSP00000104088	10090.ENSMUSP00000117618	1
10090.ENSMUSP00000121624	10090.ENSMUSP00000117859	1
10090.ENSMUSP00000121554	10090.ENSMUSP00000117539	1
10090.ENSMUSP00000044582	10090.ENSMUSP00000115824	1
10090.ENSMUSP00000049852	10090.ENSMUSP00000124642	1
10090.ENSMUSP00000118998	10090.ENSMUSP00000116517	1
10090.ENSMUSP00000123695	10090.ENSMUSP00000133372	1
10090.ENSMUSP00000006435	10090.ENSMUSP00000120436	1
10090.ENSMUSP00000116968	10090.ENSMUSP00000028225	1
10090.ENSMUSP00000002818	10090.ENSMUSP00000044877	1
10090.ENSMUSP00000027123	10090.ENSMUSP00000060793	1
10090.ENSMUSP00000031670	10090.ENSMUSP00000099673	1
10090.ENSMUSP00000112743	10090.ENSMUSP00000139675	1
10090.ENSMUSP00000136556	10090.ENSMUSP00000123780	1
10090.ENSMUSP00000080993	10090.ENSMUSP00000080996	1
10090.ENSMUSP00000001834	10090.ENSMUSP00000010434	1
10090.ENSMUSP00000099541	10090.ENSMUSP00000128915	1
10090.ENSMUSP00000002198	10090.ENSMUSP00000108911	1
10090.ENSMUSP00000082548	10090.ENSMUSP00000123780	1
10090.ENSMUSP00000134598	10090.ENSMUSP00000020579	1
10090.ENSMUSP00000116306	10090.ENSMUSP00000080743	1
10090.ENSMUSP00000023036	10090.ENSMUSP00000140325	1
10090.ENSMUSP00000025867	10090.ENSMUSP00000115755	1
10090.ENSMUSP00000000727	10090.ENSMUSP00000089590	1
10090.ENSMUSP00000009617	10090.ENSMUSP00000109604	1
10090.ENSMUSP00000086312	10090.ENSMUSP00000101858	1
10090.ENSMUSP00000090585	10090.ENSMUSP00000043204	1
10090.ENSMUSP00000125442	10090.ENSMUSP00000117229	1
10090.ENSMUSP00000032915	10090.ENSMUSP00000135705	1
10090.ENSMUSP00000128667	10090.ENSMUSP00000043085	1
10090.ENSMUSP00000112611	10090.ENSMUSP00000025357	1
10090.ENSMUSP00000005611	10090.ENSMUSP00000048218	1
10090.ENSMUSP00000028584	10090.ENSMUSP00000112743	1
10090.ENSMUSP00000071616	10090.ENSMUSP00000117834	1
10090.ENSMUSP00000021950	10090.ENSMUSP00000114823	1
10090.ENSMUSP00000116376	10090.ENSMUSP00000068487	1
10090.ENSMUSP00000119261	10090.ENSMUSP00000128889	1
10090.ENSMUSP00000048836	10090.ENSMUSP00000065706	1
10090.ENSMUSP00000104265	10090.ENSMUSP00000032998	1
10090.ENSMUSP00000033161	10090.ENSMUSP00000134929	1
10090.ENSMUSP00000028663	10090.ENSMUSP00000107641	1
10090.ENSMUSP00000022098	10090.ENSMUSP00000095322	1
10090.ENSMUSP00000026062	10090.ENSMUSP00000050295	1
10090.ENSMUSP00000006565	10090.ENSMUSP00000112841	1
10090.ENSMUSP00000130492	10090.ENSMUSP00000016680	1
10090.ENSMUSP00000020911	10090.ENSMUSP00000087119	1
10090.ENSMUSP00000086312	10090.ENSMUSP00000126565	1
10090.ENSMUSP00000007980	10090.ENSMUSP00000117225	1
10090.ENSMUSP00000099702	10090.ENSMUSP00000103306	1
10090.ENSMUSP00000082548	10090.ENSMUSP00000096932	1
10090.ENSMUSP00000017610	10090.ENSMUSP00000120628	1
10090.ENSMUSP00000032094	10090.ENSMUSP00000099702	1
10090.ENSMUSP00000006181	10090.ENSMUSP00000102627	1
10090.ENSMUSP00000024763	10090.ENSMUSP00000075226	1
10090.ENSMUSP00000050047	10090.ENSMUSP00000133045	1
10090.ENSMUSP00000119952	10090.ENSMUSP00000109230	1
10090.ENSMUSP00000027743	10090.ENSMUSP00000118220	1
10090.ENSMUSP00000044548	10090.ENSMUSP00000098807	1
10090.ENSMUSP00000027587	10090.ENSMUSP00000129834	1
10090.ENSMUSP00000058697	10090.ENSMUSP00000112418	1
10090.ENSMUSP00000102145	10090.ENSMUSP00000032723	1
10090.ENSMUSP00000044568	10090.ENSMUSP00000078459	1
10090.ENSMUSP00000116027	10090.ENSMUSP00000140338	1
10090.ENSMUSP00000014913	10090.ENSMUSP00000017572	1
10090.ENSMUSP00000131458	10090.ENSMUSP00000126345	1
10090.ENSMUSP00000026125	10090.ENSMUSP00000131785	1
10090.ENSMUSP00000119805	10090.ENSMUSP00000021001	1
10090.ENSMUSP00000025867	10090.ENSMUSP00000080608	1
10090.ENSMUSP00000122738	10090.ENSMUSP00000030734	1
10090.ENSMUSP00000121452	10090.ENSMUSP00000039688	1
10090.ENSMUSP00000130918	10090.ENSMUSP00000032882	1
10090.ENSMUSP00000034311	10090.ENSMUSP00000044993	1
10090.ENSMUSP00000032500	10090.ENSMUSP00000033070	1
10090.ENSMUSP00000008036	10090.ENSMUSP00000114529	1
10090.ENSMUSP00000024766	10090.ENSMUSP00000103876	1
10090.ENSMUSP00000004949	10090.ENSMUSP00000130492	1
10090.ENSMUSP00000027256	10090.ENSMUSP00000037783	1
10090.ENSMUSP00000106984	10090.ENSMUSP00000076160	1
10090.ENSMUSP00000064826	10090.ENSMUSP00000105717	1
10090.ENSMUSP00000002198	10090.ENSMUSP00000063976	1
10090.ENSMUSP00000040048	10090.ENSMUSP00000114325	1
10090.ENSMUSP00000005606	10090.ENSMUSP00000028999	1
10090.ENSMUSP00000026557	10090.ENSMUSP00000052262	1
10090.ENSMUSP00000020908	10090.ENSMUSP00000104298	1
10090.ENSMUSP00000020608	10090.ENSMUSP00000110731	1
10090.ENSMUSP00000004396	10090.ENSMUSP00000117993	1
10090.ENSMUSP00000139467	10090.ENSMUSP00000106014	1
10090.ENSMUSP00000108564	10090.ENSMUSP00000047123	1
10090.ENSMUSP00000054490	10090.ENSMUSP00000136042	1
10090.ENSMUSP00000020163	10090.ENSMUSP00000033154	1
10090.ENSMUSP00000099437	10090.ENSMUSP00000026662	1
10090.ENSMUSP00000070728	10090.ENSMUSP00000086701	1
10090.ENSMUSP00000024763	10090.ENSMUSP00000062326	1
10090.ENSMUSP00000104265	10090.ENSMUSP00000139568	1
10090.ENSMUSP00000008748	10090.ENSMUSP00000040431	1
10090.ENSMUSP00000034499	10090.ENSMUSP00000140225	1
10090.ENSMUSP00000003268	10090.ENSMUSP00000139503	1
10090.ENSMUSP00000109644	10090.ENSMUSP00000113722	1
10090.ENSMUSP00000139904	10090.ENSMUSP00000072334	1
10090.ENSMUSP00000113222	10090.ENSMUSP00000137472	1
10090.ENSMUSP00000130722	10090.ENSMUSP00000131489	1
10090.ENSMUSP00000044932	10090.ENSMUSP00000116511	1
10090.ENSMUSP00000110846	10090.ENSMUSP00000137542	1
10090.ENSMUSP00000024851	10090.ENSMUSP00000028981	1
10090.ENSMUSP00000024763	10090.ENSMUSP00000025743	1
10090.ENSMUSP00000015749	10090.ENSMUSP00000139284	1
10090.ENSMUSP00000044134	10090.ENSMUSP00000126098	1
10090.ENSMUSP00000031606	10090.ENSMUSP00000107339	1
10090.ENSMUSP00000020478	10090.ENSMUSP00000081772	1
10090.ENSMUSP00000019911	10090.ENSMUSP00000114734	1
10090.ENSMUSP00000115232	10090.ENSMUSP00000033131	1
10090.ENSMUSP00000104950	10090.ENSMUSP00000121624	1
10090.ENSMUSP00000134069	10090.ENSMUSP00000006579	1
10090.ENSMUSP00000124696	10090.ENSMUSP00000125373	1
10090.ENSMUSP00000031670	10090.ENSMUSP00000049175	1
10090.ENSMUSP00000081021	10090.ENSMUSP00000123596	1
10090.ENSMUSP00000048078	10090.ENSMUSP00000123324	1
10090.ENSMUSP00000022212	10090.ENSMUSP00000073041	1
10090.ENSMUSP00000025997	10090.ENSMUSP00000101860	1
10090.ENSMUSP00000115020	10090.ENSMUSP00000113365	1
10090.ENSMUSP00000121957	10090.ENSMUSP00000050292	1
10090.ENSMUSP00000017692	10090.ENSMUSP00000043492	1
10090.ENSMUSP00000032840	10090.ENSMUSP00000112993	1
10090.ENSMUSP00000138276	10090.ENSMUSP00000115578	1
10090.ENSMUSP00000080608	10090.ENSMUSP00000137596	1
10090.ENSMUSP00000113704	10090.ENSMUSP00000110886	1
10090.ENSMUSP00000038958	10090.ENSMUSP00000098096	1
10090.ENSMUSP00000114692	10090.ENSMUSP00000080608	1
10090.ENSMUSP00000131079	10090.ENSMUSP00000106238	1
10090.ENSMUSP00000034703	10090.ENSMUSP00000070070	1
10090.ENSMUSP00000032841	10090.ENSMUSP00000114402	1
10090.ENSMUSP00000022960	10090.ENSMUSP00000034966	1
10090.ENSMUSP00000118239	10090.ENSMUSP00000126874	1
10090.ENSMUSP00000109179	10090.ENSMUSP00000128834	1
10090.ENSMUSP00000032124	10090.ENSMUSP00000119535	1
10090.ENSMUSP00000096475	10090.ENSMUSP00000039784	1
10090.ENSMUSP00000004072	10090.ENSMUSP00000009693	1
10090.ENSMUSP00000015901	10090.ENSMUSP00000030014	1
10090.ENSMUSP00000048078	10090.ENSMUSP00000120075	1
10090.ENSMUSP00000138184	10090.ENSMUSP00000113678	1
10090.ENSMUSP00000117524	10090.ENSMUSP00000029549	1
10090.ENSMUSP00000110994	10090.ENSMUSP00000108807	1
10090.ENSMUSP00000126143	10090.ENSMUSP00000021345	1
10090.ENSMUSP00000131079	10090.ENSMUSP00000106459	1
10090.ENSMUSP00000133370	10090.ENSMUSP00000027053	1
10090.ENSMUSP00000026416	10090.ENSMUSP00000117732	1
10090.ENSMUSP00000066210	10090.ENSMUSP00000121279	1
10090.ENSMUSP00000030734	10090.ENSMUSP00000125738	1
10090.ENSMUSP00000024763	10090.ENSMUSP00000120528	1
10090.ENSMUSP00000080832	10090.ENSMUSP00000093959	1
10090.ENSMUSP00000084586	10090.ENSMUSP00000108493	1
10090.ENSMUSP00000026743	10090.ENSMUSP00000041820	1
10090.ENSMUSP00000027291	10090.ENSMUSP00000103558	1
10090.ENSMUSP00000136977	10090.ENSMUSP00000107641	1
10090.ENSMUSP00000034966	10090.ENSMUSP00000100599	1
10090.ENSMUSP00000032998	10090.ENSMUSP00000033342	1
10090.ENSMUSP00000117595	10090.ENSMUSP00000114959	1
10090.ENSMUSP00000120776	10090.ENSMUSP00000126294	1
10090.ENSMUSP00000000137	10090.ENSMUSP00000138673	1
10090.ENSMUSP00000023449	10090.ENSMUSP00000116376	1
10090.ENSMUSP00000109313	10090.ENSMUSP00000055941	1
10090.ENSMUSP00000101855	10090.ENSMUSP00000118333	1
10090.ENSMUSP00000017692	10090.ENSMUSP00000106717	1
10090.ENSMUSP00000036907	10090.ENSMUSP00000041118	1
10090.ENSMUSP00000038505	10090.ENSMUSP00000043618	1
10090.ENSMUSP00000019631	10090.ENSMUSP00000031695	1
10090.ENSMUSP00000033135	10090.ENSMUSP00000120528	1
10090.ENSMUSP00000042457	10090.ENSMUSP00000078388	1
10090.ENSMUSP00000128529	10090.ENSMUSP00000103869	1
10090.ENSMUSP00000025805	10090.ENSMUSP00000074232	1
10090.ENSMUSP00000001812	10090.ENSMUSP00000002708	1
10090.ENSMUSP00000032800	10090.ENSMUSP00000027764	1
10090.ENSMUSP00000020550	10090.ENSMUSP00000032094	1
10090.ENSMUSP00000101441	10090.ENSMUSP00000075624	1
10090.ENSMUSP00000003574	10090.ENSMUSP00000106985	1
10090.ENSMUSP00000024004	10090.ENSMUSP00000027372	1
10090.ENSMUSP00000022971	10090.ENSMUSP00000026416	1
10090.ENSMUSP00000028311	10090.ENSMUSP00000099909	1
10090.ENSMUSP00000074160	10090.ENSMUSP00000099994	1
10090.ENSMUSP00000052170	10090.ENSMUSP00000126245	1
10090.ENSMUSP00000032485	10090.ENSMUSP00000078123	1
10090.ENSMUSP00000007959	10090.ENSMUSP00000021689	1
10090.ENSMUSP00000007980	10090.ENSMUSP00000124950	1
10090.ENSMUSP00000138061	10090.ENSMUSP00000119975	1
10090.ENSMUSP00000001809	10090.ENSMUSP00000025350	1
10090.ENSMUSP00000104298	10090.ENSMUSP00000112594	1
10090.ENSMUSP00000118198	10090.ENSMUSP00000057854	1
10090.ENSMUSP00000121452	10090.ENSMUSP00000048204	1
10090.ENSMUSP00000117144	10090.ENSMUSP00000118354	1
10090.ENSMUSP00000003017	10090.ENSMUSP00000026552	1
10090.ENSMUSP00000120843	10090.ENSMUSP00000125502	1
10090.ENSMUSP00000018430	10090.ENSMUSP00000028225	1
10090.ENSMUSP00000121452	10090.ENSMUSP00000091840	1
10090.ENSMUSP00000018614	10090.ENSMUSP00000030376	1
10090.ENSMUSP00000002473	10090.ENSMUSP00000028278	1
10090.ENSMUSP00000021692	10090.ENSMUSP00000102853	1
10090.ENSMUSP00000002303	10090.ENSMUSP00000049852	1
10090.ENSMUSP00000020085	10090.ENSMUSP00000091374	1
10090.ENSMUSP00000018841	10090.ENSMUSP00000037613	1
10090.ENSMUSP00000023064	10090.ENSMUSP00000108507	1
10090.ENSMUSP00000029803	10090.ENSMUSP00000128421	1
10090.ENSMUSP00000032133	10090.ENSMUSP00000034064	1
10090.ENSMUSP00000020203	10090.ENSMUSP00000086923	1
10090.ENSMUSP00000043901	10090.ENSMUSP00000018333	1
10090.ENSMUSP00000113581	10090.ENSMUSP00000131939	1
10090.ENSMUSP00000048736	10090.ENSMUSP00000076155	1
10090.ENSMUSP00000048204	10090.ENSMUSP00000048377	1
10090.ENSMUSP00000106950	10090.ENSMUSP00000121557	1
10090.ENSMUSP00000120354	10090.ENSMUSP00000116070	1
10090.ENSMUSP00000031478	10090.ENSMUSP00000048802	1
10090.ENSMUSP00000035105	10090.ENSMUSP00000102211	1
10090.ENSMUSP00000030385	10090.ENSMUSP00000082856	1
10090.ENSMUSP00000034827	10090.ENSMUSP00000072320	1
10090.ENSMUSP00000027587	10090.ENSMUSP00000123077	1
10090.ENSMUSP00000121780	10090.ENSMUSP00000124792	1
10090.ENSMUSP00000001485	10090.ENSMUSP00000024763	1
10090.ENSMUSP00000123474	10090.ENSMUSP00000126294	1
10090.ENSMUSP00000109271	10090.ENSMUSP00000126567	1
10090.ENSMUSP00000035218	10090.ENSMUSP00000099740	1
10090.ENSMUSP00000028852	10090.ENSMUSP00000048078	1
10090.ENSMUSP00000053638	10090.ENSMUSP00000076155	1
10090.ENSMUSP00000039568	10090.ENSMUSP00000124741	1
10090.ENSMUSP00000049132	10090.ENSMUSP00000130543	1
10090.ENSMUSP00000014913	10090.ENSMUSP00000029082	1
10090.ENSMUSP00000131458	10090.ENSMUSP00000125394	1
10090.ENSMUSP00000107008	10090.ENSMUSP00000067737	1
10090.ENSMUSP00000078459	10090.ENSMUSP00000070168	1
10090.ENSMUSP00000023036	10090.ENSMUSP00000059129	1
10090.ENSMUSP00000136929	10090.ENSMUSP00000126294	1
10090.ENSMUSP00000019911	10090.ENSMUSP00000098677	1
10090.ENSMUSP00000134342	10090.ENSMUSP00000123782	1
10090.ENSMUSP00000047571	10090.ENSMUSP00000117225	1
10090.ENSMUSP00000021669	10090.ENSMUSP00000119261	1
10090.ENSMUSP00000044497	10090.ENSMUSP00000071202	1
10090.ENSMUSP00000053046	10090.ENSMUSP00000106443	1
10090.ENSMUSP00000114959	10090.ENSMUSP00000112741	1
10090.ENSMUSP00000026663	10090.ENSMUSP00000140729	1
10090.ENSMUSP00000017841	10090.ENSMUSP00000047665	1
10090.ENSMUSP00000002284	10090.ENSMUSP00000108929	1
10090.ENSMUSP00000020657	10090.ENSMUSP00000105738	1
10090.ENSMUSP00000127774	10090.ENSMUSP00000132102	1
10090.ENSMUSP00000023065	10090.ENSMUSP00000123780	1
10090.ENSMUSP00000110443	10090.ENSMUSP00000102913	1
10090.ENSMUSP00000115402	10090.ENSMUSP00000128421	1
10090.ENSMUSP00000056604	10090.ENSMUSP00000102853	1
10090.ENSMUSP00000033394	10090.ENSMUSP00000040271	1
10090.ENSMUSP00000034429	10090.ENSMUSP00000104040	1
10090.ENSMUSP00000121269	10090.ENSMUSP00000029877	1
10090.ENSMUSP00000025385	10090.ENSMUSP00000119139	1
10090.ENSMUSP00000003386	10090.ENSMUSP00000117461	1
10090.ENSMUSP00000087896	10090.ENSMUSP00000119261	1
10090.ENSMUSP00000139903	10090.ENSMUSP00000121876	1
10090.ENSMUSP00000097714	10090.ENSMUSP00000099702	1
10090.ENSMUSP00000032998	10090.ENSMUSP00000138061	1
10090.ENSMUSP00000113549	10090.ENSMUSP00000078459	1
10090.ENSMUSP00000100028	10090.ENSMUSP00000114928	1
10090.ENSMUSP00000078654	10090.ENSMUSP00000113704	1
10090.ENSMUSP00000001845	10090.ENSMUSP00000025891	1
10090.ENSMUSP00000022808	10090.ENSMUSP00000070983	1
10090.ENSMUSP00000124950	10090.ENSMUSP00000126345	1
10090.ENSMUSP00000138253	10090.ENSMUSP00000112595	1
10090.ENSMUSP00000028083	10090.ENSMUSP00000028278	1
10090.ENSMUSP00000030942	10090.ENSMUSP00000055619	1
10090.ENSMUSP00000108849	10090.ENSMUSP00000088845	1
10090.ENSMUSP00000027061	10090.ENSMUSP00000036076	1
10090.ENSMUSP00000032998	10090.ENSMUSP00000138466	1
10090.ENSMUSP00000008036	10090.ENSMUSP00000046016	1
10090.ENSMUSP00000021085	10090.ENSMUSP00000054548	1
10090.ENSMUSP00000025208	10090.ENSMUSP00000116601	1
10090.ENSMUSP00000124741	10090.ENSMUSP00000098843	1
10090.ENSMUSP00000109056	10090.ENSMUSP00000039951	1
10090.ENSMUSP00000121845	10090.ENSMUSP00000113678	1
10090.ENSMUSP00000126122	10090.ENSMUSP00000108246	1
10090.ENSMUSP00000028610	10090.ENSMUSP00000098768	1
10090.ENSMUSP00000024739	10090.ENSMUSP00000070070	1
10090.ENSMUSP00000000137	10090.ENSMUSP00000121201	1
10090.ENSMUSP00000034472	10090.ENSMUSP00000096007	1
10090.ENSMUSP00000136872	10090.ENSMUSP00000137472	1
10090.ENSMUSP00000079124	10090.ENSMUSP00000132145	1
10090.ENSMUSP00000116376	10090.ENSMUSP00000127973	1
10090.ENSMUSP00000015816	10090.ENSMUSP00000116090	1
10090.ENSMUSP00000140457	10090.ENSMUSP00000074600	1
10090.ENSMUSP00000030348	10090.ENSMUSP00000131785	1
10090.ENSMUSP00000019911	10090.ENSMUSP00000140729	1
10090.ENSMUSP00000117153	10090.ENSMUSP00000119136	1
10090.ENSMUSP00000028817	10090.ENSMUSP00000083561	1
10090.ENSMUSP00000025241	10090.ENSMUSP00000088845	1
10090.ENSMUSP00000095380	10090.ENSMUSP00000126630	1
10090.ENSMUSP00000004200	10090.ENSMUSP00000138184	1
10090.ENSMUSP00000091374	10090.ENSMUSP00000080608	1
10090.ENSMUSP00000054863	10090.ENSMUSP00000127507	1
10090.ENSMUSP00000070983	10090.ENSMUSP00000101146	1
10090.ENSMUSP00000027491	10090.ENSMUSP00000034136	1
10090.ENSMUSP00000123398	10090.ENSMUSP00000107730	1
10090.ENSMUSP00000015891	10090.ENSMUSP00000027743	1
10090.ENSMUSP00000054169	10090.ENSMUSP00000066679	1
10090.ENSMUSP00000023036	10090.ENSMUSP00000095380	1
10090.ENSMUSP00000124060	10090.ENSMUSP00000136975	1
10090.ENSMUSP00000027974	10090.ENSMUSP00000097747	1
10090.ENSMUSP00000119988	10090.ENSMUSP00000065285	1
10090.ENSMUSP00000015816	10090.ENSMUSP00000019854	1
10090.ENSMUSP00000110832	10090.ENSMUSP00000086987	1
10090.ENSMUSP00000057238	10090.ENSMUSP00000133052	1
10090.ENSMUSP00000027792	10090.ENSMUSP00000035157	1
10090.ENSMUSP00000017530	10090.ENSMUSP00000122756	1
10090.ENSMUSP00000037981	10090.ENSMUSP00000105049	1
10090.ENSMUSP00000028278	10090.ENSMUSP00000081541	1
10090.ENSMUSP00000083281	10090.ENSMUSP00000096445	1
10090.ENSMUSP00000098375	10090.ENSMUSP00000076440	1
10090.ENSMUSP00000001757	10090.ENSMUSP00000031613	1
10090.ENSMUSP00000135101	10090.ENSMUSP00000059678	1
10090.ENSMUSP00000076971	10090.ENSMUSP00000088845	1
10090.ENSMUSP00000053046	10090.ENSMUSP00000073605	1
10090.ENSMUSP00000058432	10090.ENSMUSP00000128416	1
10090.ENSMUSP00000031061	10090.ENSMUSP00000122747	1
10090.ENSMUSP00000027193	10090.ENSMUSP00000081001	1
10090.ENSMUSP00000006392	10090.ENSMUSP00000106967	1
10090.ENSMUSP00000023869	10090.ENSMUSP00000126825	1
10090.ENSMUSP00000019911	10090.ENSMUSP00000041370	1
10090.ENSMUSP00000000058	10090.ENSMUSP00000132298	1
10090.ENSMUSP00000024783	10090.ENSMUSP00000048377	1
10090.ENSMUSP00000107627	10090.ENSMUSP00000120436	1
10090.ENSMUSP00000114959	10090.ENSMUSP00000035506	1
10090.ENSMUSP00000032124	10090.ENSMUSP00000036725	1
10090.ENSMUSP00000101626	10090.ENSMUSP00000072320	1
10090.ENSMUSP00000025211	10090.ENSMUSP00000097747	1
10090.ENSMUSP00000056693	10090.ENSMUSP00000029946	1
10090.ENSMUSP00000021226	10090.ENSMUSP00000133244	1
10090.ENSMUSP00000023072	10090.ENSMUSP00000069624	1
10090.ENSMUSP00000056977	10090.ENSMUSP00000099909	1
10090.ENSMUSP00000020085	10090.ENSMUSP00000089707	1
10090.ENSMUSP00000063325	10090.ENSMUSP00000120976	1
10090.ENSMUSP00000138184	10090.ENSMUSP00000104298	1
10090.ENSMUSP00000121815	10090.ENSMUSP00000114203	1
10090.ENSMUSP00000009774	10090.ENSMUSP00000137199	1
10090.ENSMUSP00000003635	10090.ENSMUSP00000009774	1
10090.ENSMUSP00000090797	10090.ENSMUSP00000072087	1
10090.ENSMUSP00000002198	10090.ENSMUSP00000101858	1
10090.ENSMUSP00000081346	10090.ENSMUSP00000125156	1
10090.ENSMUSP00000022535	10090.ENSMUSP00000107751	1
10090.ENSMUSP00000026561	10090.ENSMUSP00000081003	1
10090.ENSMUSP00000089637	10090.ENSMUSP00000099909	1
10090.ENSMUSP00000138748	10090.ENSMUSP00000125691	1
10090.ENSMUSP00000115020	10090.ENSMUSP00000117588	1
10090.ENSMUSP00000100997	10090.ENSMUSP00000114332	1
10090.ENSMUSP00000130687	10090.ENSMUSP00000123782	1
10090.ENSMUSP00000117246	10090.ENSMUSP00000034625	1
10090.ENSMUSP00000011450	10090.ENSMUSP00000113678	1
10090.ENSMUSP00000110398	10090.ENSMUSP00000042867	1
10090.ENSMUSP00000140083	10090.ENSMUSP00000001439	1
10090.ENSMUSP00000003521	10090.ENSMUSP00000048833	1
10090.ENSMUSP00000000161	10090.ENSMUSP00000001055	1
10090.ENSMUSP00000032168	10090.ENSMUSP00000038352	1
10090.ENSMUSP00000004203	10090.ENSMUSP00000034392	1
10090.ENSMUSP00000028475	10090.ENSMUSP00000124966	1
10090.ENSMUSP00000022927	10090.ENSMUSP00000024736	1
10090.ENSMUSP00000022099	10090.ENSMUSP00000116446	1
10090.ENSMUSP00000107720	10090.ENSMUSP00000109340	1
10090.ENSMUSP00000121550	10090.ENSMUSP00000019514	1
10090.ENSMUSP00000019908	10090.ENSMUSP00000020820	1
10090.ENSMUSP00000117595	10090.ENSMUSP00000028584	1
10090.ENSMUSP00000118024	10090.ENSMUSP00000035992	1
10090.ENSMUSP00000123513	10090.ENSMUSP00000125691	1
10090.ENSMUSP00000110398	10090.ENSMUSP00000025695	1
10090.ENSMUSP00000119036	10090.ENSMUSP00000113502	1
10090.ENSMUSP00000096475	10090.ENSMUSP00000033934	1
10090.ENSMUSP00000087405	10090.ENSMUSP00000021220	1
10090.ENSMUSP00000000365	10090.ENSMUSP00000108003	1
10090.ENSMUSP00000021133	10090.ENSMUSP00000027792	1
10090.ENSMUSP00000075709	10090.ENSMUSP00000101146	1
10090.ENSMUSP00000034552	10090.ENSMUSP00000130005	1
10090.ENSMUSP00000007482	10090.ENSMUSP00000113512	1
10090.ENSMUSP00000042658	10090.ENSMUSP00000115402	1
10090.ENSMUSP00000075782	10090.ENSMUSP00000129767	1
10090.ENSMUSP00000106900	10090.ENSMUSP00000126345	1
10090.ENSMUSP00000023391	10090.ENSMUSP00000030675	1
10090.ENSMUSP00000011302	10090.ENSMUSP00000043566	1
10090.ENSMUSP00000015484	10090.ENSMUSP00000036384	1
10090.ENSMUSP00000002044	10090.ENSMUSP00000104871	1
10090.ENSMUSP00000107592	10090.ENSMUSP00000133244	1
10090.ENSMUSP00000118592	10090.ENSMUSP00000115738	1
10090.ENSMUSP00000101860	10090.ENSMUSP00000055535	1
10090.ENSMUSP00000126143	10090.ENSMUSP00000088845	1
10090.ENSMUSP00000123048	10090.ENSMUSP00000130636	1
10090.ENSMUSP00000108519	10090.ENSMUSP00000110445	1
10090.ENSMUSP00000022993	10090.ENSMUSP00000046467	1
10090.ENSMUSP00000115919	10090.ENSMUSP00000137631	1
10090.ENSMUSP00000004200	10090.ENSMUSP00000113722	1
10090.ENSMUSP00000023269	10090.ENSMUSP00000078654	1
10090.ENSMUSP00000028553	10090.ENSMUSP00000124080	1
10090.ENSMUSP00000099360	10090.ENSMUSP00000120417	1
10090.ENSMUSP00000005406	10090.ENSMUSP00000022704	1
10090.ENSMUSP00000116376	10090.ENSMUSP00000133591	1
10090.ENSMUSP00000087950	10090.ENSMUSP00000112595	1
10090.ENSMUSP00000033154	10090.ENSMUSP00000128759	1
10090.ENSMUSP00000099909	10090.ENSMUSP00000107659	1
10090.ENSMUSP00000026360	10090.ENSMUSP00000123443	1
10090.ENSMUSP00000034004	10090.ENSMUSP00000075463	1
10090.ENSMUSP00000088057	10090.ENSMUSP00000089728	1
10090.ENSMUSP00000023117	10090.ENSMUSP00000032723	1
10090.ENSMUSP00000007980	10090.ENSMUSP00000074160	1
10090.ENSMUSP00000007248	10090.ENSMUSP00000053842	1
10090.ENSMUSP00000078654	10090.ENSMUSP00000099962	1
10090.ENSMUSP00000008626	10090.ENSMUSP00000131206	1
10090.ENSMUSP00000116973	10090.ENSMUSP00000113645	1
10090.ENSMUSP00000080480	10090.ENSMUSP00000131029	1
10090.ENSMUSP00000024783	10090.ENSMUSP00000035389	1
10090.ENSMUSP00000035808	10090.ENSMUSP00000070554	1
10090.ENSMUSP00000133052	10090.ENSMUSP00000127507	1
10090.ENSMUSP00000134342	10090.ENSMUSP00000123580	1
10090.ENSMUSP00000093980	10090.ENSMUSP00000116962	1
10090.ENSMUSP00000107720	10090.ENSMUSP00000100028	1
10090.ENSMUSP00000021405	10090.ENSMUSP00000082646	1
10090.ENSMUSP00000053672	10090.ENSMUSP00000026252	1
10090.ENSMUSP00000037631	10090.ENSMUSP00000048078	1
10090.ENSMUSP00000030738	10090.ENSMUSP00000099878	1
10090.ENSMUSP00000002274	10090.ENSMUSP00000131462	1
10090.ENSMUSP00000042785	10090.ENSMUSP00000073789	1
10090.ENSMUSP00000102901	10090.ENSMUSP00000109815	1
10090.ENSMUSP00000021706	10090.ENSMUSP00000105161	1
10090.ENSMUSP00000140083	10090.ENSMUSP00000103306	1
10090.ENSMUSP00000139903	10090.ENSMUSP00000055919	1
10090.ENSMUSP00000034053	10090.ENSMUSP00000116536	1
10090.ENSMUSP00000037341	10090.ENSMUSP00000085523	1
10090.ENSMUSP00000021277	10090.ENSMUSP00000115289	1
10090.ENSMUSP00000023514	10090.ENSMUSP00000032882	1
10090.ENSMUSP00000112611	10090.ENSMUSP00000130418	1
10090.ENSMUSP00000070983	10090.ENSMUSP00000133052	1
10090.ENSMUSP00000123436	10090.ENSMUSP00000071048	1
10090.ENSMUSP00000025483	10090.ENSMUSP00000049770	1
10090.ENSMUSP00000025506	10090.ENSMUSP00000101146	1
10090.ENSMUSP00000072330	10090.ENSMUSP00000132105	1
10090.ENSMUSP00000096761	10090.ENSMUSP00000069616	1
10090.ENSMUSP00000107009	10090.ENSMUSP00000071624	1
10090.ENSMUSP00000109585	10090.ENSMUSP00000112101	1
10090.ENSMUSP00000120901	10090.ENSMUSP00000120528	1
10090.ENSMUSP00000119076	10090.ENSMUSP00000126345	1
10090.ENSMUSP00000059420	10090.ENSMUSP00000126245	1
10090.ENSMUSP00000038489	10090.ENSMUSP00000112500	1
10090.ENSMUSP00000022538	10090.ENSMUSP00000030365	1
10090.ENSMUSP00000005606	10090.ENSMUSP00000136621	1
10090.ENSMUSP00000001818	10090.ENSMUSP00000101146	1
10090.ENSMUSP00000110832	10090.ENSMUSP00000038958	1
10090.ENSMUSP00000021203	10090.ENSMUSP00000080614	1
10090.ENSMUSP00000034231	10090.ENSMUSP00000050444	1
10090.ENSMUSP00000022601	10090.ENSMUSP00000113678	1
10090.ENSMUSP00000072170	10090.ENSMUSP00000078042	1
10090.ENSMUSP00000125566	10090.ENSMUSP00000103756	1
10090.ENSMUSP00000109677	10090.ENSMUSP00000110731	1
10090.ENSMUSP00000008812	10090.ENSMUSP00000113704	1
10090.ENSMUSP00000005606	10090.ENSMUSP00000051223	1
10090.ENSMUSP00000025836	10090.ENSMUSP00000030942	1
10090.ENSMUSP00000009236	10090.ENSMUSP00000128914	1
10090.ENSMUSP00000125593	10090.ENSMUSP00000064755	1
10090.ENSMUSP00000117799	10090.ENSMUSP00000107245	1
10090.ENSMUSP00000105556	10090.ENSMUSP00000106871	1
10090.ENSMUSP00000032124	10090.ENSMUSP00000128915	1
10090.ENSMUSP00000027464	10090.ENSMUSP00000110445	1
10090.ENSMUSP00000020397	10090.ENSMUSP00000093980	1
10090.ENSMUSP00000000188	10090.ENSMUSP00000102748	1
