362663.ecp:ECP_3962	362663.ECP_4591	0.14256
362663.ECP_4079	362663.ECP_2026	0.65958
362663.ECP_0670	362663.ECP_1374	0.20145
362663.ecp:ECP_2676	362663.ecp:ECP_1386	0.66908
362663.ECP_1693	362663.ECP_3095	0.18591
362663.ECP_2607	362663.ecp:ECP_3400	0.27936
362663.ecp:ECP_0086	362663.ECP_0921	0.38171
362663.ECP_0747	362663.ECP_1464	0.12343
362663.ECP_1769	362663.ecp:ECP_1115	0.56074
362663.ecp:ECP_0595	362663.ECP_2736	0.64401
362663.ECP_1620	362663.ECP_1071	0.46172
362663.ECP_2102	362663.ECP_1520	0.09761
362663.ECP_4557	362663.ECP_1005	0.54646
362663.ECP_4760	362663.ECP_0497	0.75181
362663.ECP_1480	362663.ECP_1588	0.33784
362663.ECP_1297	362663.ECP_1191	0.53893
362663.ECP_2039	362663.ECP_3553	0.14857
362663.ECP_4077	362663.ECP_3144	0.11857
362663.ECP_1485	362663.ECP_4544	0.83936
362663.ECP_0681	362663.ECP_1666	0.37622
362663.ECP_2250	362663.ECP_4117	0.68605
362663.ecp:ECP_1064	362663.ECP_4374	0.31947
362663.ECP_0398	362663.ECP_2355	0.22913
362663.ECP_0223	362663.ECP_1101	0.24366
362663.ECP_1589	362663.ECP_3432	0.20054
362663.ECP_0622	362663.ECP_1642	0.11152
362663.ECP_0518	362663.ECP_1040	0.18308
362663.ecp:ECP_4209	362663.ECP_1776	0.19776
362663.ECP_3871	362663.ECP_1884	0.35705
362663.ECP_0105	362663.ECP_4315	0.1247
362663.ECP_1455	362663.ECP_1319	0.46549
362663.ECP_2668	362663.ECP_4068	0.47123
362663.ECP_2804	362663.ECP_3537	0.18642
362663.ECP_3385	362663.ecp:ECP_3408	0.24117
362663.ECP_3595	362663.ECP_3963	0.2488
362663.ECP_2804	362663.ECP_3676	0.17196
362663.ECP_2963	362663.ECP_4139	0.32136
362663.ECP_3354	362663.ECP_0385	0.13541
362663.ecp:ECP_0509	362663.ECP_0510	0.19928
362663.ECP_2441	362663.ECP_2827	0.49238
362663.ECP_4343	362663.ECP_3122	0.52438
362663.ecp:ECP_3179	362663.ECP_0177	0.16115
362663.ECP_2303	362663.ECP_3801	0.19015
362663.ECP_0831	362663.ECP_2987	0.28273
362663.ECP_1921	362663.ECP_1150	0.52052
362663.ECP_4484	362663.ECP_4226	0.17372
362663.ECP_3271	362663.ECP_2960	0.21962
362663.ECP_1653	362663.ECP_3649	0.626
362663.ecp:ECP_3849	362663.ecp:ECP_4459	0.2903
362663.ECP_4217	362663.ECP_2881	0.10213
362663.ECP_4214	362663.ECP_1354	0.44287
362663.ecp:ECP_0336	362663.ECP_2436	0.61731
362663.ECP_2926	362663.ECP_4094	0.34268
362663.ECP_3135	362663.ECP_1693	0.76169
362663.ecp:ECP_3388	362663.ECP_4198	0.37539
362663.ecp:ECP_2693	362663.ECP_0866	0.16223
362663.ECP_4563	362663.ECP_4686	0.13199
362663.ECP_3853	362663.ECP_2952	0.51446
362663.ECP_3962	362663.ECP_4452	0.41383
362663.ECP_4621	362663.ECP_4207	0.39295
362663.ECP_4104	362663.ECP_3202	0.38806
362663.ECP_3825	362663.ECP_0282	0.1423
362663.ECP_0066	362663.ECP_0477	0.27124
362663.ecp:ECP_1710	362663.ecp:ECP_2349	0.3272
362663.ecp:ECP_1254	362663.ECP_3390	0.86796
362663.ecp:ECP_1721	362663.ECP_0952	0.19608
362663.ECP_0706	362663.ECP_1440	0.25424
362663.ECP_0823	362663.ECP_0098	0.1687
362663.ECP_2663	362663.ECP_1595	0.21562
362663.ECP_3481	362663.ECP_3742	0.09741
362663.ECP_1497	362663.ECP_4104	0.50172
362663.ECP_3001	362663.ECP_4694	0.11255
362663.ECP_3198	362663.ECP_0170	0.28261
362663.ECP_0012	362663.ecp:ECP_2697	0.53048
362663.ecp:ECP_3084	362663.ECP_2981	0.56411
362663.ECP_0272	362663.ECP_3648	0.16714
362663.ECP_2560	362663.ECP_4446	0.56868
362663.ECP_0392	362663.ECP_0853	0.17607
362663.ECP_3166	362663.ECP_2438	0.08479
362663.ECP_0006	362663.ECP_0423	0.48849
362663.ECP_3386	362663.ECP_1479	0.14754
362663.ECP_2025	362663.ecp:ECP_1665	0.37343
362663.ECP_4490	362663.ecp:ECP_2397	0.06771
362663.ECP_4243	362663.ECP_0880	0.45724
362663.ECP_0085	362663.ECP_0091	0.46357
362663.ECP_0076	362663.ECP_4250	0.2304
362663.ecp:ECP_2136	362663.ECP_3375	0.15165
362663.ECP_1478	362663.ECP_2479	0.29421
362663.ECP_3385	362663.ecp:ECP_3390	0.33223
362663.ecp:ECP_3400	362663.ECP_3405	0.51197
362663.ECP_1216	362663.ECP_1701	0.52472
362663.ECP_3266	362663.ECP_0035	0.09903
362663.ecp:ECP_3788	362663.ECP_2735	0.14407
362663.ECP_1895	362663.ECP_0590	0.11889
362663.ECP_1099	362663.ecp:ECP_3709	0.10651
362663.ecp:ECP_1084	362663.ecp:ECP_3107	0.13275
362663.ECP_1858	362663.ECP_4024	0.62397
362663.ecp:ECP_3189	362663.ECP_0330	0.55302
362663.ECP_0571	362663.ECP_4227	0.21883
362663.ECP_4048	362663.ECP_0335	0.25416
362663.ECP_2045	362663.ECP_1035	0.02118
362663.ECP_4592	362663.ECP_1009	0.37044
362663.ECP_0538	362663.ECP_3019	0.20547
362663.ECP_4425	362663.ECP_2002	0.20604
362663.ECP_2020	362663.ecp:ECP_2879	0.29385
362663.ECP_4505	362663.ECP_3477	0.40791
362663.ecp:ECP_4251	362663.ecp:ECP_4253	0.17402
362663.ECP_0791	362663.ECP_3893	0.23095
362663.ecp:ECP_2412	362663.ECP_3609	0.36448
362663.ECP_4664	362663.ECP_3144	0.13526
362663.ECP_3103	362663.ECP_3268	0.31417
362663.ECP_4280	362663.ECP_2128	0.18704
362663.ECP_2380	362663.ECP_4059	0.26919
362663.ECP_4596	362663.ECP_0468	0.16773
362663.ECP_4268	362663.ECP_4504	0.56551
362663.ECP_1669	362663.ECP_0037	0.30558
362663.ecp:ECP_4398	362663.ecp:ECP_3533	0.3483
362663.ECP_2092	362663.ECP_2432	0.11889
362663.ECP_1858	362663.ECP_0132	0.23498
362663.ECP_4405	362663.ECP_3351	0.1553
362663.ecp:ECP_3403	362663.ECP_1028	0.15248
362663.ECP_4226	362663.ECP_0390	0.1452
362663.ECP_0208	362663.ECP_4536	0.16128
362663.ECP_3788	362663.ECP_3765	0.10116
362663.ECP_1044	362663.ECP_3618	0.67562
362663.ECP_2237	362663.ECP_2759	0.22953
362663.ECP_2986	362663.ecp:ECP_0424	0.43112
362663.ECP_2474	362663.ECP_3448	0.30192
362663.ECP_1095	362663.ECP_1539	0.37594
362663.ECP_2461	362663.ECP_2463	0.22704
362663.ECP_1670	362663.ECP_2784	0.15966
362663.ECP_1684	362663.ECP_2336	0.71386
362663.ecp:ECP_0266	362663.ECP_4509	0.11618
362663.ECP_1664	362663.ECP_2084	0.76816
362663.ECP_0445	362663.ECP_2295	0.16319
362663.ecp:ECP_4592	362663.ECP_0458	0.19473
362663.ECP_3574	362663.ECP_1434	0.16017
362663.ECP_3561	362663.ECP_4475	0.28008
362663.ECP_1736	362663.ECP_3077	0.10208
362663.ecp:ECP_1285	362663.ECP_2787	0.19315
362663.ECP_2675	362663.ECP_0135	0.12262
362663.ECP_1928	362663.ECP_2507	0.15586
362663.ECP_3314	362663.ecp:ECP_3409	0.1857
362663.ECP_1980	362663.ECP_3523	0.66734
362663.ecp:ECP_3155	362663.ecp:ECP_3392	0.21171
362663.ECP_1150	362663.ECP_1625	0.22324
362663.ECP_0410	362663.ECP_0614	0.48794
362663.ECP_3038	362663.ecp:ECP_3022	0.19452
362663.ECP_2378	362663.ECP_2325	0.53279
362663.ECP_2984	362663.ECP_4081	0.27967
362663.ECP_0073	362663.ECP_0489	0.20592
362663.ECP_4431	362663.ECP_0093	0.17806
362663.ECP_2356	362663.ecp:ECP_2418	0.32341
362663.ECP_2145	362663.ECP_4154	0.67959
362663.ECP_1421	362663.ECP_3756	0.17157
362663.ECP_4122	362663.ECP_2469	0.34072
362663.ECP_0188	362663.ECP_2701	0.34623
362663.ECP_1808	362663.ECP_2493	0.13612
362663.ECP_0134	362663.ECP_1254	0.33925
362663.ECP_0954	362663.ecp:ECP_1937	0.20918
362663.ECP_0075	362663.ECP_4427	0.21035
362663.ecp:ECP_0893	362663.ecp:ECP_0894	0.27703
362663.ECP_1896	362663.ECP_3496	0.08885
362663.ECP_2528	362663.ECP_3317	0.11516
362663.ECP_1552	362663.ECP_0202	0.15532
362663.ECP_3558	362663.ECP_0197	0.3247
362663.ECP_2192	362663.ECP_3686	0.3497
362663.ecp:ECP_0473	362663.ECP_1330	0.33214
362663.ECP_1397	362663.ECP_3832	0.30238
362663.ECP_2703	362663.ECP_0955	0.2139
362663.ECP_1793	362663.ECP_2024	0.21279
362663.ECP_0052	362663.ECP_1427	0.40054
362663.ECP_0228	362663.ECP_0591	0.51618
362663.ECP_2028	362663.ECP_2613	0.42812
362663.ECP_0893	362663.ECP_4567	0.48886
362663.ECP_0390	362663.ECP_0822	0.1191
362663.ECP_2590	362663.ECP_0319	0.52508
362663.ecp:ECP_1698	362663.ECP_2908	0.13769
362663.ECP_0177	362663.ECP_1665	0.2557
362663.ECP_1296	362663.ECP_0941	0.10679
362663.ecp:ECP_1312	362663.ECP_1925	0.33662
362663.ECP_1799	362663.ECP_1738	0.13105
362663.ECP_0397	362663.ECP_0003	0.27247
362663.ECP_3250	362663.ECP_2768	0.19395
362663.ecp:ECP_0083	362663.ECP_0695	0.29529
362663.ECP_0234	362663.ECP_2924	0.65344
362663.ECP_3945	362663.ECP_2299	0.26535
362663.ECP_2481	362663.ECP_1981	0.813
362663.ECP_4315	362663.ecp:ECP_4316	0.09901
362663.ECP_3720	362663.ECP_3021	0.12365
362663.ECP_0622	362663.ECP_3600	0.10247
362663.ECP_2646	362663.ECP_1890	0.70148
362663.ECP_0323	362663.ECP_3361	0.03643
362663.ECP_1770	362663.ECP_0177	0.44148
362663.ECP_1995	362663.ecp:ECP_0255	0.36451
362663.ECP_2695	362663.ECP_1454	0.44847
362663.ECP_3599	362663.ecp:ECP_1199	0.54238
362663.ECP_2039	362663.ECP_0522	0.36377
362663.ECP_2621	362663.ECP_1150	0.50513
362663.ECP_3279	362663.ECP_3936	0.34691
362663.ECP_3972	362663.ECP_3418	0.43329
362663.ECP_3406	362663.ecp:ECP_3409	0.10285
362663.ECP_3540	362663.ECP_4081	0.16908
362663.ECP_0022	362663.ECP_4448	0.21944
362663.ECP_3313	362663.ECP_3314	0.11611
362663.ecp:ECP_3431	362663.ecp:ECP_4145	0.29167
362663.ECP_1046	362663.ECP_0685	0.11012
362663.ECP_0725	362663.ECP_2371	0.14453
362663.ECP_2755	362663.ECP_1240	0.2107
362663.ECP_2696	362663.ECP_3259	0.56058
362663.ECP_4266	362663.ECP_4690	0.69221
362663.ECP_2044	362663.ECP_3769	0.23881
362663.ECP_0949	362663.ECP_4582	0.48916
362663.ECP_1586	362663.ECP_2392	0.17534
362663.ECP_4015	362663.ECP_1749	0.26617
362663.ECP_3646	362663.ecp:ECP_3673	0.30797
362663.ECP_3393	362663.ECP_3403	0.20733
362663.ECP_2950	362663.ECP_3107	0.13393
362663.ECP_4086	362663.ECP_3598	0.60001
362663.ECP_0826	362663.ECP_0450	0.17391
362663.ecp:ECP_1318	362663.ecp:ECP_1430	0.12847
362663.ecp:ECP_2149	362663.ECP_4086	0.19224
362663.ECP_3573	362663.ECP_0027	0.10731
362663.ecp:ECP_1553	362663.ECP_3571	0.15574
362663.ECP_2367	362663.ECP_3475	0.18632
362663.ECP_0267	362663.ECP_0530	0.23102
362663.ECP_0101	362663.ECP_3310	0.13942
362663.ECP_1323	362663.ECP_4311	0.27837
362663.ECP_1091	362663.ECP_3978	0.11799
362663.ECP_3799	362663.ECP_1893	0.22699
362663.ECP_4008	362663.ecp:ECP_1350	0.0945
362663.ecp:ECP_1307	362663.ECP_4048	0.53679
362663.ECP_1521	362663.ECP_0463	0.24235
362663.ECP_4545	362663.ECP_2226	0.13219
362663.ECP_4608	362663.ECP_1999	0.32971
362663.ecp:ECP_0722	362663.ECP_0643	0.14137
362663.ECP_2286	362663.ECP_0438	0.46287
362663.ECP_4066	362663.ECP_2244	0.11075
362663.ECP_1696	362663.ECP_1360	0.33106
362663.ECP_3978	362663.ECP_2304	0.19798
362663.ecp:ECP_0406	362663.ECP_3183	0.13403
362663.ECP_2590	362663.ECP_3463	0.25769
362663.ECP_3194	362663.ECP_0669	0.28749
362663.ECP_1284	362663.ECP_0641	0.0889
362663.ECP_0157	362663.ECP_4068	0.36791
362663.ECP_0358	362663.ECP_0038	0.53506
362663.ECP_4229	362663.ECP_4223	0.48073
362663.ECP_3411	362663.ecp:ECP_0791	0.33284
362663.ECP_1516	362663.ECP_3824	0.24731
362663.ECP_1375	362663.ECP_3393	0.31113
362663.ECP_0867	362663.ECP_4358	0.39783
362663.ecp:ECP_3315	362663.ECP_2439	0.61838
362663.ECP_2930	362663.ECP_2070	0.08779
362663.ECP_2608	362663.ECP_4693	0.20735
362663.ECP_1911	362663.ecp:ECP_0490	0.36146
362663.ecp:ECP_0880	362663.ECP_3781	0.31725
362663.ECP_2607	362663.ECP_3391	0.22403
362663.ECP_2531	362663.ECP_3276	0.23047
362663.ECP_1341	362663.ECP_4181	0.50634
362663.ECP_1301	362663.ECP_2001	0.27656
362663.ECP_1618	362663.ECP_4640	0.51243
362663.ECP_2636	362663.ecp:ECP_3570	0.39093
362663.ECP_3042	362663.ECP_1386	0.29723
362663.ECP_0168	362663.ECP_1659	0.21989
362663.ECP_1993	362663.ECP_4223	0.56923
362663.ECP_1038	362663.ECP_2714	0.26892
362663.ecp:ECP_1913	362663.ecp:ECP_2172	0.63458
362663.ECP_3455	362663.ECP_3985	0.17501
362663.ECP_4370	362663.ECP_3569	0.4317
362663.ECP_2293	362663.ECP_1477	0.1236
362663.ECP_0771	362663.ecp:ECP_3491	0.34943
362663.ECP_0459	362663.ECP_2038	0.27745
362663.ECP_1708	362663.ECP_2585	0.41533
362663.ECP_0662	362663.ECP_2088	0.14185
362663.ECP_2610	362663.ECP_3735	0.14042
362663.ECP_1798	362663.ECP_2030	0.25687
362663.ecp:ECP_1286	362663.ECP_3656	0.15216
362663.ECP_4642	362663.ecp:ECP_0079	0.31474
362663.ecp:ECP_2319	362663.ecp:ECP_2325	0.4614
362663.ECP_4301	362663.ECP_3736	0.45948
362663.ECP_1408	362663.ECP_0794	0.59698
362663.ECP_3271	362663.ECP_2962	0.15378
362663.ECP_3766	362663.ECP_3768	0.17081
362663.ECP_3315	362663.ECP_3032	0.12996
362663.ECP_0950	362663.ECP_2986	0.63574
362663.ECP_1812	362663.ECP_2191	0.60162
362663.ECP_3525	362663.ECP_3815	0.60091
362663.ECP_0194	362663.ecp:ECP_0327	0.57899
362663.ECP_0460	362663.ECP_1374	0.11666
362663.ECP_1827	362663.ECP_3907	0.52406
362663.ECP_3858	362663.ECP_0215	0.36146
362663.ECP_0797	362663.ECP_2270	0.4739
362663.ECP_3384	362663.ECP_3389	0.23973
362663.ECP_3142	362663.ecp:ECP_3903	0.23849
362663.ECP_0290	362663.ECP_2130	0.32649
362663.ECP_1164	362663.ECP_3436	0.51471
362663.ECP_0053	362663.ECP_3879	0.17726
362663.ECP_1007	362663.ecp:ECP_1578	0.10783
362663.ECP_0870	362663.ECP_0984	0.18576
362663.ECP_2610	362663.ECP_4447	0.08177
362663.ECP_2143	362663.ECP_4545	0.19224
362663.ECP_1370	362663.ECP_0276	0.421
362663.ECP_3426	362663.ECP_2715	0.41602
362663.ECP_4412	362663.ECP_4413	0.4948
362663.ECP_3434	362663.ECP_2156	0.44597
362663.ECP_4575	362663.ecp:ECP_3201	0.27565
362663.ECP_0023	362663.ECP_0123	0.22651
362663.ECP_0162	362663.ECP_0622	0.13333
362663.ECP_3380	362663.ECP_1188	0.11855
362663.ECP_0181	362663.ECP_2800	0.34934
362663.ECP_3273	362663.ecp:ECP_3400	0.2155
362663.ECP_3874	362663.ECP_2702	0.11696
362663.ECP_2951	362663.ECP_3191	0.18252
362663.ECP_3051	362663.ECP_0838	0.43982
362663.ECP_0475	362663.ECP_0663	0.35939
362663.ECP_0286	362663.ECP_2317	0.65141
362663.ECP_0022	362663.ECP_1664	0.16695
362663.ECP_1727	362663.ecp:ECP_3334	0.10363
362663.ECP_3317	362663.ECP_2098	0.42886
362663.ECP_0809	362663.ECP_2388	0.21214
362663.ECP_3277	362663.ECP_2350	0.32917
362663.ECP_2826	362663.ECP_3626	0.16524
362663.ECP_1664	362663.ECP_4196	0.28188
362663.ECP_2296	362663.ECP_0095	0.17614
362663.ecp:ECP_1836	362663.ECP_0830	0.16315
362663.ecp:ECP_0466	362663.ECP_4384	0.16815
362663.ECP_4217	362663.ECP_0548	0.3802
362663.ECP_1926	362663.ECP_1316	0.26567
362663.ECP_4477	362663.ECP_2064	0.11839
362663.ECP_0628	362663.ECP_1652	0.17376
362663.ECP_1203	362663.ECP_3309	0.4137
362663.ECP_3052	362663.ECP_1533	0.32249
362663.ECP_2461	362663.ecp:ECP_2546	0.15106
362663.ECP_1376	362663.ECP_3995	0.13893
362663.ECP_4769	362663.ECP_2400	0.25011
362663.ECP_1918	362663.ECP_1998	0.34251
362663.ECP_1308	362663.ECP_2145	0.40507
362663.ECP_2038	362663.ECP_0930	0.41854
362663.ECP_0751	362663.ecp:ECP_0006	0.6609
362663.ECP_1070	362663.ECP_3948	0.29404
362663.ECP_4138	362663.ECP_1702	0.20797
362663.ecp:ECP_2362	362663.ECP_1319	0.32774
362663.ECP_3239	362663.ECP_1245	0.2319
362663.ECP_0079	362663.ECP_3210	0.26014
362663.ECP_3767	362663.ECP_2624	0.25123
362663.ECP_0978	362663.ECP_4002	0.85466
362663.ECP_0089	362663.ECP_2164	0.22018
362663.ECP_2739	362663.ECP_3143	0.28071
362663.ECP_1532	362663.ECP_3641	0.28421
362663.ECP_3359	362663.ecp:ECP_1567	0.15005
362663.ECP_2668	362663.ECP_2090	0.16184
362663.ECP_4303	362663.ECP_4142	0.21733
362663.ECP_0106	362663.ECP_3087	0.35795
362663.ECP_3425	362663.ECP_0416	0.3091
362663.ECP_3151	362663.ecp:ECP_3850	0.10246
362663.ECP_4498	362663.ECP_1392	0.23982
362663.ECP_3477	362663.ECP_2557	0.34812
362663.ECP_2368	362663.ecp:ECP_2600	0.09003
362663.ECP_0357	362663.ECP_1593	0.23215
362663.ECP_1952	362663.ECP_1714	0.26048
362663.ECP_2769	362663.ECP_0843	0.60989
362663.ECP_3777	362663.ECP_3721	0.54885
362663.ECP_2036	362663.ECP_4556	0.60654
362663.ECP_2988	362663.ecp:ECP_0337	0.15419
362663.ECP_3381	362663.ECP_0438	0.09383
362663.ECP_1734	362663.ECP_3750	0.20156
362663.ECP_2202	362663.ECP_4632	0.58976
362663.ECP_3253	362663.ecp:ECP_3400	0.26111
362663.ecp:ECP_1525	362663.ECP_0981	0.29713
362663.ECP_4423	362663.ECP_1235	0.31051
362663.ECP_3014	362663.ECP_3723	0.54252
362663.ECP_1509	362663.ECP_2884	0.25652
362663.ECP_3686	362663.ECP_0186	0.16513
362663.ECP_4216	362663.ECP_3859	0.51903
362663.ECP_0653	362663.ECP_3288	0.07722
362663.ECP_0443	362663.ECP_4489	0.5241
362663.ECP_2702	362663.ECP_1219	0.63731
362663.ECP_0830	362663.ECP_2677	0.77831
362663.ECP_4300	362663.ECP_1432	0.45263
362663.ECP_3336	362663.ECP_2285	0.24245
362663.ECP_3395	362663.ecp:ECP_3409	0.10541
362663.ECP_4615	362663.ECP_2536	0.32776
362663.ECP_2029	362663.ecp:ECP_2776	0.4784
362663.ECP_0527	362663.ECP_0435	0.74639
362663.ecp:ECP_3876	362663.ecp:ECP_3855	0.28293
362663.ECP_0160	362663.ECP_3544	0.41565
362663.ECP_1804	362663.ecp:ECP_1805	0.23548
362663.ECP_3673	362663.ECP_3419	0.17431
362663.ECP_1785	362663.ECP_4450	0.14131
362663.ECP_4043	362663.ECP_2303	0.46595
362663.ECP_1039	362663.ECP_1276	0.31519
362663.ECP_2146	362663.ECP_0873	0.07829
362663.ecp:ECP_1884	362663.ECP_0356	0.16547
362663.ECP_3110	362663.ECP_3087	0.06513
362663.ECP_2068	362663.ECP_3194	0.37284
362663.ECP_3220	362663.ECP_3377	0.46035
362663.ECP_1175	362663.ECP_1103	0.06813
362663.ECP_3636	362663.ECP_0539	0.08685
362663.ECP_4150	362663.ECP_1743	0.57696
362663.ECP_2610	362663.ECP_3273	0.11967
362663.ecp:ECP_2197	362663.ECP_1836	0.39366
362663.ECP_0044	362663.ECP_0485	0.47639
362663.ECP_1650	362663.ECP_3296	0.64358
362663.ECP_3740	362663.ECP_4605	0.38897
362663.ECP_4644	362663.ECP_1769	0.57001
362663.ECP_1218	362663.ECP_2976	0.45599
362663.ECP_3911	362663.ECP_3646	0.29425
362663.ECP_2288	362663.ECP_2494	0.29883
362663.ECP_2555	362663.ECP_1318	0.05721
362663.ECP_0329	362663.ECP_4404	0.35188
362663.ECP_3376	362663.ECP_1814	0.25094
362663.ECP_0180	362663.ECP_1194	0.07101
362663.ECP_2630	362663.ECP_1012	0.31502
362663.ECP_3235	362663.ECP_4145	0.8171
362663.ECP_4108	362663.ECP_3723	0.14154
362663.ECP_3691	362663.ECP_1285	0.26334
362663.ECP_0079	362663.ECP_1623	0.10274
362663.ECP_4386	362663.ECP_4456	0.39997
362663.ECP_4471	362663.ECP_4179	0.09773
362663.ECP_0892	362663.ECP_1480	0.04538
362663.ECP_4102	362663.ECP_4135	0.75656
362663.ECP_4108	362663.ECP_1518	0.22147
362663.ECP_3214	362663.ecp:ECP_2186	0.10792
362663.ECP_2911	362663.ECP_3268	0.23233
362663.ECP_3557	362663.ECP_1953	0.57696
362663.ECP_3389	362663.ECP_3398	0.15588
362663.ECP_2349	362663.ECP_2558	0.25868
362663.ECP_1848	362663.ECP_3212	0.18502
362663.ECP_0223	362663.ECP_1101	0.24366
362663.ECP_0098	362663.ECP_3711	0.60726
362663.ECP_2332	362663.ECP_1452	0.47453
362663.ECP_0352	362663.ECP_2012	0.43742
362663.ECP_3575	362663.ECP_4449	0.43219
362663.ECP_2214	362663.ECP_2042	0.37202
362663.ECP_4213	362663.ECP_4330	0.63603
362663.ECP_0124	362663.ECP_0670	0.22742
362663.ECP_3359	362663.ECP_4159	0.09682
362663.ECP_3419	362663.ecp:ECP_2777	0.33493
362663.ECP_3234	362663.ECP_4248	0.65985
362663.ECP_0080	362663.ECP_0886	0.53598
362663.ECP_0090	362663.ecp:ECP_2129	0.19452
362663.ECP_0630	362663.ECP_3820	0.70866
362663.ECP_1189	362663.ECP_1091	0.10738
362663.ECP_2530	362663.ECP_1096	0.14401
362663.ECP_2747	362663.ecp:ECP_1625	0.1809
362663.ECP_0913	362663.ECP_3211	0.16989
362663.ecp:ECP_4421	362663.ECP_2971	0.48081
362663.ECP_1093	362663.ECP_2330	0.33402
362663.ECP_1618	362663.ECP_2323	0.33686
362663.ECP_2950	362663.ECP_0324	0.13353
362663.ecp:ECP_2168	362663.ECP_1621	0.11141
362663.ECP_1663	362663.ECP_3394	0.08872
362663.ECP_1534	362663.ECP_0199	0.23628
362663.ecp:ECP_1755	362663.ecp:ECP_3451	0.38758
362663.ECP_1435	362663.ECP_2492	0.18543
362663.ECP_3655	362663.ECP_2005	0.09773
362663.ECP_2071	362663.ECP_2298	0.27999
362663.ECP_1422	362663.ECP_3839	0.37452
362663.ECP_1554	362663.ECP_1856	0.62767
362663.ECP_3744	362663.ECP_2451	0.36566
362663.ECP_2104	362663.ECP_0534	0.10392
362663.ECP_2248	362663.ECP_0986	0.11106
362663.ECP_2083	362663.ECP_4349	0.47679
362663.ECP_3741	362663.ECP_0376	0.08779
362663.ECP_0940	362663.ECP_0102	0.61344
362663.ECP_2727	362663.ECP_0783	0.1408
362663.ECP_0162	362663.ECP_1017	0.17022
362663.ECP_3780	362663.ECP_0591	0.2863
362663.ecp:ECP_3249	362663.ECP_3743	0.17479
362663.ECP_1559	362663.ecp:ECP_4205	0.28018
362663.ECP_4770	362663.ecp:ECP_3738	0.35011
362663.ECP_4423	362663.ECP_3470	0.28605
362663.ECP_3273	362663.ECP_1769	0.24096
362663.ECP_3777	362663.ECP_1404	0.14907
362663.ECP_3697	362663.ECP_3944	0.1336
362663.ECP_3288	362663.ECP_1675	0.06945
362663.ECP_3059	362663.ECP_4434	0.41812
362663.ECP_2457	362663.ECP_3298	0.42296
362663.ECP_3382	362663.ECP_3407	0.21892
362663.ECP_4371	362663.ECP_0108	0.18553
362663.ecp:ECP_2732	362663.ECP_2734	0.25138
362663.ECP_1099	362663.ECP_3782	0.09884
362663.ECP_2727	362663.ECP_4426	0.36362
362663.ECP_2794	362663.ECP_3623	0.42792
362663.ECP_1756	362663.ECP_1338	0.48244
362663.ECP_2722	362663.ECP_4486	0.32414
362663.ECP_1066	362663.ECP_0803	0.45581
362663.ECP_2827	362663.ECP_2828	0.27966
362663.ECP_3788	362663.ECP_3926	0.15158
362663.ECP_1218	362663.ecp:ECP_2118	0.33036
362663.ECP_4131	362663.ECP_0850	0.11184
362663.ECP_4414	362663.ECP_0127	0.27765
362663.ECP_0782	362663.ECP_1610	0.16935
362663.ECP_3761	362663.ECP_4193	0.17621
362663.ECP_0384	362663.ECP_1691	0.57696
362663.ECP_1400	362663.ECP_3450	0.52397
362663.ECP_3822	362663.ECP_3259	0.25913
362663.ECP_2363	362663.ECP_0044	0.80911
362663.ECP_0633	362663.ECP_4576	0.47536
362663.ECP_3189	362663.ecp:ECP_1623	0.36146
362663.ecp:ECP_0576	362663.ECP_0810	0.31082
362663.ECP_4388	362663.ECP_0624	0.41549
362663.ECP_1193	362663.ECP_2258	0.2929
362663.ECP_3404	362663.ECP_3407	0.40518
362663.ECP_2033	362663.ECP_4588	0.10784
362663.ecp:ECP_1245	362663.ECP_2889	0.59133
362663.ECP_3323	362663.ECP_3998	0.10285
362663.ecp:ECP_0600	362663.ECP_3110	0.63623
362663.ECP_1396	362663.ECP_1655	0.4522
362663.ecp:ECP_2868	362663.ECP_2918	0.24622
362663.ECP_3527	362663.ECP_0601	0.14693
362663.ECP_0030	362663.ECP_1189	0.48717
362663.ECP_0768	362663.ECP_0721	0.16513
362663.ECP_4592	362663.ECP_1009	0.37044
362663.ECP_1040	362663.ECP_3033	0.137
362663.ECP_3385	362663.ecp:ECP_3388	0.47283
362663.ECP_2811	362663.ECP_1346	0.22107
362663.ECP_1739	362663.ECP_0393	0.12159
362663.ecp:ECP_0709	362663.ECP_4557	0.76295
362663.ECP_3151	362663.ecp:ECP_2182	0.09855
362663.ECP_1081	362663.ECP_3407	0.48244
362663.ECP_2584	362663.ECP_0527	0.34519
362663.ECP_1108	362663.ECP_1139	0.37764
362663.ECP_0201	362663.ECP_0322	0.37103
362663.ECP_3744	362663.ECP_2950	0.19185
362663.ECP_3579	362663.ECP_1550	0.19743
362663.ECP_2005	362663.ECP_1305	0.25199
362663.ECP_1090	362663.ECP_4398	0.19475
362663.ECP_0596	362663.ECP_0583	0.16423
362663.ECP_3727	362663.ECP_3729	0.12342
362663.ECP_2279	362663.ECP_0177	0.39566
362663.ECP_2488	362663.ECP_2218	0.12359
362663.ECP_2584	362663.ecp:ECP_4347	0.40694
362663.ECP_3719	362663.ecp:ECP_0704	0.42645
362663.ECP_1706	362663.ECP_2202	0.50832
362663.ECP_2580	362663.ECP_3720	0.27894
362663.ECP_3272	362663.ECP_0570	0.5271
362663.ecp:ECP_3250	362663.ECP_3253	0.68432
362663.ECP_2027	362663.ECP_3024	0.74841
362663.ECP_4583	362663.ECP_3973	0.30175
362663.ECP_4698	362663.ECP_4114	0.2781
362663.ECP_0271	362663.ecp:ECP_0169	0.24999
362663.ECP_4619	362663.ECP_3158	0.44912
362663.ECP_0199	362663.ECP_1037	0.22755
362663.ECP_3001	362663.ECP_3656	0.22784
362663.ECP_2555	362663.ECP_2865	0.54618
362663.ECP_2367	362663.ECP_1365	0.19157
362663.ECP_1147	362663.ECP_3589	0.5262
362663.ecp:ECP_2396	362663.ECP_4400	0.24682
362663.ecp:ECP_3723	362663.ECP_1001	0.16638
362663.ECP_3844	362663.ECP_4561	0.38406
362663.ECP_3891	362663.ECP_0488	0.17798
362663.ECP_3383	362663.ECP_3448	0.24789
362663.ECP_1895	362663.ECP_4396	0.27438
362663.ECP_1088	362663.ECP_3434	0.3518
362663.ECP_1256	362663.ECP_3397	0.42224
362663.ECP_4310	362663.ECP_4768	0.29774
362663.ECP_3215	362663.ECP_2241	0.18252
362663.ECP_4090	362663.ECP_1466	0.14571
362663.ECP_2787	362663.ECP_3780	0.10473
362663.ecp:ECP_2318	362663.ecp:ECP_2327	0.24364
362663.ECP_0358	362663.ECP_4618	0.17289
362663.ecp:ECP_0007	362663.ECP_1995	0.39814
362663.ECP_2803	362663.ECP_2099	0.16773
362663.ECP_2449	362663.ECP_0777	0.20194
362663.ECP_4480	362663.ECP_2809	0.25352
362663.ECP_4141	362663.ECP_1563	0.17044
362663.ECP_1400	362663.ECP_4310	0.50513
362663.ECP_0257	362663.ECP_0381	0.50305
362663.ECP_1431	362663.ecp:ECP_2931	0.25069
362663.ECP_0402	362663.ECP_3995	0.53173
362663.ECP_3136	362663.ECP_3973	0.2098
362663.ecp:ECP_3550	362663.ECP_4552	0.46203
362663.ECP_2184	362663.ecp:ECP_2180	0.25961
362663.ecp:ECP_4378	362663.ECP_4548	0.16805
362663.ECP_2560	362663.ECP_4446	0.56868
362663.ECP_2592	362663.ecp:ECP_4500	0.53515
362663.ECP_4346	362663.ECP_4426	0.26639
362663.ECP_1229	362663.ECP_3611	0.59436
362663.ECP_1408	362663.ECP_2275	0.53575
362663.ecp:ECP_1924	362663.ECP_3200	0.21704
362663.ECP_3402	362663.ecp:ECP_3408	0.1511
362663.ECP_0897	362663.ECP_4605	0.76496
362663.ECP_1818	362663.ECP_3494	0.54536
362663.ECP_4288	362663.ECP_1986	0.15135
362663.ECP_0401	362663.ECP_2451	0.18691
362663.ECP_2317	362663.ECP_4239	0.2748
362663.ECP_0531	362663.ECP_0188	0.53843
362663.ECP_0372	362663.ECP_3955	0.2765
362663.ECP_1952	362663.ECP_0101	0.39193
362663.ECP_4361	362663.ECP_0723	0.15089
362663.ECP_3687	362663.ECP_1800	0.21778
362663.ECP_2981	362663.ECP_2353	0.19036
362663.ECP_1866	362663.ECP_0819	0.88433
362663.ECP_3924	362663.ECP_3646	0.34133
362663.ECP_1400	362663.ECP_4310	0.50513
362663.ECP_2544	362663.ECP_1915	0.24796
362663.ECP_3567	362663.ECP_4139	0.18439
362663.ECP_0736	362663.ECP_4397	0.3035
362663.ECP_2128	362663.ECP_1514	0.24154
362663.ECP_1152	362663.ecp:ECP_2640	0.66489
362663.ECP_1473	362663.ECP_1977	0.55901
362663.ECP_0849	362663.ECP_0276	0.19328
362663.ECP_1293	362663.ECP_2191	0.63593
362663.ECP_3149	362663.ecp:ECP_2052	0.30819
362663.ecp:ECP_4481	362663.ECP_3832	0.2151
362663.ECP_0152	362663.ECP_3790	0.25845
362663.ECP_2753	362663.ecp:ECP_0108	0.49332
362663.ECP_3385	362663.ECP_4758	0.5352
362663.ECP_3201	362663.ECP_4684	0.23567
362663.ECP_2914	362663.ECP_3684	0.18099
362663.ECP_0283	362663.ECP_1440	0.48154
362663.ECP_2237	362663.ecp:ECP_2238	0.29066
362663.ECP_3253	362663.ecp:ECP_3392	0.1742
362663.ecp:ECP_3396	362663.ecp:ECP_3431	0.14226
362663.ECP_4754	362663.ECP_0206	0.3829
362663.ecp:ECP_4155	362663.ecp:ECP_0170	0.28574
362663.ECP_3772	362663.ECP_1698	0.08603
362663.ECP_3758	362663.ECP_3320	0.60847
362663.ECP_4068	362663.ecp:ECP_1596	0.60037
362663.ecp:ECP_2611	362663.ECP_3262	0.49468
362663.ECP_3807	362663.ECP_0671	0.26663
362663.ECP_0012	362663.ECP_2838	0.16253
362663.ECP_2803	362663.ECP_2099	0.16773
362663.ECP_2611	362663.ecp:ECP_3252	0.27392
362663.ECP_2061	362663.ECP_3817	0.63495
362663.ECP_0421	362663.ECP_2194	0.19608
362663.ECP_3749	362663.ECP_3107	0.10046
362663.ECP_2202	362663.ECP_1149	0.14021
362663.ECP_2666	362663.ECP_4121	0.54014
362663.ECP_3564	362663.ECP_2221	0.46444
362663.ECP_0162	362663.ECP_1017	0.17022
362663.ECP_3297	362663.ECP_3852	0.13635
362663.ECP_0885	362663.ECP_0356	0.26567
362663.ECP_1571	362663.ECP_4697	0.09379
362663.ECP_2197	362663.ECP_0919	0.22612
362663.ECP_3621	362663.ECP_3039	0.08726
362663.ECP_4250	362663.ECP_2922	0.1311
362663.ECP_0440	362663.ecp:ECP_2070	0.12981
362663.ECP_0138	362663.ECP_0093	0.14858
362663.ECP_4311	362663.ECP_0993	0.17211
362663.ECP_4404	362663.ecp:ECP_3523	0.24634
362663.ecp:ECP_0180	362663.ECP_4197	0.17818
362663.ECP_1555	362663.ECP_2636	0.10906
362663.ECP_2456	362663.ECP_0565	0.09698
362663.ECP_4532	362663.ECP_2221	0.63387
362663.ecp:ECP_2620	362663.ECP_4069	0.33093
362663.ECP_4339	362663.ECP_2667	0.11861
362663.ECP_3328	362663.ECP_1824	0.20136
362663.ECP_3313	362663.ECP_3403	0.13942
362663.ECP_0959	362663.ECP_1096	0.23502
362663.ECP_3472	362663.ECP_3626	0.1537
362663.ecp:ECP_4575	362663.ECP_3022	0.53706
362663.ECP_1135	362663.ECP_0634	0.07986
362663.ECP_0479	362663.ECP_0804	0.39666
362663.ecp:ECP_3396	362663.ECP_3734	0.47639
362663.ECP_3324	362663.ECP_4387	0.10138
362663.ECP_0350	362663.ECP_3148	0.26018
362663.ECP_1840	362663.ECP_1577	0.20845
362663.ECP_2520	362663.ECP_3685	0.17839
362663.ECP_4546	362663.ECP_0331	0.56968
362663.ECP_3829	362663.ecp:ECP_3720	0.19136
362663.ECP_0702	362663.ECP_0062	0.27898
362663.ECP_4548	362663.ECP_2382	0.77037
362663.ECP_2838	362663.ecp:ECP_3451	0.13121
362663.ECP_0295	362663.ECP_0200	0.19931
362663.ECP_3107	362663.ECP_4482	0.3122
362663.ECP_0615	362663.ECP_3355	0.39957
362663.ECP_3150	362663.ECP_4237	0.32314
362663.ECP_3747	362663.ECP_1755	0.60144
362663.ECP_4072	362663.ECP_0614	0.22122
362663.ECP_3403	362663.ecp:ECP_3429	0.46595
362663.ECP_0766	362663.ECP_3713	0.35226
362663.ecp:ECP_0556	362663.ECP_4086	0.14818
362663.ECP_0369	362663.ECP_0181	0.18646
362663.ECP_4095	362663.ECP_1806	0.17612
362663.ECP_1413	362663.ECP_0743	0.46439
362663.ECP_3297	362663.ECP_3852	0.13635
362663.ECP_3384	362663.ECP_3735	0.37251
362663.ECP_3113	362663.ecp:ECP_4772	0.21154
362663.ecp:ECP_3962	362663.ECP_4591	0.14256
362663.ECP_0941	362663.ECP_4786	0.09646
362663.ECP_3931	362663.ECP_1033	0.57171
362663.ECP_0058	362663.ECP_3012	0.15978
362663.ECP_3313	362663.ECP_3382	0.08995
362663.ECP_2214	362663.ECP_2042	0.37202
362663.ECP_3313	362663.ECP_3395	0.18222
362663.ECP_1081	362663.ECP_3735	0.26063
362663.ECP_2090	362663.ECP_2823	0.13342
362663.ECP_0239	362663.ECP_2526	0.28962
362663.ECP_0319	362663.ECP_1665	0.27765
362663.ecp:ECP_1339	362663.ECP_2737	0.14721
362663.ECP_0023	362663.ECP_1800	0.22742
362663.ECP_2047	362663.ECP_2606	0.14948
362663.ECP_1324	362663.ECP_0160	0.85405
362663.ECP_2162	362663.ECP_1116	0.10416
362663.ECP_2066	362663.ecp:ECP_1315	0.53298
362663.ECP_1275	362663.ecp:ECP_1471	0.11578
362663.ECP_0953	362663.ECP_2905	0.27946
362663.ECP_0326	362663.ECP_4575	0.18187
362663.ECP_2033	362663.ecp:ECP_3117	0.14848
362663.ECP_1326	362663.ecp:ECP_3816	0.24147
362663.ecp:ECP_2345	362663.ECP_4053	0.07858
362663.ECP_4524	362663.ECP_1392	0.09369
362663.ECP_1288	362663.ECP_4096	0.14743
362663.ECP_3701	362663.ECP_2392	0.40216
362663.ECP_3801	362663.ECP_1939	0.86431
362663.ECP_1421	362663.ecp:ECP_2915	0.15522
362663.ECP_1771	362663.ECP_3565	0.46788
362663.ECP_3668	362663.ECP_0831	0.43746
362663.ECP_1747	362663.ECP_1900	0.19595
362663.ECP_2471	362663.ECP_1200	0.22155
362663.ECP_3586	362663.ECP_4543	0.61757
362663.ECP_0589	362663.ECP_1041	0.70627
362663.ECP_1848	362663.ECP_4293	0.29702
362663.ECP_2068	362663.ECP_2552	0.24674
362663.ECP_3854	362663.ECP_0605	0.22729
362663.ECP_0237	362663.ECP_0716	0.17881
362663.ECP_1115	362663.ecp:ECP_3951	0.10384
362663.ECP_1543	362663.ECP_3015	0.10311
362663.ECP_1142	362663.ECP_4057	0.36146
362663.ECP_4568	362663.ECP_3002	0.18187
362663.ECP_1088	362663.ECP_0262	0.3005
362663.ecp:ECP_3603	362663.ECP_1699	0.13569
362663.ECP_3622	362663.ECP_2827	0.19519
362663.ECP_3938	362663.ECP_2533	0.11439
362663.ECP_3382	362663.ecp:ECP_3396	0.2257
362663.ECP_1051	362663.ECP_3393	0.35009
362663.ECP_4557	362663.ECP_2143	0.12922
362663.ECP_0817	362663.ECP_3765	0.61615
362663.ECP_4574	362663.ecp:ECP_3552	0.09846
362663.ECP_4195	362663.ECP_3334	0.33606
362663.ECP_0560	362663.ECP_0432	0.20197
362663.ECP_2449	362663.ECP_2480	0.40516
362663.ECP_0525	362663.ECP_0657	0.35717
362663.ECP_2262	362663.ECP_0234	0.27007
362663.ECP_3682	362663.ECP_0133	0.11028
362663.ECP_0016	362663.ECP_0079	0.673
362663.ecp:ECP_2448	362663.ECP_2488	0.2926
362663.ECP_4006	362663.ECP_1217	0.13206
362663.ECP_0792	362663.ECP_1577	0.08561
362663.ECP_1506	362663.ECP_3608	0.65925
362663.ECP_2370	362663.ECP_3199	0.18952
362663.ECP_0161	362663.ECP_3505	0.18146
362663.ECP_0295	362663.ECP_1822	0.41743
362663.ECP_2321	362663.ECP_2323	0.20762
362663.ECP_0431	362663.ECP_4085	0.19291
362663.ECP_3883	362663.ECP_4223	0.27776
362663.ECP_1275	362663.ECP_1276	0.37485
362663.ECP_0380	362663.ECP_3979	0.17974
362663.ECP_0782	362663.ECP_3637	0.63056
362663.ECP_2382	362663.ECP_3263	0.098
362663.ecp:ECP_3392	362663.ECP_4199	0.11586
362663.ECP_2827	362663.ECP_3425	0.40999
362663.ECP_4377	362663.ECP_4359	0.31489
362663.ECP_4433	362663.ECP_3373	0.62158
362663.ecp:ECP_0398	362663.ECP_4249	0.47977
362663.ECP_3727	362663.ecp:ECP_3730	0.08941
362663.ECP_4411	362663.ECP_1831	0.36318
362663.ECP_0053	362663.ecp:ECP_2601	0.17095
362663.ECP_1900	362663.ECP_4378	0.61288
362663.ECP_1969	362663.ECP_1476	0.2788
362663.ECP_0107	362663.ECP_1573	0.41982
362663.ECP_3054	362663.ecp:ECP_3940	0.55659
362663.ECP_3038	362663.ECP_1574	0.2935
362663.ecp:ECP_0474	362663.ECP_2234	0.28409
362663.ECP_2785	362663.ECP_0923	0.75273
362663.ECP_3288	362663.ECP_0973	0.35058
362663.ECP_0110	362663.ECP_0692	0.40385
362663.ECP_2465	362663.ECP_3463	0.48425
362663.ECP_1801	362663.ECP_3076	0.54367
362663.ECP_3232	362663.ECP_1196	0.64358
362663.ECP_3477	362663.ecp:ECP_3188	0.39435
362663.ecp:ECP_3396	362663.ECP_4196	0.1591
362663.ECP_1096	362663.ECP_3045	0.56605
362663.ECP_0208	362663.ECP_0315	0.13502
362663.ECP_3075	362663.ECP_1500	0.12891
362663.ECP_1338	362663.ECP_1998	0.50261
362663.ECP_1492	362663.ECP_2149	0.42212
362663.ECP_0779	362663.ecp:ECP_3431	0.30251
362663.ECP_1822	362663.ECP_3856	0.5706
362663.ECP_2517	362663.ecp:ECP_2473	0.41387
362663.ECP_4098	362663.ECP_4359	0.11386
362663.ECP_3960	362663.ECP_1828	0.43842
362663.ECP_0477	362663.ECP_3687	0.308
362663.ECP_3038	362663.ECP_1932	0.62486
362663.ECP_3848	362663.ECP_2185	0.68311
362663.ECP_4357	362663.ecp:ECP_0210	0.41741
362663.ECP_1033	362663.ECP_0405	0.05309
362663.ECP_1200	362663.ECP_3520	0.25227
362663.ECP_2420	362663.ECP_3918	0.50392
362663.ECP_1359	362663.ecp:ECP_4382	0.57401
362663.ECP_2610	362663.ecp:ECP_3431	0.32992
362663.ECP_1027	362663.ECP_2407	0.18967
362663.ECP_3033	362663.ECP_3405	0.16042
362663.ECP_4098	362663.ECP_2388	0.25628
362663.ECP_3744	362663.ECP_1142	0.25297
362663.ECP_1098	362663.ECP_4599	0.13599
362663.ECP_1417	362663.ecp:ECP_1056	0.10985
362663.ECP_1172	362663.ECP_0141	0.58447
362663.ECP_2415	362663.ECP_0700	0.14079
362663.ECP_4545	362663.ECP_2226	0.13219
362663.ecp:ECP_0015	362663.ECP_1840	0.11003
362663.ECP_3109	362663.ECP_1503	0.40251
362663.ECP_4252	362663.ECP_1519	0.17214
362663.ECP_4062	362663.ecp:ECP_4275	0.1467
362663.ECP_0514	362663.ECP_4469	0.16191
362663.ECP_3182	362663.ECP_3994	0.16797
362663.ECP_2362	362663.ecp:ECP_3475	0.13761
362663.ECP_2307	362663.ecp:ECP_1360	0.37803
362663.ecp:ECP_0133	362663.ecp:ECP_2430	0.25697
362663.ECP_1650	362663.ECP_3339	0.04218
362663.ECP_4452	362663.ECP_1908	0.25074
362663.ECP_1016	362663.ECP_4350	0.32004
362663.ECP_0314	362663.ECP_3968	0.74149
362663.ECP_1413	362663.ECP_0743	0.46439
362663.ECP_2109	362663.ecp:ECP_3457	0.57696
362663.ECP_1826	362663.ECP_1573	0.06813
362663.ECP_0747	362663.ECP_3146	0.46653
362663.ECP_3825	362663.ECP_1040	0.60365
362663.ECP_3325	362663.ECP_0793	0.35219
362663.ECP_4099	362663.ECP_3893	0.74639
362663.ECP_3709	362663.ECP_2513	0.1192
362663.ECP_1364	362663.ecp:ECP_1371	0.10682
362663.ECP_1663	362663.ECP_0851	0.45886
362663.ecp:ECP_4132	362663.ECP_4085	0.39383
362663.ECP_3451	362663.ECP_3972	0.33533
362663.ECP_2404	362663.ECP_2020	0.61077
362663.ECP_1920	362663.ECP_2473	0.05032
362663.ecp:ECP_2238	362663.ECP_4222	0.22819
362663.ECP_1040	362663.ECP_1605	0.12299
362663.ECP_1086	362663.ecp:ECP_1797	0.44619
362663.ECP_3340	362663.ECP_1930	0.13862
362663.ECP_3887	362663.ECP_4516	0.34749
362663.ECP_2820	362663.ECP_1241	0.17521
362663.ECP_2215	362663.ECP_4030	0.1311
362663.ECP_3411	362663.ECP_1724	0.19531
362663.ECP_1209	362663.ECP_2428	0.4996
362663.ECP_1069	362663.ECP_2487	0.12489
362663.ECP_2792	362663.ECP_1579	0.67179
362663.ECP_3395	362663.ECP_3406	0.07986
362663.ECP_4553	362663.ECP_1640	0.29304
362663.ECP_3679	362663.ECP_1944	0.11998
362663.ECP_2457	362663.ECP_4289	0.26824
362663.ECP_4226	362663.ECP_0783	0.12411
362663.ECP_1648	362663.ecp:ECP_0628	0.36377
362663.ECP_0922	362663.ECP_3395	0.66018
362663.ECP_4162	362663.ECP_0900	0.25981
362663.ECP_4050	362663.ecp:ECP_2470	0.25859
362663.ECP_1358	362663.ECP_3200	0.35663
362663.ecp:ECP_3210	362663.ECP_1626	0.35521
362663.ECP_4554	362663.ECP_1722	0.33135
362663.ECP_2382	362663.ECP_3087	0.41577
362663.ECP_3415	362663.ECP_1031	0.43274
362663.ECP_3200	362663.ECP_0075	0.15029
362663.ECP_1533	362663.ECP_1761	0.0802
362663.ECP_0560	362663.ECP_3135	0.50513
362663.ECP_3923	362663.ECP_2654	0.18541
362663.ecp:ECP_3223	362663.ECP_4557	0.19613
362663.ECP_1038	362663.ECP_1293	0.27542
362663.ECP_2598	362663.ECP_2245	0.07998
362663.ECP_4629	362663.ecp:ECP_2458	0.18715
362663.ECP_2202	362663.ECP_4632	0.58976
362663.ECP_2036	362663.ECP_3788	0.27855
362663.ecp:ECP_2498	362663.ECP_3890	0.25138
362663.ECP_2534	362663.ECP_1743	0.30399
362663.ECP_2558	362663.ECP_0981	0.54431
362663.ECP_3648	362663.ECP_4027	0.41893
362663.ECP_4127	362663.ECP_2845	0.05229
362663.ECP_2138	362663.ECP_0631	0.63996
362663.ECP_3912	362663.ECP_0112	0.24675
362663.ECP_1954	362663.ECP_2407	0.22014
362663.ECP_2601	362663.ECP_2602	0.11528
362663.ECP_4548	362663.ECP_2382	0.77037
362663.ECP_1873	362663.ECP_0152	0.31628
362663.ecp:ECP_3763	362663.ECP_3115	0.53276
362663.ECP_0910	362663.ecp:ECP_4294	0.32641
362663.ECP_3546	362663.ecp:ECP_3536	0.4466
362663.ECP_4549	362663.ecp:ECP_0458	0.28121
362663.ecp:ECP_0421	362663.ECP_3747	0.55407
362663.ECP_2269	362663.ECP_3465	0.27793
362663.ECP_3879	362663.ECP_1204	0.47009
362663.ecp:ECP_0573	362663.ECP_1161	0.3145
362663.ECP_2491	362663.ECP_1243	0.09438
362663.ECP_3179	362663.ECP_1814	0.15089
362663.ECP_0608	362663.ECP_4027	0.34126
362663.ECP_0508	362663.ECP_2982	0.37742
362663.ECP_2694	362663.ECP_0576	0.25239
362663.ECP_0432	362663.ecp:ECP_3997	0.1235
362663.ECP_4180	362663.ECP_3400	0.50285
362663.ECP_3939	362663.ECP_2620	0.19982
362663.ECP_0783	362663.ecp:ECP_4599	0.16989
362663.ECP_1372	362663.ECP_1988	0.1228
362663.ECP_2046	362663.ECP_2556	0.71572
362663.ECP_0787	362663.ECP_2183	0.24363
362663.ECP_4368	362663.ECP_3756	0.27706
362663.ECP_4466	362663.ECP_1280	0.12884
362663.ECP_0822	362663.ecp:ECP_3612	0.2816
362663.ECP_1715	362663.ECP_3020	0.1242
362663.ECP_3070	362663.ECP_1190	0.14099
362663.ECP_0823	362663.ECP_3018	0.42611
362663.ECP_2013	362663.ECP_2097	0.63425
362663.ECP_1259	362663.ECP_2607	0.49388
362663.ECP_3283	362663.ECP_3740	0.07681
362663.ecp:ECP_2881	362663.ECP_0903	0.36304
362663.ECP_1184	362663.ECP_4267	0.1991
362663.ECP_3858	362663.ECP_0155	0.14948
362663.ecp:ECP_1560	362663.ECP_3682	0.41707
362663.ECP_4780	362663.ECP_4203	0.22747
362663.ECP_4208	362663.ECP_4684	0.37782
362663.ECP_0023	362663.ECP_0123	0.22651
362663.ecp:ECP_3820	362663.ECP_3745	0.69669
362663.ECP_4544	362663.ECP_3250	0.673
362663.ecp:ECP_3392	362663.ecp:ECP_3396	0.20919
362663.ECP_1682	362663.ECP_1684	0.04971
362663.ecp:ECP_3518	362663.ECP_3024	0.40448
362663.ECP_0165	362663.ECP_0580	0.28193
362663.ECP_0379	362663.ECP_0988	0.70105
362663.ECP_2627	362663.ECP_4640	0.45399
362663.ECP_3101	362663.ECP_1832	0.296
362663.ecp:ECP_2113	362663.ecp:ECP_0313	0.24572
362663.ecp:ECP_3028	362663.ECP_1098	0.44221
362663.ecp:ECP_4272	362663.ECP_3924	0.16356
362663.ECP_3572	362663.ECP_1228	0.30921
362663.ECP_0590	362663.ECP_4219	0.2976
362663.ECP_0765	362663.ECP_4126	0.11865
362663.ECP_0389	362663.ECP_3044	0.61642
362663.ECP_3327	362663.ECP_0325	0.26288
362663.ECP_1438	362663.ECP_1467	0.43901
362663.ECP_0063	362663.ECP_4406	0.40035
362663.ecp:ECP_2366	362663.ECP_1276	0.09359
362663.ecp:ECP_0571	362663.ECP_1626	0.4385
362663.ECP_1663	362663.ECP_3386	0.05463
362663.ECP_3267	362663.ECP_2627	0.30813
362663.ECP_0927	362663.ecp:ECP_1202	0.54344
362663.ECP_3225	362663.ECP_3230	0.30144
362663.ECP_4059	362663.ECP_4516	0.35811
362663.ECP_0242	362663.ECP_1633	0.49456
362663.ECP_3350	362663.ECP_1822	0.74219
362663.ECP_1435	362663.ECP_2476	0.19966
362663.ECP_3762	362663.ECP_3311	0.5607
362663.ECP_3237	362663.ECP_1422	0.05779
362663.ECP_1136	362663.ECP_3361	0.07018
362663.ecp:ECP_3390	362663.ECP_3404	0.191
362663.ECP_4605	362663.ECP_0170	0.6702
362663.ECP_4315	362663.ECP_4317	0.18136
362663.ECP_3213	362663.ECP_1756	0.18018
362663.ecp:ECP_0871	362663.ECP_2743	0.08229
362663.ECP_3292	362663.ECP_2039	0.2645
362663.ECP_2460	362663.ECP_2813	0.31947
362663.ECP_2764	362663.ECP_0895	0.11682
362663.ECP_3394	362663.ECP_1047	0.3283
362663.ECP_2064	362663.ECP_4601	0.12254
362663.ECP_0823	362663.ECP_1398	0.21299
362663.ECP_4699	362663.ECP_0061	0.83826
362663.ECP_3591	362663.ECP_3193	0.18502
362663.ECP_3423	362663.ECP_2133	0.17806
362663.ECP_1131	362663.ECP_0140	0.14919
362663.ECP_2383	362663.ECP_4504	0.23444
362663.ECP_3098	362663.ECP_2888	0.64382
362663.ECP_1437	362663.ECP_0198	0.36581
362663.ECP_1459	362663.ECP_0165	0.22403
362663.ECP_1212	362663.ECP_2454	0.30096
362663.ECP_4779	362663.ECP_4277	0.50513
362663.ECP_0978	362663.ECP_4184	0.35151
362663.ECP_4080	362663.ECP_2813	0.15727
362663.ECP_1227	362663.ECP_0697	0.10627
362663.ECP_2361	362663.ECP_2737	0.20532
362663.ECP_2199	362663.ECP_1792	0.40336
362663.ECP_1243	362663.ECP_3605	0.15829
362663.ECP_2309	362663.ECP_3195	0.44938
362663.ECP_3313	362663.ECP_3394	0.09843
362663.ECP_0053	362663.ECP_3455	0.18147
362663.ECP_3975	362663.ECP_0049	0.48087
362663.ECP_0145	362663.ECP_0388	0.13844
362663.ECP_2317	362663.ECP_4073	0.86549
362663.ECP_0474	362663.ecp:ECP_2233	0.19568
362663.ECP_4585	362663.ECP_3861	0.33991
362663.ECP_1775	362663.ecp:ECP_1098	0.12985
362663.ECP_1862	362663.ecp:ECP_4205	0.26288
362663.ECP_2570	362663.ECP_2280	0.21645
362663.ECP_4043	362663.ecp:ECP_1424	0.52781
362663.ECP_1739	362663.ECP_1655	0.36395
362663.ECP_0484	362663.ecp:ECP_0059	0.25518
362663.ECP_0806	362663.ECP_2071	0.08348
362663.ECP_3171	362663.ECP_0169	0.48036
362663.ECP_0810	362663.ecp:ECP_3959	0.1488
362663.ecp:ECP_3299	362663.ECP_1531	0.40469
362663.ECP_2492	362663.ECP_4334	0.38782
362663.ECP_3966	362663.ECP_1340	0.31174
362663.ECP_3258	362663.ecp:ECP_4599	0.34996
362663.ECP_1733	362663.ECP_1533	0.33589
362663.ECP_1587	362663.ecp:ECP_1646	0.47269
362663.ECP_3273	362663.ECP_3430	0.76876
362663.ecp:ECP_1702	362663.ECP_1280	0.20644
362663.ECP_3749	362663.ECP_1448	0.43609
362663.ECP_1065	362663.ECP_1926	0.09702
362663.ECP_4525	362663.ECP_2732	0.13129
362663.ECP_4308	362663.ecp:ECP_3589	0.35014
362663.ECP_1161	362663.ECP_1155	0.24891
362663.ECP_2949	362663.ECP_1139	0.62452
362663.ECP_3861	362663.ECP_1526	0.69909
362663.ECP_1355	362663.ECP_1198	0.37432
362663.ECP_4576	362663.ECP_3876	0.36663
362663.ECP_1138	362663.ECP_1398	0.57297
362663.ECP_2076	362663.ECP_3015	0.35336
362663.ECP_0852	362663.ECP_4636	0.3435
362663.ecp:ECP_3408	362663.ECP_3430	0.55806
362663.ecp:ECP_3149	362663.ECP_3511	0.41332
362663.ECP_4494	362663.ecp:ECP_2518	0.1605
362663.ecp:ECP_3919	362663.ECP_3579	0.15991
362663.ECP_2244	362663.ECP_2508	0.10882
362663.ECP_2876	362663.ECP_2069	0.31758
362663.ECP_0988	362663.ECP_3575	0.47714
362663.ECP_2975	362663.ECP_2631	0.33173
362663.ECP_0239	362663.ecp:ECP_1348	0.22447
362663.ecp:ECP_0896	362663.ECP_3536	0.22321
362663.ECP_3066	362663.ECP_0736	0.12046
362663.ECP_2163	362663.ECP_1107	0.29399
362663.ECP_0385	362663.ECP_4399	0.49172
362663.ECP_2926	362663.ECP_1602	0.17753
362663.ecp:ECP_3155	362663.ecp:ECP_3396	0.36146
362663.ECP_2642	362663.ECP_4458	0.53071
362663.ECP_3234	362663.ECP_3379	0.53306
362663.ECP_2355	362663.ECP_3340	0.33198
362663.ECP_4212	362663.ecp:ECP_4212	0.99332
362663.ECP_1167	362663.ECP_0044	0.80003
362663.ECP_4765	362663.ECP_4218	0.25939
362663.ecp:ECP_2317	362663.ECP_0221	0.3416
362663.ecp:ECP_1091	362663.ECP_4508	0.30281
362663.ECP_2703	362663.ECP_3316	0.27874
362663.ECP_4587	362663.ECP_1787	0.30896
362663.ECP_3609	362663.ECP_1045	0.15753
362663.ECP_3209	362663.ECP_3071	0.25776
362663.ECP_1269	362663.ECP_4633	0.57343
362663.ECP_3082	362663.ECP_3740	0.20362
362663.ECP_3700	362663.ECP_3674	0.06907
362663.ECP_2513	362663.ECP_0996	0.23295
362663.ECP_1608	362663.ECP_4596	0.25614
362663.ECP_0753	362663.ECP_1910	0.31775
362663.ECP_3028	362663.ECP_2263	0.23866
362663.ECP_4349	362663.ECP_2022	0.27242
362663.ECP_1833	362663.ECP_3111	0.39461
362663.ECP_1437	362663.ECP_1468	0.1403
362663.ecp:ECP_2044	362663.ECP_4211	0.20589
362663.ECP_0022	362663.ECP_3314	0.25246
362663.ECP_4104	362663.ECP_3046	0.41593
362663.ECP_3246	362663.ECP_0998	0.26089
362663.ECP_2344	362663.ECP_4068	0.49706
362663.ECP_1798	362663.ECP_3383	0.23481
362663.ECP_4128	362663.ECP_3915	0.11182
362663.ecp:ECP_2339	362663.ECP_3468	0.25939
362663.ECP_2876	362663.ECP_2735	0.1649
362663.ECP_1175	362663.ECP_2663	0.21778
362663.ECP_3313	362663.ECP_3405	0.39461
362663.ecp:ECP_2986	362663.ECP_2840	0.5356
362663.ECP_0421	362663.ECP_0651	0.26228
362663.ECP_3579	362663.ECP_1550	0.19743
362663.ECP_4062	362663.ECP_3232	0.29372
362663.ECP_0351	362663.ECP_1142	0.07411
362663.ECP_2717	362663.ECP_0448	0.626
362663.ECP_1510	362663.ECP_1235	0.13491
362663.ECP_1755	362663.ECP_1369	0.32078
362663.ECP_1871	362663.ECP_2453	0.21778
362663.ECP_2043	362663.ECP_2463	0.25515
362663.ECP_1566	362663.ECP_2354	0.13674
362663.ECP_2252	362663.ECP_3711	0.74574
362663.ECP_0795	362663.ECP_2622	0.13335
362663.ECP_2126	362663.ECP_2812	0.42166
362663.ECP_1928	362663.ECP_1534	0.0542
362663.ECP_0250	362663.ECP_2467	0.40355
362663.ECP_3323	362663.ECP_2667	0.38381
362663.ecp:ECP_3390	362663.ecp:ECP_3397	0.2884
362663.ECP_2338	362663.ECP_3762	0.62805
362663.ECP_3233	362663.ECP_3518	0.16784
362663.ECP_3386	362663.ecp:ECP_3390	0.31275
362663.ECP_1896	362663.ecp:ECP_1565	0.72064
362663.ECP_0967	362663.ECP_4373	0.46047
362663.ECP_3168	362663.ECP_1081	0.40179
362663.ecp:ECP_4000	362663.ecp:ECP_2697	0.19243
362663.ECP_1223	362663.ecp:ECP_2458	0.26174
362663.ECP_2652	362663.ECP_4080	0.306
362663.ECP_0371	362663.ecp:ECP_4441	0.33935
362663.ECP_1438	362663.ECP_0470	0.38589
362663.ECP_0567	362663.ECP_2080	0.20453
362663.ECP_3071	362663.ECP_4573	0.56114
362663.ECP_1364	362663.ECP_1370	0.35887
362663.ECP_3405	362663.ECP_2959	0.4204
362663.ECP_3314	362663.ecp:ECP_3400	0.32497
362663.ECP_1375	362663.ECP_2993	0.37729
362663.ECP_1085	362663.ECP_1086	0.43882
362663.ECP_2763	362663.ECP_3967	0.63327
362663.ECP_4134	362663.ecp:ECP_4359	0.15816
362663.ECP_0741	362663.ecp:ECP_2474	0.48312
362663.ECP_4135	362663.ECP_3237	0.38491
362663.ECP_2674	362663.ECP_0442	0.72717
362663.ECP_1266	362663.ECP_0221	0.52025
362663.ECP_1722	362663.ECP_2028	0.38904
362663.ecp:ECP_4352	362663.ECP_0137	0.66455
362663.ECP_0481	362663.ECP_4616	0.46562
362663.ECP_2845	362663.ECP_1662	0.15898
362663.ECP_2401	362663.ECP_2627	0.55663
362663.ECP_2927	362663.ECP_0431	0.26177
362663.ecp:ECP_3408	362663.ECP_4197	0.15385
362663.ECP_2200	362663.ECP_0134	0.25827
362663.ECP_0239	362663.ecp:ECP_1348	0.22447
362663.ecp:ECP_1650	362663.ECP_0080	0.34056
362663.ECP_2964	362663.ECP_4785	0.74914
362663.ECP_4178	362663.ECP_1753	0.56753
362663.ECP_2179	362663.ECP_4451	0.24062
362663.ecp:ECP_1480	362663.ECP_3425	0.17756
362663.ecp:ECP_1120	362663.ECP_3953	0.11068
362663.ECP_2058	362663.ECP_4222	0.33995
362663.ECP_0594	362663.ECP_2662	0.19892
362663.ECP_4413	362663.ecp:ECP_4298	0.18304
362663.ECP_1253	362663.ecp:ECP_1728	0.47077
362663.ECP_1664	362663.ECP_3734	0.16815
362663.ECP_3273	362663.ecp:ECP_3429	0.59301
362663.ECP_1644	362663.ECP_0191	0.15973
362663.ecp:ECP_0073	362663.ECP_4317	0.29284
362663.ECP_1577	362663.ECP_3089	0.22084
362663.ecp:ECP_4471	362663.ECP_4210	0.15285
362663.ECP_2927	362663.ECP_3693	0.43965
362663.ECP_3303	362663.ECP_3742	0.18725
362663.ECP_0177	362663.ECP_3382	0.31394
362663.ECP_0053	362663.ECP_3455	0.18147
362663.ECP_0656	362663.ECP_3238	0.1734
362663.ECP_0364	362663.ECP_0475	0.30357
362663.ECP_2649	362663.ECP_0779	0.29778
362663.ECP_1663	362663.ECP_3314	0.10577
362663.ecp:ECP_4255	362663.ECP_2945	0.16007
362663.ECP_1728	362663.ECP_0093	0.26274
362663.ECP_3158	362663.ECP_4085	0.36317
362663.ECP_0922	362663.ECP_1238	0.76169
362663.ECP_3313	362663.ECP_4585	0.16695
362663.ECP_3403	362663.ECP_1498	0.09226
362663.ECP_1087	362663.ECP_1016	0.21258
362663.ECP_1765	362663.ECP_3150	0.16918
362663.ECP_2566	362663.ECP_3185	0.22429
362663.ECP_0596	362663.ecp:ECP_1589	0.4036
362663.ecp:ECP_2513	362663.ECP_0628	0.17607
362663.ECP_2513	362663.ECP_3509	0.13866
362663.ECP_3207	362663.ECP_3754	0.52929
362663.ECP_2635	362663.ECP_1275	0.57762
362663.ECP_3313	362663.ECP_3399	0.21094
362663.ECP_3059	362663.ecp:ECP_0859	0.0968
362663.ECP_3931	362663.ECP_1033	0.57171
362663.ECP_1547	362663.ECP_2165	0.29997
362663.ECP_0562	362663.ECP_1045	0.1529
362663.ecp:ECP_4526	362663.ECP_3570	0.18952
362663.ECP_4180	362663.ECP_4380	0.34058
362663.ECP_0517	362663.ECP_3017	0.20182
362663.ECP_3313	362663.ECP_4196	0.08958
362663.ECP_0486	362663.ECP_3945	0.43021
362663.ECP_1678	362663.ecp:ECP_4118	0.53861
362663.ECP_1472	362663.ECP_0805	0.34033
362663.ECP_3813	362663.ECP_1115	0.23486
362663.ECP_2607	362663.ECP_4198	0.22403
362663.ECP_2044	362663.ECP_3769	0.23881
362663.ECP_2260	362663.ECP_4263	0.48222
362663.ECP_2171	362663.ecp:ECP_0335	0.62516
362663.ECP_0479	362663.ECP_0804	0.39666
362663.ECP_0072	362663.ECP_2614	0.40959
362663.ECP_3076	362663.ECP_3080	0.75743
362663.ECP_0463	362663.ECP_3345	0.4091
362663.ECP_4099	362663.ECP_3893	0.74639
362663.ECP_3141	362663.ecp:ECP_4537	0.40165
362663.ECP_2991	362663.ECP_3598	0.16628
362663.ECP_3561	362663.ECP_3714	0.22884
362663.ECP_2987	362663.ECP_0591	0.09179
362663.ecp:ECP_4021	362663.ECP_3332	0.32421
362663.ECP_2631	362663.ECP_0321	0.19405
362663.ECP_3800	362663.ECP_1804	0.5667
362663.ECP_3897	362663.ECP_3604	0.19142
362663.ECP_1638	362663.ECP_3566	0.34715
362663.ECP_0499	362663.ECP_0035	0.338
362663.ECP_3670	362663.ECP_4037	0.27505
362663.ECP_0409	362663.ECP_1962	0.14476
362663.ECP_2199	362663.ECP_3239	0.11142
362663.ECP_4310	362663.ECP_2831	0.18063
362663.ECP_4039	362663.ecp:ECP_2057	0.10188
362663.ECP_2708	362663.ECP_0009	0.47785
362663.ECP_2155	362663.ECP_3342	0.72417
362663.ECP_2438	362663.ECP_0876	0.18413
362663.ECP_4214	362663.ECP_1725	0.36784
362663.ECP_0307	362663.ECP_3790	0.39629
362663.ECP_1127	362663.ECP_1827	0.20553
362663.ECP_1032	362663.ECP_2792	0.36529
362663.ECP_1706	362663.ECP_4332	0.47639
362663.ECP_1024	362663.ecp:ECP_3881	0.53626
362663.ECP_4557	362663.ECP_0160	0.79051
362663.ECP_0817	362663.ECP_1610	0.59656
362663.ECP_0499	362663.ECP_1169	0.14053
362663.ECP_3663	362663.ECP_1924	0.24405
362663.ECP_1244	362663.ECP_2943	0.4031
362663.ECP_2648	362663.ECP_0003	0.44947
362663.ECP_3330	362663.ECP_2551	0.12695
362663.ECP_3242	362663.ECP_3203	0.40446
362663.ECP_0377	362663.ECP_4680	0.6709
362663.ECP_4242	362663.ECP_1513	0.44926
362663.ecp:ECP_2492	362663.ECP_4011	0.22214
362663.ECP_2353	362663.ECP_3708	0.13942
362663.ECP_1693	362663.ECP_2195	0.30131
362663.ECP_2415	362663.ECP_1983	0.49207
362663.ECP_3855	362663.ECP_3562	0.56135
362663.ECP_2884	362663.ECP_3887	0.28363
362663.ECP_1015	362663.ECP_4621	0.23747
362663.ECP_0823	362663.ECP_4277	0.26927
362663.ECP_4544	362663.ECP_0051	0.4038
362663.ECP_3114	362663.ECP_3121	0.5952
362663.ECP_2628	362663.ECP_4210	0.34989
362663.ECP_3008	362663.ECP_3169	0.20391
362663.ECP_4489	362663.ECP_3888	0.45374
362663.ECP_0153	362663.ECP_3948	0.09116
362663.ECP_0743	362663.ECP_1275	0.10161
362663.ECP_3003	362663.ECP_0813	0.87868
362663.ECP_1422	362663.ECP_3839	0.37452
362663.ECP_4091	362663.ecp:ECP_2923	0.43117
362663.ECP_1244	362663.ECP_2943	0.4031
362663.ECP_3314	362663.ECP_1771	0.31087
362663.ECP_1792	362663.ECP_3982	0.5171
362663.ECP_3403	362663.ecp:ECP_3431	0.17076
362663.ECP_3702	362663.ECP_4599	0.18044
362663.ECP_4301	362663.ECP_2270	0.15576
362663.ECP_0151	362663.ECP_2476	0.20752
362663.ECP_0322	362663.ECP_0381	0.32314
362663.ECP_0300	362663.ECP_2183	0.08253
362663.ECP_3688	362663.ECP_1108	0.09277
362663.ECP_3040	362663.ECP_2010	0.48615
362663.ECP_3806	362663.ECP_1453	0.18225
362663.ECP_4395	362663.ECP_3124	0.25269
362663.ECP_2343	362663.ECP_4506	0.17183
362663.ECP_0376	362663.ecp:ECP_1292	0.12884
362663.ECP_1000	362663.ECP_3718	0.17271
362663.ECP_1087	362663.ECP_0964	0.33765
362663.ECP_2334	362663.ECP_0381	0.27202
362663.ecp:ECP_4603	362663.ECP_4141	0.42186
362663.ECP_1437	362663.ECP_1092	0.21294
362663.ECP_4461	362663.ECP_4091	0.36285
362663.ECP_1046	362663.ECP_2761	0.1706
362663.ECP_0593	362663.ECP_3787	0.16144
362663.ECP_0617	362663.ECP_0023	0.53306
362663.ECP_3768	362663.ECP_1655	0.27052
362663.ECP_3386	362663.ECP_3394	0.14473
362663.ECP_2976	362663.ecp:ECP_4359	0.36373
362663.ecp:ECP_3576	362663.ECP_1275	0.47596
362663.ECP_4602	362663.ECP_0485	0.52372
362663.ECP_1453	362663.ECP_1697	0.26695
362663.ECP_3061	362663.ECP_3040	0.26567
362663.ECP_2760	362663.ecp:ECP_1146	0.33022
362663.ECP_2233	362663.ECP_3542	0.13158
362663.ECP_1940	362663.ECP_1788	0.39019
362663.ECP_0163	362663.ECP_1766	0.73625
362663.ECP_4080	362663.ecp:ECP_3052	0.20667
362663.ECP_2887	362663.ecp:ECP_0191	0.241
362663.ECP_0337	362663.ECP_2416	0.11934
362663.ECP_3119	362663.ECP_3605	0.13472
362663.ECP_3235	362663.ECP_3373	0.29231
362663.ECP_1009	362663.ECP_0499	0.47819
362663.ECP_3200	362663.ECP_0075	0.15029
362663.ECP_2543	362663.ecp:ECP_1428	0.398
362663.ECP_0076	362663.ECP_0740	0.32069
362663.ECP_0564	362663.ECP_3576	0.40683
362663.ECP_2000	362663.ECP_4624	0.45355
362663.ECP_3232	362663.ECP_3128	0.11218
362663.ECP_3237	362663.ECP_3881	0.23933
362663.ECP_1605	362663.ECP_1661	0.39769
362663.ECP_2055	362663.ECP_0394	0.67394
362663.ecp:ECP_4025	362663.ecp:ECP_3339	0.15925
362663.ECP_1405	362663.ECP_1683	0.41277
362663.ECP_2597	362663.ECP_3290	0.20897
362663.ECP_4772	362663.ecp:ECP_2288	0.1785
362663.ECP_0238	362663.ecp:ECP_1833	0.29435
362663.ECP_0979	362663.ECP_3915	0.10792
362663.ECP_0097	362663.ECP_1026	0.23948
362663.ECP_1948	362663.ECP_2191	0.4601
362663.ECP_0373	362663.ECP_2468	0.47337
362663.ECP_3380	362663.ECP_2903	0.14265
362663.ECP_2995	362663.ecp:ECP_1177	0.16055
362663.ECP_2842	362663.ECP_3524	0.30812
362663.ECP_3108	362663.ECP_2506	0.74159
362663.ECP_4326	362663.ECP_2862	0.29459
362663.ECP_1629	362663.ECP_0495	0.33956
362663.ecp:ECP_2318	362663.ECP_2323	0.57409
362663.ECP_4615	362663.ecp:ECP_0880	0.32281
362663.ECP_0138	362663.ECP_3723	0.17868
362663.ECP_0669	362663.ECP_1499	0.19148
362663.ECP_0820	362663.ECP_2755	0.31802
362663.ecp:ECP_0459	362663.ecp:ECP_3491	0.30254
362663.ECP_1243	362663.ECP_3120	0.17452
362663.ECP_2701	362663.ECP_1205	0.13808
362663.ECP_2819	362663.ECP_4150	0.33979
362663.ECP_4349	362663.ECP_2596	0.29109
362663.ECP_4481	362663.ECP_4679	0.23336
362663.ECP_3654	362663.ECP_2869	0.22336
362663.ECP_0080	362663.ECP_2328	0.28037
362663.ECP_0732	362663.ECP_0136	0.58039
362663.ecp:ECP_2394	362663.ecp:ECP_2063	0.33469
362663.ECP_1737	362663.ECP_2696	0.42699
362663.ECP_3863	362663.ECP_2331	0.66455
362663.ECP_1650	362663.ECP_1489	0.9048
362663.ECP_2682	362663.ECP_0067	0.23626
362663.ecp:ECP_1033	362663.ECP_1318	0.12317
362663.ECP_4526	362663.ecp:ECP_4688	0.31906
362663.ECP_4541	362663.ECP_4489	0.35305
362663.ECP_2160	362663.ECP_3555	0.51618
362663.ECP_0161	362663.ECP_3118	0.21507
362663.ECP_0571	362663.ECP_1781	0.79475
362663.ECP_2698	362663.ECP_0141	0.27139
362663.ECP_3347	362663.ECP_2334	0.24918
362663.ECP_1735	362663.ECP_1439	0.34633
362663.ECP_3017	362663.ECP_1268	0.17235
362663.ECP_1703	362663.ECP_0303	0.15182
362663.ECP_3780	362663.ECP_4680	0.43447
362663.ECP_1940	362663.ECP_1788	0.39019
362663.ECP_4573	362663.ECP_2053	0.3712
362663.ECP_2658	362663.ECP_3620	0.13989
362663.ECP_3840	362663.ECP_4237	0.44872
362663.ECP_3383	362663.ECP_3747	0.50039
362663.ECP_3238	362663.ECP_2332	0.11022
362663.ECP_0828	362663.ECP_1292	0.21694
362663.ECP_2903	362663.ECP_0114	0.04966
362663.ECP_3131	362663.ECP_3530	0.47406
362663.ECP_0937	362663.ECP_0337	0.27196
362663.ECP_1976	362663.ECP_2962	0.62778
362663.ECP_1586	362663.ECP_2392	0.17534
362663.ECP_2438	362663.ecp:ECP_4148	0.16129
362663.ECP_2368	362663.ECP_2649	0.28962
362663.ECP_3607	362663.ECP_2254	0.44926
362663.ecp:ECP_3561	362663.ecp:ECP_1374	0.34626
362663.ECP_4660	362663.ECP_2573	0.1289
362663.ECP_3239	362663.ECP_0288	0.32462
362663.ECP_3940	362663.ECP_2315	0.14461
362663.ECP_1891	362663.ECP_2206	0.07694
362663.ECP_3223	362663.ECP_4217	0.45846
362663.ECP_2465	362663.ecp:ECP_1827	0.41046
362663.ECP_2135	362663.ECP_0850	0.44065
362663.ECP_3658	362663.ECP_1421	0.43629
362663.ECP_2854	362663.ECP_3370	0.38388
362663.ECP_1022	362663.ECP_2159	0.13341
362663.ECP_1568	362663.ECP_2681	0.37625
362663.ECP_3640	362663.ECP_3539	0.58766
362663.ECP_0528	362663.ECP_3304	0.07411
362663.ECP_2683	362663.ECP_2898	0.30239
362663.ECP_2176	362663.ECP_3315	0.2263
362663.ECP_3076	362663.ECP_0861	0.73991
362663.ECP_1931	362663.ECP_3347	0.43928
362663.ECP_1927	362663.ECP_2916	0.35931
362663.ECP_4506	362663.ECP_2108	0.17397
362663.ECP_1142	362663.ECP_0041	0.3468
362663.ECP_0086	362663.ECP_1532	0.4835
362663.ECP_3160	362663.ecp:ECP_1726	0.35307
362663.ECP_1132	362663.ECP_3927	0.32776
362663.ECP_3848	362663.ECP_1847	0.21135
362663.ecp:ECP_3382	362663.ECP_3534	0.26643
362663.ECP_4515	362663.ECP_4516	0.19968
362663.ECP_4506	362663.ECP_2060	0.49829
362663.ecp:ECP_2952	362663.ECP_1232	0.27129
362663.ECP_0677	362663.ECP_0016	0.29794
362663.ECP_0922	362663.ECP_3399	0.77537
362663.ECP_0014	362663.ECP_2532	0.55638
362663.ECP_2466	362663.ECP_1924	0.17237
362663.ECP_2047	362663.ECP_2606	0.14948
362663.ECP_3842	362663.ECP_3671	0.13932
362663.ECP_3645	362663.ECP_0650	0.74274
362663.ECP_0720	362663.ECP_1322	0.32575
362663.ECP_1672	362663.ECP_4691	0.25
362663.ECP_1427	362663.ECP_0735	0.31185
362663.ECP_0191	362663.ECP_1566	0.34259
362663.ECP_2260	362663.ECP_2842	0.49981
362663.ECP_0053	362663.ECP_2080	0.21831
362663.ecp:ECP_4067	362663.ECP_0696	0.32986
362663.ECP_1877	362663.ecp:ECP_0187	0.08507
362663.ECP_4131	362663.ECP_4016	0.68073
362663.ECP_3643	362663.ECP_1705	0.32527
362663.ECP_2555	362663.ECP_4448	0.20496
362663.ECP_0452	362663.ECP_2956	0.0678
362663.ECP_2316	362663.ecp:ECP_2320	0.40615
362663.ECP_2533	362663.ECP_3438	0.32117
362663.ECP_2718	362663.ECP_4242	0.33858
362663.ECP_4506	362663.ECP_1048	0.09464
362663.ECP_2004	362663.ECP_0240	0.23414
362663.ECP_4560	362663.ECP_0303	0.16727
362663.ECP_1008	362663.ECP_2609	0.19568
362663.ECP_0580	362663.ECP_2032	0.49039
362663.ECP_3020	362663.ECP_2994	0.46773
362663.ECP_0897	362663.ECP_0572	0.24982
362663.ecp:ECP_0608	362663.ECP_2418	0.09135
362663.ecp:ECP_1921	362663.ecp:ECP_3706	0.72064
362663.ECP_0859	362663.ECP_1714	0.2428
362663.ecp:ECP_4551	362663.ecp:ECP_3906	0.17685
362663.ECP_3927	362663.ECP_4416	0.09139
362663.ECP_4003	362663.ECP_0567	0.08684
362663.ECP_1010	362663.ECP_1464	0.15469
362663.ECP_0358	362663.ECP_3606	0.25969
362663.ECP_3721	362663.ECP_3726	0.07323
362663.ecp:ECP_0597	362663.ECP_1968	0.17926
362663.ECP_2043	362663.ECP_0201	0.10212
362663.ECP_2195	362663.ECP_3531	0.20619
362663.ECP_1960	362663.ECP_3187	0.48702
362663.ECP_4637	362663.ECP_3471	0.52723
362663.ECP_4053	362663.ecp:ECP_1068	0.17323
362663.ecp:ECP_2182	362663.ECP_2391	0.22756
362663.ECP_3341	362663.ECP_4447	0.70244
362663.ECP_1532	362663.ECP_0662	0.34755
362663.ECP_1433	362663.ECP_4172	0.16579
362663.ECP_0830	362663.ECP_2250	0.19118
362663.ECP_1080	362663.ECP_0477	0.05239
362663.ECP_1509	362663.ECP_4400	0.17549
362663.ECP_0326	362663.ECP_0988	0.41743
362663.ECP_2914	362663.ecp:ECP_2915	0.12237
362663.ECP_3280	362663.ECP_2936	0.32099
362663.ECP_4372	362663.ecp:ECP_1889	0.88069
362663.ECP_0501	362663.ECP_0423	0.39019
362663.ECP_0629	362663.ECP_1579	0.45794
362663.ECP_4411	362663.ECP_3859	0.49586
362663.ECP_0108	362663.ecp:ECP_2220	0.3772
362663.ECP_2628	362663.ECP_1618	0.20525
362663.ecp:ECP_0616	362663.ECP_1830	0.15888
362663.ECP_0040	362663.ECP_1768	0.54294
362663.ECP_4241	362663.ECP_0361	0.53067
362663.ECP_2380	362663.ECP_1692	0.1387
362663.ECP_3869	362663.ECP_1864	0.26816
362663.ECP_2822	362663.ECP_3772	0.26433
362663.ECP_3861	362663.ECP_1551	0.05256
362663.ECP_2906	362663.ECP_0103	0.13382
362663.ECP_0208	362663.ecp:ECP_0448	0.38426
362663.ECP_0912	362663.ECP_4763	0.1502
362663.ECP_0194	362663.ECP_0771	0.23362
362663.ECP_3040	362663.ecp:ECP_0006	0.32818
362663.ECP_1125	362663.ECP_1924	0.09942
362663.ECP_0474	362663.ECP_1375	0.36882
362663.ECP_0068	362663.ECP_1320	0.08095
362663.ECP_2263	362663.ecp:ECP_0258	0.15452
362663.ECP_1152	362663.ECP_3695	0.40513
362663.ECP_1177	362663.ECP_3185	0.20377
362663.ECP_1949	362663.ECP_0815	0.68472
362663.ECP_3198	362663.ECP_0654	0.63631
362663.ECP_2082	362663.ECP_3859	0.41012
362663.ECP_0460	362663.ecp:ECP_2092	0.17168
362663.ecp:ECP_3376	362663.ECP_0155	0.50798
362663.ECP_3118	362663.ECP_3605	0.1886
362663.ECP_1216	362663.ECP_2502	0.38105
362663.ECP_2496	362663.ECP_1143	0.50962
362663.ECP_2079	362663.ECP_2489	0.07612
362663.ecp:ECP_3940	362663.ECP_1188	0.71101
362663.ECP_3616	362663.ECP_4214	0.36146
362663.ecp:ECP_3028	362663.ECP_0402	1.0
362663.ECP_1446	362663.ecp:ECP_3163	0.10806
362663.ECP_2994	362663.ECP_2210	0.66848
362663.ECP_3397	362663.ECP_3064	0.4029
362663.ECP_3655	362663.ECP_4476	0.09697
362663.ECP_1669	362663.ECP_2316	0.32155
362663.ECP_3166	362663.ECP_1958	0.12404
362663.ECP_2574	362663.ECP_1584	0.08608
362663.ECP_2493	362663.ECP_2518	0.05596
362663.ECP_3757	362663.ECP_3806	0.06999
362663.ECP_2327	362663.ecp:ECP_3446	0.25199
362663.ECP_2339	362663.ECP_1771	0.17617
362663.ECP_1164	362663.ECP_4428	0.50034
362663.ECP_0565	362663.ECP_3241	0.27291
362663.ECP_0771	362663.ECP_2553	0.77761
362663.ECP_0152	362663.ecp:ECP_3252	0.60001
362663.ECP_2673	362663.ECP_0236	0.13525
362663.ecp:ECP_3396	362663.ECP_4448	0.14354
362663.ECP_3313	362663.ECP_3735	0.29515
362663.ECP_0232	362663.ECP_4287	0.03448
362663.ECP_1150	362663.ecp:ECP_0453	0.15049
362663.ecp:ECP_0113	362663.ECP_2511	0.14438
362663.ECP_3673	362663.ECP_1590	0.06467
362663.ECP_3252	362663.ECP_2854	0.22083
362663.ECP_3042	362663.ECP_0976	0.0695
362663.ecp:ECP_2161	362663.ECP_0559	0.25816
362663.ECP_0788	362663.ECP_3259	0.10175
362663.ECP_1827	362663.ECP_1676	0.48842
362663.ECP_2596	362663.ecp:ECP_3758	0.22784
362663.ECP_4088	362663.ECP_1125	0.19266
362663.ECP_4699	362663.ECP_0061	0.83826
362663.ECP_3276	362663.ECP_3675	0.2483
362663.ECP_1665	362663.ecp:ECP_3431	0.10205
362663.ECP_4207	362663.ECP_2665	0.41582
362663.ECP_0660	362663.ECP_3951	0.17259
362663.ECP_0838	362663.ECP_2350	0.1334
362663.ecp:ECP_1870	362663.ECP_3306	0.12636
362663.ECP_1323	362663.ecp:ECP_1436	0.54148
362663.ECP_2082	362663.ECP_3912	0.14566
362663.ECP_3876	362663.ECP_1217	0.08263
362663.ECP_2229	362663.ECP_3679	0.3052
362663.ECP_1655	362663.ECP_3738	0.22913
362663.ECP_3968	362663.ECP_4455	0.70442
362663.ECP_1822	362663.ECP_1324	0.78426
362663.ECP_1244	362663.ECP_2457	0.12216
362663.ECP_1876	362663.ECP_3590	0.40446
362663.ECP_2893	362663.ECP_2363	0.44543
362663.ECP_1010	362663.ECP_1464	0.15469
362663.ECP_2786	362663.ECP_0709	0.13075
362663.ECP_3253	362663.ECP_2567	0.40989
362663.ECP_1010	362663.ECP_1393	0.16016
362663.ECP_4072	362663.ECP_2194	0.11442
362663.ECP_1097	362663.ECP_0410	0.40597
362663.ECP_3384	362663.ECP_4197	0.14386
362663.ECP_3667	362663.ECP_2749	0.15307
362663.ecp:ECP_3283	362663.ECP_0166	0.25811
362663.ECP_1835	362663.ECP_0432	0.24772
362663.ECP_0369	362663.ecp:ECP_4531	0.22559
362663.ECP_2934	362663.ECP_0234	0.58302
362663.ECP_1069	362663.ECP_4198	0.22562
362663.ECP_4754	362663.ECP_0520	0.36303
362663.ecp:ECP_1489	362663.ecp:ECP_2625	0.15236
362663.ECP_3395	362663.ECP_4447	0.19288
362663.ECP_0168	362663.ECP_3604	0.24091
362663.ECP_0520	362663.ECP_3472	0.24997
362663.ecp:ECP_2287	362663.ECP_1103	0.46509
362663.ECP_2909	362663.ECP_0286	0.46595
362663.ECP_4073	362663.ECP_0504	0.21543
362663.ECP_4087	362663.ECP_3905	0.40669
362663.ecp:ECP_4198	362663.ECP_0466	0.17599
362663.ECP_4516	362663.ECP_0284	0.44273
362663.ECP_3715	362663.ECP_2408	0.11948
362663.ECP_3098	362663.ECP_1055	0.52985
362663.ECP_0101	362663.ECP_2137	0.38976
362663.ECP_2094	362663.ECP_3606	0.1199
362663.ECP_3297	362663.ECP_3350	0.39019
362663.ECP_2890	362663.ECP_0511	0.11656
362663.ECP_4536	362663.ECP_3250	0.5019
362663.ECP_0708	362663.ECP_3415	0.33129
362663.ECP_3693	362663.ECP_0033	0.72463
362663.ECP_2330	362663.ECP_3964	0.47264
362663.ECP_0151	362663.ECP_1534	0.27895
362663.ECP_4170	362663.ECP_4359	0.20132
362663.ecp:ECP_2096	362663.ECP_3405	0.20147
362663.ECP_0449	362663.ECP_2500	0.43938
362663.ECP_1233	362663.ECP_3462	0.16613
362663.ECP_3772	362663.ECP_1698	0.08603
362663.ecp:ECP_2118	362663.ECP_2486	0.77506
362663.ECP_4205	362663.ECP_1902	0.09128
362663.ECP_0843	362663.ECP_0649	0.50812
362663.ECP_4039	362663.ECP_1875	0.2728
362663.ECP_4066	362663.ECP_4067	0.1677
362663.ecp:ECP_3232	362663.ECP_1516	0.29044
362663.ECP_3520	362663.ECP_2729	0.08872
362663.ecp:ECP_4041	362663.ECP_3803	0.57156
362663.ECP_1765	362663.ECP_3469	0.16811
362663.ECP_4264	362663.ECP_3183	0.37021
362663.ECP_1283	362663.ECP_0353	0.27297
362663.ECP_0562	362663.ECP_1156	0.08995
362663.ECP_4550	362663.ecp:ECP_3401	0.07834
362663.ECP_0673	362663.ECP_4387	0.44407
362663.ECP_0336	362663.ECP_4334	0.13709
362663.ECP_2268	362663.ECP_2601	0.0795
362663.ECP_0933	362663.ECP_2496	0.14595
362663.ECP_2825	362663.ECP_1870	0.15596
362663.ECP_1098	362663.ECP_4599	0.13599
362663.ECP_3967	362663.ECP_3497	0.24536
362663.ECP_1009	362663.ECP_2945	0.30309
362663.ECP_0314	362663.ECP_4692	0.41658
362663.ECP_4623	362663.ECP_2005	0.46921
362663.ECP_3973	362663.ECP_2128	0.27765
362663.ECP_4249	362663.ECP_1031	0.07634
362663.ECP_1220	362663.ECP_1192	0.3591
362663.ECP_1770	362663.ECP_1218	0.43056
362663.ECP_4445	362663.ECP_1127	0.27042
362663.ECP_3852	362663.ECP_3024	0.25315
362663.ECP_0319	362663.ECP_1665	0.27765
362663.ECP_1420	362663.ECP_4272	0.17907
362663.ECP_2321	362663.ECP_0386	0.28188
362663.ECP_4341	362663.ECP_4344	0.25227
362663.ECP_1545	362663.ECP_0057	0.32721
362663.ECP_0982	362663.ecp:ECP_4172	0.13113
362663.ECP_1567	362663.ECP_0686	0.27689
362663.ECP_3775	362663.ECP_1697	0.15008
362663.ECP_3394	362663.ECP_3398	0.10915
362663.ECP_0252	362663.ECP_2532	0.07579
362663.ECP_2155	362663.ECP_3856	0.43683
362663.ecp:ECP_4765	362663.ECP_3497	0.14955
362663.ECP_1663	362663.ECP_3734	0.32489
362663.ECP_3605	362663.ECP_2844	0.13685
362663.ECP_1401	362663.ECP_2570	0.32753
362663.ECP_3042	362663.ecp:ECP_0549	0.46441
362663.ECP_4454	362663.ECP_4168	0.16724
362663.ecp:ECP_1186	362663.ecp:ECP_3432	0.64417
362663.ECP_3285	362663.ECP_2422	0.19238
362663.ECP_3278	362663.ECP_3281	0.34961
362663.ECP_3752	362663.ECP_2361	0.1782
362663.ECP_0934	362663.ECP_2605	0.25462
362663.ECP_4172	362663.ECP_1848	0.20472
362663.ECP_0663	362663.ECP_4464	0.1087
362663.ECP_2906	362663.ECP_3471	0.10987
362663.ECP_0669	362663.ECP_1499	0.19148
362663.ECP_3111	362663.ECP_3125	0.08516
362663.ECP_1753	362663.ECP_1903	0.23955
362663.ECP_4361	362663.ECP_1050	0.24224
362663.ecp:ECP_0151	362663.ecp:ECP_1762	0.16794
362663.ECP_1859	362663.ECP_0973	0.42062
362663.ECP_4577	362663.ECP_0169	0.34531
362663.ECP_0383	362663.ECP_4132	0.28539
362663.ECP_0882	362663.ECP_0998	0.20773
362663.ECP_0018	362663.ecp:ECP_3288	0.46863
362663.ECP_0132	362663.ECP_0115	0.84521
362663.ECP_3047	362663.ECP_1149	0.10834
