7227.FBpp0088780	7227.FBpp0076737	0.52871
7227.FBpp0305746	7227.FBpp0083605	0.18386
7227.FBpp0305313	7227.FBpp0302687	0.13544
7227.FBpp0099909	7227.FBpp0084282	0.33199
7227.FBpp0297112	7227.FBpp0070710	0.22883
7227.FBpp0075631	7227.FBpp0076458	0.13663
7227.FBpp0303712	7227.FBpp0081674	0.28471
7227.FBpp0078980	7227.FBpp0289362	0.35765
7227.FBpp0113056	7227.FBpp0071658	0.30674
7227.FBpp0073152	7227.FBpp0304618	0.27592
7227.FBpp0079735	7227.FBpp0076921	0.19815
7227.FBpp0086604	7227.FBpp0071182	0.35572
7227.FBpp0304202	7227.FBpp0074470	0.51654
7227.FBpp0089041	7227.FBpp0305700	0.20077
7227.FBpp0071387	7227.FBpp0302747	0.18019
7227.FBpp0072342	7227.FBpp0083044	0.24605
7227.FBpp0073686	7227.FBpp0083546	0.37716
7227.FBpp0111308	7227.FBpp0087467	0.56793
7227.FBpp0077517	7227.FBpp0085928	0.36211
7227.FBpp0305428	7227.FBpp0079332	0.18392
7227.FBpp0080411	7227.FBpp0112011	0.20612
7227.FBpp0290923	7227.FBpp0072569	0.14562
7227.FBpp0076934	7227.FBpp0085364	0.50803
7227.FBpp0091130	7227.FBpp0079875	0.50616
7227.FBpp0301732	7227.FBpp0076672	0.20687
7227.FBpp0072766	7227.FBpp0075009	0.48748
7227.FBpp0290126	7227.FBpp0079734	0.4932
7227.FBpp0079574	7227.FBpp0288578	0.24754
7227.FBpp0305258	7227.FBpp0301692	0.15107
7227.FBpp0074055	7227.FBpp0297280	0.10446
7227.FBpp0070863	7227.FBpp0112042	0.21032
7227.FBpp0086687	7227.FBpp0290998	0.42818
7227.FBpp0112993	7227.FBpp0291370	0.27257
7227.FBpp0084989	7227.FBpp0297412	0.13421
7227.FBpp0292532	7227.FBpp0079969	0.65626
7227.FBpp0083433	7227.FBpp0301692	0.55474
7227.FBpp0074756	7227.FBpp0302581	0.10773
7227.FBpp0084083	7227.FBpp0293934	0.73228
7227.FBpp0086599	7227.FBpp0086960	0.27778
7227.FBpp0085308	7227.FBpp0304722	0.10929
7227.FBpp0082843	7227.FBpp0110147	0.315
7227.FBpp0072200	7227.FBpp0072346	0.20166
7227.FBpp0080405	7227.FBpp0288958	0.15346
7227.FBpp0291444	7227.FBpp0086153	0.25132
7227.FBpp0073664	7227.FBpp0078894	0.72795
7227.FBpp0072050	7227.FBpp0085597	0.21177
7227.FBpp0086814	7227.FBpp0305428	0.17026
7227.FBpp0074400	7227.FBpp0303056	0.46785
7227.FBpp0290868	7227.FBpp0085601	0.58393
7227.FBpp0302705	7227.FBpp0083070	0.15251
7227.FBpp0288492	7227.FBpp0078697	0.26238
7227.FBpp0079536	7227.FBpp0086270	0.30524
7227.FBpp0087603	7227.FBpp0303130	0.30039
7227.FBpp0076952	7227.FBpp0077668	0.3046
7227.FBpp0070646	7227.FBpp0304061	0.30307
7227.FBpp0081890	7227.FBpp0086507	0.32983
7227.FBpp0078252	7227.FBpp0084525	0.09104
7227.FBpp0075055	7227.FBpp0076495	0.07672
7227.FBpp0305732	7227.FBpp0300314	0.64185
7227.FBpp0087824	7227.FBpp0075552	0.08009
7227.FBpp0292033	7227.FBpp0073857	0.12857
7227.FBpp0112179	7227.FBpp0075489	0.26049
7227.FBpp0075246	7227.FBpp0083503	0.26347
7227.FBpp0293793	7227.FBpp0291726	0.23397
7227.FBpp0085282	7227.FBpp0303917	0.42247
7227.FBpp0086983	7227.FBpp0304310	0.18984
7227.FBpp0304898	7227.FBpp0088282	0.15951
7227.FBpp0073416	7227.FBpp0079077	0.23756
7227.FBpp0086872	7227.FBpp0072806	0.57706
7227.FBpp0087174	7227.FBpp0293360	0.11665
7227.FBpp0087206	7227.FBpp0305754	0.18085
7227.FBpp0303389	7227.FBpp0292132	0.58028
7227.FBpp0070298	7227.FBpp0077206	0.09319
7227.FBpp0110068	7227.FBpp0079990	0.18662
7227.FBpp0081538	7227.FBpp0305579	0.16609
7227.FBpp0086774	7227.FBpp0081795	0.29893
7227.FBpp0072920	7227.FBpp0294007	0.20195
7227.FBpp0297871	7227.FBpp0078436	0.42072
7227.FBpp0111641	7227.FBpp0080894	0.44124
7227.FBpp0081237	7227.FBpp0301017	0.16602
7227.FBpp0072401	7227.FBpp0071824	0.41607
7227.FBpp0087185	7227.FBpp0074866	0.48402
7227.FBpp0293429	7227.FBpp0292510	0.28247
7227.FBpp0086917	7227.FBpp0288792	0.11495
7227.FBpp0081544	7227.FBpp0075419	0.25085
7227.FBpp0297145	7227.FBpp0082389	0.12968
7227.FBpp0073857	7227.FBpp0085457	0.07923
7227.FBpp0085046	7227.FBpp0085394	0.12714
7227.FBpp0077011	7227.FBpp0086431	0.20567
7227.FBpp0085489	7227.FBpp0077322	0.19693
7227.FBpp0292465	7227.FBpp0078625	0.64673
7227.FBpp0086349	7227.FBpp0074300	0.28924
7227.FBpp0302813	7227.FBpp0290877	0.15281
7227.FBpp0086575	7227.FBpp0301843	0.12875
7227.FBpp0090958	7227.FBpp0303468	0.45791
7227.FBpp0303851	7227.FBpp0082550	0.22305
7227.FBpp0079613	7227.FBpp0075934	0.39029
7227.FBpp0289905	7227.FBpp0081326	0.20575
7227.FBpp0301781	7227.FBpp0297400	0.71845
7227.FBpp0084113	7227.FBpp0073621	0.22533
7227.FBpp0072777	7227.FBpp0303843	0.20587
7227.FBpp0086220	7227.FBpp0303780	0.584
7227.FBpp0111402	7227.FBpp0075932	0.25645
7227.FBpp0077211	7227.FBpp0072515	0.26144
7227.FBpp0085107	7227.FBpp0076474	0.29758
7227.FBpp0297279	7227.FBpp0077021	0.48004
7227.FBpp0075301	7227.FBpp0110328	0.49656
7227.FBpp0085042	7227.FBpp0086769	0.21518
7227.FBpp0303080	7227.FBpp0077854	0.21606
7227.FBpp0080577	7227.FBpp0306054	0.29903
7227.FBpp0289689	7227.FBpp0289925	0.17187
7227.FBpp0075675	7227.FBpp0082515	0.15407
7227.FBpp0091166	7227.FBpp0292157	0.19293
7227.FBpp0111394	7227.FBpp0291322	0.54318
7227.FBpp0302828	7227.FBpp0306194	0.14747
7227.FBpp0074608	7227.FBpp0079641	0.3901
7227.FBpp0073292	7227.FBpp0083860	0.14325
7227.FBpp0298008	7227.FBpp0297869	0.15412
7227.FBpp0300878	7227.FBpp0304007	0.21491
7227.FBpp0072892	7227.FBpp0079746	0.41568
7227.FBpp0077438	7227.FBpp0076924	0.2332
7227.FBpp0075255	7227.FBpp0082220	0.10983
7227.FBpp0111275	7227.FBpp0302761	0.58504
7227.FBpp0078896	7227.FBpp0079495	0.37929
7227.FBpp0292163	7227.FBpp0085062	0.34339
7227.FBpp0082363	7227.FBpp0086495	0.27564
7227.FBpp0086775	7227.FBpp0084775	0.24171
7227.FBpp0087236	7227.FBpp0084575	0.28854
7227.FBpp0085724	7227.FBpp0100048	0.34318
7227.FBpp0302732	7227.FBpp0088701	0.1072
7227.FBpp0077075	7227.FBpp0297498	0.27014
7227.FBpp0082493	7227.FBpp0081946	0.16322
7227.FBpp0077971	7227.FBpp0089045	0.25327
7227.FBpp0291554	7227.FBpp0070111	0.19893
7227.FBpp0111442	7227.FBpp0079224	0.15991
7227.FBpp0072469	7227.FBpp0081145	0.22643
7227.FBpp0079653	7227.FBpp0088448	0.12995
7227.FBpp0293360	7227.FBpp0305862	0.15318
7227.FBpp0087664	7227.FBpp0084137	0.39467
7227.FBpp0293881	7227.FBpp0081453	0.10858
7227.FBpp0083539	7227.FBpp0077909	0.35598
7227.FBpp0289047	7227.FBpp0085143	0.16117
7227.FBpp0081380	7227.FBpp0083371	0.17775
7227.FBpp0306209	7227.FBpp0091142	0.14642
7227.FBpp0070279	7227.FBpp0086226	0.21491
7227.FBpp0073316	7227.FBpp0083581	0.59551
7227.FBpp0112947	7227.FBpp0301850	0.18662
7227.FBpp0290838	7227.FBpp0081764	0.16497
7227.FBpp0088277	7227.FBpp0072104	0.22328
7227.FBpp0090974	7227.FBpp0073988	0.51378
7227.FBpp0086877	7227.FBpp0076393	0.47913
7227.FBpp0082743	7227.FBpp0086400	0.21133
7227.FBpp0112122	7227.FBpp0305385	0.24421
7227.FBpp0292078	7227.FBpp0293936	0.82262
7227.FBpp0071595	7227.FBpp0076701	0.15813
7227.FBpp0080931	7227.FBpp0303898	0.59614
7227.FBpp0292453	7227.FBpp0084902	0.12609
7227.FBpp0078698	7227.FBpp0085056	0.23694
7227.FBpp0090987	7227.FBpp0084151	0.39083
7227.FBpp0112337	7227.FBpp0304292	0.6908
7227.FBpp0083739	7227.FBpp0088361	0.07397
7227.FBpp0075288	7227.FBpp0072352	0.15711
7227.FBpp0074693	7227.FBpp0079606	0.4541
7227.FBpp0083961	7227.FBpp0087187	0.09038
7227.FBpp0077900	7227.FBpp0293255	0.72065
7227.FBpp0072097	7227.FBpp0304563	0.60058
7227.FBpp0072569	7227.FBpp0083411	0.45957
7227.FBpp0082168	7227.FBpp0289363	0.45613
7227.FBpp0079780	7227.FBpp0289465	0.17385
7227.FBpp0085055	7227.FBpp0087969	0.44967
7227.FBpp0291414	7227.FBpp0077453	0.31229
7227.FBpp0071406	7227.FBpp0074176	0.26458
7227.FBpp0289396	7227.FBpp0085556	0.44591
7227.FBpp0086676	7227.FBpp0077532	0.77044
7227.FBpp0289215	7227.FBpp0303196	0.22927
7227.FBpp0303674	7227.FBpp0305230	0.14764
7227.FBpp0082980	7227.FBpp0112463	0.55823
7227.FBpp0075483	7227.FBpp0073710	0.24385
7227.FBpp0082384	7227.FBpp0079615	0.37354
7227.FBpp0075353	7227.FBpp0078628	0.24953
7227.FBpp0087251	7227.FBpp0071980	0.09598
7227.FBpp0073600	7227.FBpp0075876	0.55954
7227.FBpp0086953	7227.FBpp0087332	0.27933
7227.FBpp0087607	7227.FBpp0290998	0.58888
7227.FBpp0078398	7227.FBpp0082459	0.13724
7227.FBpp0077899	7227.FBpp0074616	0.33809
7227.FBpp0090957	7227.FBpp0086120	0.21207
7227.FBpp0297759	7227.FBpp0077171	0.1368
7227.FBpp0086910	7227.FBpp0078708	0.15401
7227.FBpp0089258	7227.FBpp0086244	0.12512
7227.FBpp0078199	7227.FBpp0079095	0.52272
7227.FBpp0083779	7227.FBpp0087661	0.22627
7227.FBpp0110078	7227.FBpp0078679	0.20103
7227.FBpp0291025	7227.FBpp0086875	0.17394
7227.FBpp0078872	7227.FBpp0088898	0.14817
7227.FBpp0080652	7227.FBpp0075410	0.71769
7227.FBpp0084997	7227.FBpp0292340	0.43782
7227.FBpp0305226	7227.FBpp0301743	0.22695
7227.FBpp0304278	7227.FBpp0085779	0.20688
7227.FBpp0084794	7227.FBpp0289796	0.5137
7227.FBpp0081190	7227.FBpp0304059	0.28453
7227.FBpp0303938	7227.FBpp0305137	0.21271
7227.FBpp0293523	7227.FBpp0300182	0.58014
7227.FBpp0080074	7227.FBpp0088441	0.28075
7227.FBpp0298347	7227.FBpp0071636	0.21515
7227.FBpp0073069	7227.FBpp0081799	0.62598
7227.FBpp0076589	7227.FBpp0081845	0.18207
7227.FBpp0089419	7227.FBpp0088650	0.1471
7227.FBpp0293679	7227.FBpp0303401	0.12475
7227.FBpp0087762	7227.FBpp0085885	0.53072
7227.FBpp0303953	7227.FBpp0074142	0.24545
7227.FBpp0084590	7227.FBpp0304357	0.37994
7227.FBpp0087280	7227.FBpp0288836	0.07423
7227.FBpp0302048	7227.FBpp0075571	0.56414
7227.FBpp0075223	7227.FBpp0074979	0.23391
7227.FBpp0078750	7227.FBpp0073164	0.26018
7227.FBpp0078060	7227.FBpp0084409	0.15376
7227.FBpp0084974	7227.FBpp0301102	0.12735
7227.FBpp0072425	7227.FBpp0072233	0.20494
7227.FBpp0288683	7227.FBpp0084083	0.16779
7227.FBpp0075358	7227.FBpp0074707	0.33589
7227.FBpp0087164	7227.FBpp0089315	0.21765
7227.FBpp0288729	7227.FBpp0074390	0.14358
7227.FBpp0075447	7227.FBpp0071364	0.17092
7227.FBpp0290116	7227.FBpp0072801	0.12819
7227.FBpp0083863	7227.FBpp0088707	0.23283
7227.FBpp0070942	7227.FBpp0300512	0.12425
7227.FBpp0112245	7227.FBpp0085108	0.41773
7227.FBpp0076478	7227.FBpp0080736	0.47168
7227.FBpp0071778	7227.FBpp0099973	0.18192
7227.FBpp0089408	7227.FBpp0288845	0.19568
7227.FBpp0081329	7227.FBpp0078707	0.14292
7227.FBpp0082982	7227.FBpp0079729	0.13388
7227.FBpp0073681	7227.FBpp0304960	0.26589
7227.FBpp0078835	7227.FBpp0082113	0.44639
7227.FBpp0070355	7227.FBpp0303077	0.23476
7227.FBpp0070361	7227.FBpp0073502	0.26426
7227.FBpp0074992	7227.FBpp0088446	0.29326
7227.FBpp0303939	7227.FBpp0081605	0.25695
7227.FBpp0076282	7227.FBpp0088276	0.16502
7227.FBpp0080329	7227.FBpp0301218	0.4995
7227.FBpp0297711	7227.FBpp0086797	0.34169
7227.FBpp0291704	7227.FBpp0073735	0.27761
7227.FBpp0089315	7227.FBpp0306154	0.19604
7227.FBpp0075038	7227.FBpp0084862	0.26181
7227.FBpp0303912	7227.FBpp0082816	0.14187
7227.FBpp0087286	7227.FBpp0079472	0.43627
7227.FBpp0077786	7227.FBpp0073784	0.2329
7227.FBpp0079001	7227.FBpp0304465	0.11198
7227.FBpp0301186	7227.FBpp0076933	0.19141
7227.FBpp0083030	7227.FBpp0082238	0.0969
7227.FBpp0076641	7227.FBpp0289153	0.15774
7227.FBpp0085032	7227.FBpp0305794	0.16771
7227.FBpp0083984	7227.FBpp0076934	0.5963
7227.FBpp0081886	7227.FBpp0072692	0.17668
7227.FBpp0303599	7227.FBpp0081872	0.21498
7227.FBpp0087605	7227.FBpp0086932	0.3002
7227.FBpp0075128	7227.FBpp0305176	0.56477
7227.FBpp0113024	7227.FBpp0291703	0.21016
7227.FBpp0081806	7227.FBpp0088439	0.14588
7227.FBpp0074549	7227.FBpp0271749	0.09649
7227.FBpp0073869	7227.FBpp0072341	0.24245
7227.FBpp0304810	7227.FBpp0304298	0.18918
7227.FBpp0304330	7227.FBpp0078541	0.48581
7227.FBpp0111771	7227.FBpp0079387	0.44109
7227.FBpp0099502	7227.FBpp0082591	0.24389
7227.FBpp0088529	7227.FBpp0113050	0.17722
7227.FBpp0074242	7227.FBpp0292131	0.09268
7227.FBpp0305784	7227.FBpp0080229	0.35825
7227.FBpp0112387	7227.FBpp0084987	0.35502
7227.FBpp0087925	7227.FBpp0078838	1.0
7227.FBpp0111805	7227.FBpp0304422	0.30129
7227.FBpp0084993	7227.FBpp0304706	0.34807
7227.FBpp0292868	7227.FBpp0305286	0.75211
7227.FBpp0288505	7227.FBpp0081582	0.29273
7227.FBpp0305009	7227.FBpp0304161	0.42818
7227.FBpp0112035	7227.FBpp0073761	0.14588
7227.FBpp0088496	7227.FBpp0303783	0.5022
7227.FBpp0072903	7227.FBpp0303697	0.37731
7227.FBpp0099990	7227.FBpp0112404	0.47485
7227.FBpp0087106	7227.FBpp0071427	0.43224
7227.FBpp0083121	7227.FBpp0291779	0.28502
7227.FBpp0078954	7227.FBpp0077773	0.13184
7227.FBpp0088988	7227.FBpp0074684	0.36237
7227.FBpp0080448	7227.FBpp0077479	0.18313
7227.FBpp0304483	7227.FBpp0081860	0.37772
7227.FBpp0306183	7227.FBpp0288806	0.15847
7227.FBpp0077956	7227.FBpp0100177	0.29805
7227.FBpp0075631	7227.FBpp0088833	0.17866
7227.FBpp0297906	7227.FBpp0293210	0.28347
7227.FBpp0086917	7227.FBpp0083986	0.16573
7227.FBpp0112554	7227.FBpp0303673	0.39892
7227.FBpp0085443	7227.FBpp0076535	0.37536
7227.FBpp0072239	7227.FBpp0075827	0.13416
7227.FBpp0082822	7227.FBpp0077158	0.26319
7227.FBpp0288643	7227.FBpp0078279	0.23506
7227.FBpp0296986	7227.FBpp0305085	0.733
7227.FBpp0088807	7227.FBpp0289586	0.22666
7227.FBpp0087138	7227.FBpp0078199	0.37354
7227.FBpp0297622	7227.FBpp0083003	0.23044
7227.FBpp0080689	7227.FBpp0082810	0.37159
7227.FBpp0085853	7227.FBpp0303093	0.1631
7227.FBpp0073923	7227.FBpp0072872	0.38424
7227.FBpp0079966	7227.FBpp0075619	0.451
7227.FBpp0079732	7227.FBpp0112155	0.32538
7227.FBpp0291612	7227.FBpp0074616	0.25258
7227.FBpp0081575	7227.FBpp0081561	0.31071
7227.FBpp0078237	7227.FBpp0085684	0.24138
7227.FBpp0070650	7227.FBpp0086872	0.5845
7227.FBpp0072748	7227.FBpp0077259	0.54201
7227.FBpp0074386	7227.FBpp0078019	0.42696
7227.FBpp0300428	7227.FBpp0293241	0.42192
7227.FBpp0075087	7227.FBpp0081457	0.2042
7227.FBpp0291496	7227.FBpp0084615	0.41408
7227.FBpp0084059	7227.FBpp0070883	0.36961
7227.FBpp0078069	7227.FBpp0072696	0.29452
7227.FBpp0088841	7227.FBpp0289975	0.19229
7227.FBpp0074298	7227.FBpp0111310	0.05667
7227.FBpp0073542	7227.FBpp0088738	0.09116
7227.FBpp0112319	7227.FBpp0290135	0.16137
7227.FBpp0074679	7227.FBpp0075635	0.42157
7227.FBpp0076026	7227.FBpp0292484	0.26617
7227.FBpp0079874	7227.FBpp0292961	0.21092
7227.FBpp0111965	7227.FBpp0304508	0.1256
7227.FBpp0087185	7227.FBpp0073316	0.58602
7227.FBpp0074326	7227.FBpp0298008	0.19699
7227.FBpp0073941	7227.FBpp0080071	0.1047
7227.FBpp0071497	7227.FBpp0073267	0.5854
7227.FBpp0088656	7227.FBpp0088075	0.55672
7227.FBpp0088107	7227.FBpp0070209	0.41885
7227.FBpp0292198	7227.FBpp0076182	0.49282
7227.FBpp0087012	7227.FBpp0082159	0.34635
7227.FBpp0078886	7227.FBpp0075790	0.13688
7227.FBpp0304862	7227.FBpp0303738	0.38814
7227.FBpp0304753	7227.FBpp0297778	0.8905
7227.FBpp0076602	7227.FBpp0303386	0.31105
7227.FBpp0291080	7227.FBpp0303689	0.14662
7227.FBpp0301734	7227.FBpp0070518	0.506
7227.FBpp0080628	7227.FBpp0290580	0.24482
7227.FBpp0078092	7227.FBpp0085929	0.16553
7227.FBpp0303281	7227.FBpp0083316	0.16617
7227.FBpp0304941	7227.FBpp0082099	0.13535
7227.FBpp0072759	7227.FBpp0291188	0.21137
7227.FBpp0070885	7227.FBpp0100181	0.1844
7227.FBpp0073032	7227.FBpp0078756	0.42338
7227.FBpp0077337	7227.FBpp0070697	0.1771
7227.FBpp0077857	7227.FBpp0099799	0.29559
7227.FBpp0091049	7227.FBpp0078330	0.37508
7227.FBpp0076705	7227.FBpp0071405	0.15162
7227.FBpp0297505	7227.FBpp0080872	0.31528
7227.FBpp0289733	7227.FBpp0079203	0.45488
7227.FBpp0083148	7227.FBpp0289374	0.28847
7227.FBpp0072482	7227.FBpp0084962	0.50305
7227.FBpp0290594	7227.FBpp0305365	0.11896
7227.FBpp0072154	7227.FBpp0303170	0.1173
7227.FBpp0075704	7227.FBpp0304561	0.25285
7227.FBpp0078338	7227.FBpp0304384	0.35532
7227.FBpp0073362	7227.FBpp0071944	0.5778
7227.FBpp0074691	7227.FBpp0081319	0.4555
7227.FBpp0100144	7227.FBpp0298002	0.49322
7227.FBpp0072085	7227.FBpp0076207	0.15665
7227.FBpp0290544	7227.FBpp0081283	0.1142
7227.FBpp0082767	7227.FBpp0301726	0.16078
7227.FBpp0099877	7227.FBpp0072776	0.26426
7227.FBpp0070355	7227.FBpp0078891	0.26194
7227.FBpp0290776	7227.FBpp0074582	0.22369
7227.FBpp0075562	7227.FBpp0087839	0.17002
7227.FBpp0290950	7227.FBpp0087533	0.22598
7227.FBpp0074222	7227.FBpp0078996	0.1967
7227.FBpp0070316	7227.FBpp0289485	0.33722
7227.FBpp0297403	7227.FBpp0074949	0.21058
7227.FBpp0087881	7227.FBpp0071533	0.61154
7227.FBpp0085817	7227.FBpp0076036	0.09155
7227.FBpp0271861	7227.FBpp0304351	0.2373
7227.FBpp0074346	7227.FBpp0087994	0.33761
7227.FBpp0070616	7227.FBpp0081249	0.13852
7227.FBpp0083810	7227.FBpp0306216	0.17897
7227.FBpp0292338	7227.FBpp0293877	0.72517
7227.FBpp0301085	7227.FBpp0084698	0.78774
7227.FBpp0305547	7227.FBpp0088738	0.19906
7227.FBpp0077564	7227.FBpp0075348	0.20765
7227.FBpp0291496	7227.FBpp0297918	0.4638
7227.FBpp0112400	7227.FBpp0070792	0.25382
7227.FBpp0078675	7227.FBpp0300408	0.32711
7227.FBpp0070505	7227.FBpp0075331	0.09283
7227.FBpp0298341	7227.FBpp0088817	0.22805
7227.FBpp0080259	7227.FBpp0301999	0.23069
7227.FBpp0303590	7227.FBpp0305798	0.31821
7227.FBpp0074962	7227.FBpp0087635	0.22144
7227.FBpp0075810	7227.FBpp0076542	0.18853
7227.FBpp0077430	7227.FBpp0074721	0.23867
7227.FBpp0086994	7227.FBpp0074429	0.06944
7227.FBpp0289541	7227.FBpp0290236	0.3169
7227.FBpp0077683	7227.FBpp0081588	0.29193
7227.FBpp0081344	7227.FBpp0079975	0.36517
7227.FBpp0078227	7227.FBpp0293950	0.5628
7227.FBpp0297319	7227.FBpp0293788	0.22902
7227.FBpp0080482	7227.FBpp0084997	0.43041
7227.FBpp0293523	7227.FBpp0075235	0.3135
7227.FBpp0078088	7227.FBpp0087154	0.24704
7227.FBpp0087341	7227.FBpp0074510	0.12717
7227.FBpp0087458	7227.FBpp0297135	0.13376
7227.FBpp0305978	7227.FBpp0083710	0.58
7227.FBpp0085836	7227.FBpp0089196	0.45376
7227.FBpp0081190	7227.FBpp0100180	0.10776
7227.FBpp0072708	7227.FBpp0084964	0.64489
7227.FBpp0305999	7227.FBpp0088741	0.37245
7227.FBpp0074641	7227.FBpp0081491	0.27337
7227.FBpp0306004	7227.FBpp0070117	0.34022
7227.FBpp0085678	7227.FBpp0077627	0.1399
7227.FBpp0085640	7227.FBpp0293187	0.35292
7227.FBpp0073173	7227.FBpp0078984	0.67102
7227.FBpp0306218	7227.FBpp0298354	0.83016
7227.FBpp0086853	7227.FBpp0086355	0.36785
7227.FBpp0300959	7227.FBpp0079835	0.4646
7227.FBpp0070411	7227.FBpp0111307	0.40769
7227.FBpp0074095	7227.FBpp0078156	0.18424
7227.FBpp0087939	7227.FBpp0074658	0.29796
7227.FBpp0302703	7227.FBpp0087294	0.29099
7227.FBpp0085636	7227.FBpp0085744	0.2718
7227.FBpp0110268	7227.FBpp0288448	0.30625
7227.FBpp0080474	7227.FBpp0083917	0.12236
7227.FBpp0099737	7227.FBpp0292345	0.34645
7227.FBpp0079574	7227.FBpp0089188	0.19141
7227.FBpp0302795	7227.FBpp0297742	0.71101
7227.FBpp0303008	7227.FBpp0112224	0.38487
7227.FBpp0082377	7227.FBpp0082869	0.43246
7227.FBpp0071503	7227.FBpp0078433	0.66759
7227.FBpp0078996	7227.FBpp0081902	0.21682
7227.FBpp0077390	7227.FBpp0304701	0.12854
7227.FBpp0303504	7227.FBpp0086994	0.12859
7227.FBpp0075980	7227.FBpp0073914	0.41984
7227.FBpp0288699	7227.FBpp0288950	0.13699
7227.FBpp0083905	7227.FBpp0074019	0.30832
7227.FBpp0079110	7227.FBpp0070573	0.17812
7227.FBpp0111936	7227.FBpp0072956	0.13598
7227.FBpp0291355	7227.FBpp0089174	0.15723
7227.FBpp0070069	7227.FBpp0290984	0.25752
7227.FBpp0301543	7227.FBpp0305006	0.17076
7227.FBpp0297781	7227.FBpp0087398	0.21311
7227.FBpp0100115	7227.FBpp0301060	0.25897
7227.FBpp0297719	7227.FBpp0074349	0.16573
7227.FBpp0071474	7227.FBpp0086842	0.41532
7227.FBpp0070802	7227.FBpp0302953	0.21906
7227.FBpp0271810	7227.FBpp0081556	0.36307
7227.FBpp0076880	7227.FBpp0074893	0.38062
7227.FBpp0085818	7227.FBpp0072627	0.10514
7227.FBpp0304491	7227.FBpp0301823	0.11885
7227.FBpp0112229	7227.FBpp0082156	0.31489
7227.FBpp0099998	7227.FBpp0303311	0.15921
7227.FBpp0305025	7227.FBpp0290858	0.3375
7227.FBpp0074329	7227.FBpp0088741	0.20612
7227.FBpp0082824	7227.FBpp0099564	0.08982
7227.FBpp0087257	7227.FBpp0086085	0.34259
7227.FBpp0084066	7227.FBpp0085749	0.48882
7227.FBpp0112021	7227.FBpp0087914	0.37831
7227.FBpp0081380	7227.FBpp0085121	0.23077
7227.FBpp0091113	7227.FBpp0072184	0.16031
7227.FBpp0070282	7227.FBpp0088861	0.17441
7227.FBpp0292295	7227.FBpp0074956	0.58354
7227.FBpp0087563	7227.FBpp0080953	0.35636
7227.FBpp0081544	7227.FBpp0305303	0.20261
7227.FBpp0091091	7227.FBpp0292030	0.24135
7227.FBpp0113067	7227.FBpp0086107	0.16951
7227.FBpp0070561	7227.FBpp0081001	0.2658
7227.FBpp0297651	7227.FBpp0074466	0.89596
7227.FBpp0076040	7227.FBpp0293435	0.64673
7227.FBpp0112281	7227.FBpp0291603	0.20767
7227.FBpp0080190	7227.FBpp0070095	0.15203
7227.FBpp0083413	7227.FBpp0085888	0.53184
7227.FBpp0289537	7227.FBpp0302028	0.36807
7227.FBpp0077064	7227.FBpp0297873	0.12766
7227.FBpp0291857	7227.FBpp0082030	0.16878
7227.FBpp0076879	7227.FBpp0074785	0.56019
7227.FBpp0085482	7227.FBpp0301690	0.1213
7227.FBpp0293236	7227.FBpp0086705	0.58494
7227.FBpp0075748	7227.FBpp0099858	0.25014
7227.FBpp0111355	7227.FBpp0086353	0.19425
7227.FBpp0081036	7227.FBpp0289532	0.34075
7227.FBpp0071259	7227.FBpp0073459	0.25224
7227.FBpp0078831	7227.FBpp0086812	0.18653
7227.FBpp0079148	7227.FBpp0086252	0.34936
7227.FBpp0075274	7227.FBpp0290840	0.15565
7227.FBpp0077683	7227.FBpp0293262	0.28449
7227.FBpp0112993	7227.FBpp0085666	0.15973
7227.FBpp0079482	7227.FBpp0301182	0.52319
7227.FBpp0111405	7227.FBpp0083529	0.3225
7227.FBpp0087881	7227.FBpp0081990	0.59813
7227.FBpp0073002	7227.FBpp0075606	0.2017
7227.FBpp0075379	7227.FBpp0072720	0.03405
7227.FBpp0086958	7227.FBpp0289603	0.25227
7227.FBpp0073358	7227.FBpp0073290	0.40987
7227.FBpp0071703	7227.FBpp0290178	0.18403
7227.FBpp0071546	7227.FBpp0303127	0.21302
7227.FBpp0085106	7227.FBpp0305522	0.15037
7227.FBpp0084355	7227.FBpp0082688	0.45059
7227.FBpp0085107	7227.FBpp0086555	0.26328
7227.FBpp0085724	7227.FBpp0305700	0.42724
7227.FBpp0086427	7227.FBpp0290197	0.36723
7227.FBpp0100024	7227.FBpp0112201	0.17714
7227.FBpp0302626	7227.FBpp0081772	0.08458
7227.FBpp0072834	7227.FBpp0077622	0.11276
7227.FBpp0091055	7227.FBpp0293446	0.13559
7227.FBpp0071278	7227.FBpp0297578	0.6219
7227.FBpp0086453	7227.FBpp0084262	0.39473
7227.FBpp0072333	7227.FBpp0289759	0.14108
7227.FBpp0079924	7227.FBpp0074614	0.31926
7227.FBpp0305186	7227.FBpp0087410	0.49109
7227.FBpp0292970	7227.FBpp0100187	0.05389
7227.FBpp0088349	7227.FBpp0303795	0.28764
7227.FBpp0087587	7227.FBpp0088834	0.26866
7227.FBpp0305176	7227.FBpp0088054	0.13184
7227.FBpp0292249	7227.FBpp0304911	0.10916
7227.FBpp0075105	7227.FBpp0076220	0.36404
7227.FBpp0078759	7227.FBpp0071010	0.18683
7227.FBpp0071741	7227.FBpp0088816	0.24706
7227.FBpp0306222	7227.FBpp0111408	0.43408
7227.FBpp0303634	7227.FBpp0077011	0.20169
7227.FBpp0084461	7227.FBpp0081601	0.20572
7227.FBpp0304814	7227.FBpp0077891	0.12821
7227.FBpp0297066	7227.FBpp0099602	0.16743
7227.FBpp0077472	7227.FBpp0303536	0.48706
7227.FBpp0079486	7227.FBpp0081082	0.20923
7227.FBpp0072863	7227.FBpp0085668	0.39681
7227.FBpp0306014	7227.FBpp0072931	0.24727
7227.FBpp0087118	7227.FBpp0074941	0.54118
7227.FBpp0290205	7227.FBpp0112469	0.26197
7227.FBpp0099401	7227.FBpp0112006	0.15858
7227.FBpp0079031	7227.FBpp0111954	0.52224
7227.FBpp0084454	7227.FBpp0293725	0.20219
7227.FBpp0298837	7227.FBpp0078983	0.36458
7227.FBpp0074146	7227.FBpp0305001	0.38092
7227.FBpp0087138	7227.FBpp0111783	0.17055
7227.FBpp0302901	7227.FBpp0070095	0.49681
7227.FBpp0305377	7227.FBpp0079696	0.64104
7227.FBpp0305750	7227.FBpp0076859	0.33209
7227.FBpp0291179	7227.FBpp0297720	0.17928
7227.FBpp0304761	7227.FBpp0291541	0.23732
7227.FBpp0112188	7227.FBpp0289362	0.62291
7227.FBpp0070056	7227.FBpp0077268	0.16034
7227.FBpp0070355	7227.FBpp0080080	0.21845
7227.FBpp0089236	7227.FBpp0297882	0.17513
7227.FBpp0079814	7227.FBpp0084426	0.12062
7227.FBpp0086338	7227.FBpp0070050	0.25036
7227.FBpp0089217	7227.FBpp0112070	0.50867
7227.FBpp0111394	7227.FBpp0070874	0.25677
7227.FBpp0293436	7227.FBpp0074740	0.54183
7227.FBpp0297826	7227.FBpp0303255	0.1685
7227.FBpp0290192	7227.FBpp0087679	0.10594
7227.FBpp0110552	7227.FBpp0291467	0.2783
7227.FBpp0079420	7227.FBpp0110406	0.19567
7227.FBpp0289246	7227.FBpp0085219	0.15027
7227.FBpp0076124	7227.FBpp0087923	0.52043
7227.FBpp0087767	7227.FBpp0099403	0.23078
7227.FBpp0302635	7227.FBpp0305741	0.17395
7227.FBpp0271837	7227.FBpp0290068	0.3487
7227.FBpp0085024	7227.FBpp0073016	0.56705
7227.FBpp0072506	7227.FBpp0293957	0.20428
7227.FBpp0084729	7227.FBpp0071344	0.11284
7227.FBpp0070606	7227.FBpp0087870	0.24661
7227.FBpp0110147	7227.FBpp0291375	0.13248
7227.FBpp0072758	7227.FBpp0078292	0.23924
7227.FBpp0306050	7227.FBpp0082985	0.37272
7227.FBpp0074582	7227.FBpp0111435	0.40281
7227.FBpp0075825	7227.FBpp0085853	0.2059
7227.FBpp0086774	7227.FBpp0081823	0.13712
7227.FBpp0086334	7227.FBpp0294021	0.14933
7227.FBpp0302981	7227.FBpp0079733	0.55171
7227.FBpp0082623	7227.FBpp0077712	0.39518
7227.FBpp0302829	7227.FBpp0085457	0.1736
7227.FBpp0070469	7227.FBpp0302821	0.42462
7227.FBpp0082657	7227.FBpp0289177	0.56148
7227.FBpp0075117	7227.FBpp0112387	0.25427
7227.FBpp0079539	7227.FBpp0085084	0.4066
7227.FBpp0080866	7227.FBpp0070286	0.1548
7227.FBpp0088001	7227.FBpp0298273	0.25699
7227.FBpp0081141	7227.FBpp0304369	0.53265
7227.FBpp0292621	7227.FBpp0289109	0.64198
7227.FBpp0300974	7227.FBpp0099686	0.37354
7227.FBpp0288844	7227.FBpp0087911	0.32704
7227.FBpp0084900	7227.FBpp0086385	0.40053
7227.FBpp0088491	7227.FBpp0076548	0.2881
7227.FBpp0085876	7227.FBpp0076970	0.18122
7227.FBpp0074584	7227.FBpp0112272	0.74918
7227.FBpp0111322	7227.FBpp0271897	0.32924
7227.FBpp0077415	7227.FBpp0070964	0.0704
7227.FBpp0087614	7227.FBpp0297896	0.44303
7227.FBpp0078209	7227.FBpp0081654	0.17982
7227.FBpp0086120	7227.FBpp0076517	0.22049
7227.FBpp0293434	7227.FBpp0079277	0.38381
7227.FBpp0082124	7227.FBpp0076686	0.19444
7227.FBpp0070376	7227.FBpp0301711	0.31235
7227.FBpp0077608	7227.FBpp0300556	0.15157
7227.FBpp0111485	7227.FBpp0074403	0.54282
7227.FBpp0076418	7227.FBpp0079338	0.18927
7227.FBpp0292844	7227.FBpp0085390	0.38376
7227.FBpp0111803	7227.FBpp0292249	0.31919
7227.FBpp0078649	7227.FBpp0078091	0.41773
7227.FBpp0073222	7227.FBpp0079194	0.36212
7227.FBpp0078633	7227.FBpp0290422	0.28329
7227.FBpp0112153	7227.FBpp0303154	0.60318
7227.FBpp0085011	7227.FBpp0077739	0.19179
7227.FBpp0088130	7227.FBpp0290092	0.18659
7227.FBpp0076538	7227.FBpp0100185	0.2024
7227.FBpp0076728	7227.FBpp0082320	0.26614
7227.FBpp0304329	7227.FBpp0073032	0.17603
7227.FBpp0084732	7227.FBpp0084985	0.30697
7227.FBpp0085464	7227.FBpp0302740	0.25396
7227.FBpp0083069	7227.FBpp0075500	0.19586
7227.FBpp0302547	7227.FBpp0076034	0.37491
7227.FBpp0290740	7227.FBpp0073389	0.4572
7227.FBpp0293431	7227.FBpp0085014	0.53369
7227.FBpp0305930	7227.FBpp0078839	0.82572
7227.FBpp0075919	7227.FBpp0302550	0.1591
7227.FBpp0300162	7227.FBpp0087066	0.64179
7227.FBpp0304775	7227.FBpp0076088	0.10777
7227.FBpp0111701	7227.FBpp0290878	0.34133
7227.FBpp0087226	7227.FBpp0074571	0.18989
7227.FBpp0292260	7227.FBpp0082039	0.22863
7227.FBpp0087318	7227.FBpp0079771	0.22295
7227.FBpp0291260	7227.FBpp0079711	0.17002
7227.FBpp0099860	7227.FBpp0086643	0.17378
7227.FBpp0291785	7227.FBpp0112137	0.09911
7227.FBpp0300423	7227.FBpp0072211	0.59954
7227.FBpp0086593	7227.FBpp0072473	0.14561
7227.FBpp0086750	7227.FBpp0077263	0.14812
7227.FBpp0070575	7227.FBpp0099740	0.11991
7227.FBpp0072085	7227.FBpp0076589	0.09351
7227.FBpp0085634	7227.FBpp0300555	0.29075
7227.FBpp0071502	7227.FBpp0086604	0.19401
7227.FBpp0085750	7227.FBpp0086866	0.30385
7227.FBpp0080672	7227.FBpp0077630	0.44429
7227.FBpp0073235	7227.FBpp0084669	0.10934
7227.FBpp0081058	7227.FBpp0288718	0.30177
7227.FBpp0077119	7227.FBpp0078389	0.43176
7227.FBpp0070824	7227.FBpp0074331	0.2126
7227.FBpp0085475	7227.FBpp0075946	0.22264
7227.FBpp0077246	7227.FBpp0079182	0.48398
7227.FBpp0111485	7227.FBpp0293345	0.09789
7227.FBpp0077962	7227.FBpp0088839	0.15889
7227.FBpp0079127	7227.FBpp0070159	0.42926
7227.FBpp0297279	7227.FBpp0290753	0.69767
7227.FBpp0290594	7227.FBpp0087405	0.4576
7227.FBpp0271727	7227.FBpp0080373	0.25594
7227.FBpp0070529	7227.FBpp0304262	0.36091
7227.FBpp0290624	7227.FBpp0075251	0.54672
7227.FBpp0072880	7227.FBpp0099933	0.39776
7227.FBpp0080360	7227.FBpp0303588	0.63649
7227.FBpp0080871	7227.FBpp0086965	0.16497
7227.FBpp0089100	7227.FBpp0080288	0.22384
7227.FBpp0079299	7227.FBpp0086184	0.23257
7227.FBpp0303925	7227.FBpp0081468	0.1319
7227.FBpp0083101	7227.FBpp0085296	0.28854
7227.FBpp0076559	7227.FBpp0071212	0.44286
7227.FBpp0305743	7227.FBpp0305927	0.19269
7227.FBpp0077142	7227.FBpp0298034	0.59723
7227.FBpp0074673	7227.FBpp0290052	0.45129
7227.FBpp0072381	7227.FBpp0297763	0.337
7227.FBpp0073762	7227.FBpp0078635	0.30319
7227.FBpp0301586	7227.FBpp0070026	0.29618
7227.FBpp0305503	7227.FBpp0071550	0.2083
7227.FBpp0088927	7227.FBpp0303531	0.14699
7227.FBpp0078272	7227.FBpp0074192	0.18165
7227.FBpp0075149	7227.FBpp0077373	0.32893
7227.FBpp0289135	7227.FBpp0302873	0.26173
7227.FBpp0297277	7227.FBpp0100178	0.22921
7227.FBpp0083197	7227.FBpp0074532	0.33104
7227.FBpp0087677	7227.FBpp0078951	0.26816
7227.FBpp0078237	7227.FBpp0091164	0.17497
7227.FBpp0302920	7227.FBpp0070502	0.10371
7227.FBpp0112465	7227.FBpp0303675	0.3655
7227.FBpp0301145	7227.FBpp0077158	0.39202
7227.FBpp0075374	7227.FBpp0300929	0.30946
7227.FBpp0298002	7227.FBpp0074933	0.0861
7227.FBpp0082264	7227.FBpp0077566	0.18023
7227.FBpp0291133	7227.FBpp0082971	0.25311
7227.FBpp0081240	7227.FBpp0083351	0.14506
7227.FBpp0290270	7227.FBpp0099981	0.16402
7227.FBpp0087690	7227.FBpp0305995	0.1978
7227.FBpp0088269	7227.FBpp0091054	0.25081
7227.FBpp0071252	7227.FBpp0300872	0.5988
7227.FBpp0303986	7227.FBpp0081371	0.18064
7227.FBpp0290927	7227.FBpp0080171	0.38611
7227.FBpp0293082	7227.FBpp0072311	0.24033
7227.FBpp0075743	7227.FBpp0086662	0.32007
7227.FBpp0292305	7227.FBpp0291672	0.64366
7227.FBpp0073292	7227.FBpp0075772	0.34334
7227.FBpp0086496	7227.FBpp0079770	0.26367
7227.FBpp0082602	7227.FBpp0074833	0.28003
7227.FBpp0078163	7227.FBpp0083046	0.39947
7227.FBpp0073554	7227.FBpp0082140	0.34969
7227.FBpp0071446	7227.FBpp0305542	0.25175
7227.FBpp0070908	7227.FBpp0070250	0.44475
7227.FBpp0083816	7227.FBpp0083201	0.15153
7227.FBpp0076730	7227.FBpp0271764	0.3414
7227.FBpp0082590	7227.FBpp0086780	0.24306
7227.FBpp0077795	7227.FBpp0074817	0.35812
7227.FBpp0297132	7227.FBpp0076073	0.11659
7227.FBpp0290617	7227.FBpp0304956	0.20677
7227.FBpp0306152	7227.FBpp0085662	0.14472
7227.FBpp0082489	7227.FBpp0087274	0.2927
7227.FBpp0290000	7227.FBpp0083145	0.44004
7227.FBpp0075308	7227.FBpp0289867	0.12811
7227.FBpp0080190	7227.FBpp0111272	0.69671
7227.FBpp0303891	7227.FBpp0070542	0.09399
7227.FBpp0080261	7227.FBpp0083224	0.12893
7227.FBpp0082221	7227.FBpp0083769	0.28202
7227.FBpp0077682	7227.FBpp0288426	0.58079
7227.FBpp0290912	7227.FBpp0084925	0.25669
7227.FBpp0079148	7227.FBpp0083802	0.16031
7227.FBpp0293232	7227.FBpp0303355	0.20779
7227.FBpp0291449	7227.FBpp0292121	0.33837
7227.FBpp0070965	7227.FBpp0080232	0.1994
7227.FBpp0305224	7227.FBpp0082340	0.20256
7227.FBpp0292026	7227.FBpp0088628	0.49341
7227.FBpp0111638	7227.FBpp0099728	0.45532
7227.FBpp0079611	7227.FBpp0078192	0.35034
7227.FBpp0077361	7227.FBpp0079540	0.19479
7227.FBpp0304115	7227.FBpp0289842	0.31396
7227.FBpp0082619	7227.FBpp0081400	0.1157
7227.FBpp0301131	7227.FBpp0304795	0.26917
7227.FBpp0074301	7227.FBpp0303329	0.38363
7227.FBpp0073989	7227.FBpp0292096	0.1499
7227.FBpp0112250	7227.FBpp0292260	0.34547
7227.FBpp0086071	7227.FBpp0304813	0.20733
7227.FBpp0074622	7227.FBpp0088514	0.15498
7227.FBpp0081881	7227.FBpp0086245	0.1226
7227.FBpp0071771	7227.FBpp0303531	0.10444
7227.FBpp0306232	7227.FBpp0305022	0.18988
7227.FBpp0305348	7227.FBpp0089382	0.3658
7227.FBpp0074429	7227.FBpp0305978	0.48615
7227.FBpp0078122	7227.FBpp0075684	0.5586
7227.FBpp0084363	7227.FBpp0076329	0.41729
7227.FBpp0289053	7227.FBpp0091043	0.11378
7227.FBpp0086569	7227.FBpp0070103	0.47405
7227.FBpp0111307	7227.FBpp0070716	0.16153
7227.FBpp0298380	7227.FBpp0290715	0.11849
7227.FBpp0305574	7227.FBpp0305360	0.25012
7227.FBpp0304788	7227.FBpp0082695	0.17224
7227.FBpp0071451	7227.FBpp0087970	0.27837
7227.FBpp0075754	7227.FBpp0099990	0.49657
7227.FBpp0111267	7227.FBpp0078720	0.54838
7227.FBpp0079096	7227.FBpp0304177	0.46801
7227.FBpp0086257	7227.FBpp0076285	0.23211
7227.FBpp0297402	7227.FBpp0073302	0.15157
7227.FBpp0073839	7227.FBpp0297221	0.18382
7227.FBpp0082188	7227.FBpp0072320	0.3832
7227.FBpp0081558	7227.FBpp0088997	0.09776
7227.FBpp0072975	7227.FBpp0087333	0.36473
7227.FBpp0112139	7227.FBpp0071630	0.58338
7227.FBpp0292142	7227.FBpp0079211	0.29158
7227.FBpp0304713	7227.FBpp0305462	0.15498
7227.FBpp0076029	7227.FBpp0082729	0.45213
7227.FBpp0076152	7227.FBpp0082994	0.19079
7227.FBpp0082767	7227.FBpp0080442	0.57662
7227.FBpp0084519	7227.FBpp0303007	0.17132
7227.FBpp0081521	7227.FBpp0301692	0.48426
7227.FBpp0071288	7227.FBpp0075317	0.19791
7227.FBpp0082634	7227.FBpp0071617	0.1531
7227.FBpp0085362	7227.FBpp0073730	0.12421
7227.FBpp0297394	7227.FBpp0078979	0.73415
7227.FBpp0079757	7227.FBpp0292671	0.12721
7227.FBpp0110220	7227.FBpp0292075	0.45487
7227.FBpp0075106	7227.FBpp0072438	0.13494
7227.FBpp0084823	7227.FBpp0076959	0.21011
7227.FBpp0080518	7227.FBpp0111906	0.59281
7227.FBpp0305484	7227.FBpp0081536	0.33127
7227.FBpp0078807	7227.FBpp0081674	0.26914
7227.FBpp0083609	7227.FBpp0080865	0.25141
7227.FBpp0075923	7227.FBpp0292973	0.37354
7227.FBpp0083500	7227.FBpp0298297	0.24508
7227.FBpp0086010	7227.FBpp0303019	0.43072
7227.FBpp0298034	7227.FBpp0085626	0.19404
7227.FBpp0304901	7227.FBpp0303601	0.46022
7227.FBpp0082422	7227.FBpp0080804	0.57247
7227.FBpp0271763	7227.FBpp0078513	0.53971
7227.FBpp0081504	7227.FBpp0085543	0.16675
7227.FBpp0293887	7227.FBpp0070685	0.41557
7227.FBpp0297504	7227.FBpp0074033	0.29477
7227.FBpp0085999	7227.FBpp0099395	0.35526
7227.FBpp0075749	7227.FBpp0075244	0.38427
7227.FBpp0305843	7227.FBpp0303946	0.09604
7227.FBpp0086280	7227.FBpp0304120	0.60388
7227.FBpp0297249	7227.FBpp0072677	0.36293
7227.FBpp0085559	7227.FBpp0076009	0.51989
7227.FBpp0075168	7227.FBpp0074818	0.55179
7227.FBpp0080508	7227.FBpp0077153	0.23047
7227.FBpp0294030	7227.FBpp0306057	0.17113
7227.FBpp0289184	7227.FBpp0082805	0.47261
7227.FBpp0087070	7227.FBpp0112135	0.13649
7227.FBpp0082705	7227.FBpp0087640	0.56612
7227.FBpp0085394	7227.FBpp0074234	0.11119
7227.FBpp0305449	7227.FBpp0072467	0.55455
7227.FBpp0077094	7227.FBpp0070162	0.19248
7227.FBpp0076201	7227.FBpp0082246	0.25263
7227.FBpp0087781	7227.FBpp0305571	0.44278
7227.FBpp0080845	7227.FBpp0297062	0.28174
7227.FBpp0075864	7227.FBpp0297243	0.55808
7227.FBpp0077741	7227.FBpp0077626	0.32027
7227.FBpp0071597	7227.FBpp0077814	0.2428
7227.FBpp0290996	7227.FBpp0074710	0.05253
7227.FBpp0088370	7227.FBpp0291678	0.50619
7227.FBpp0073034	7227.FBpp0089170	0.41518
7227.FBpp0305858	7227.FBpp0085163	0.46521
7227.FBpp0075273	7227.FBpp0297230	0.55567
7227.FBpp0086475	7227.FBpp0081614	0.87602
7227.FBpp0070781	7227.FBpp0111424	0.09658
7227.FBpp0077261	7227.FBpp0288657	0.52047
7227.FBpp0081893	7227.FBpp0076449	0.15044
7227.FBpp0071007	7227.FBpp0088048	0.1545
7227.FBpp0302983	7227.FBpp0078421	0.2357
7227.FBpp0083398	7227.FBpp0305939	0.50448
7227.FBpp0076003	7227.FBpp0297362	0.57388
7227.FBpp0080661	7227.FBpp0083570	0.15002
7227.FBpp0077703	7227.FBpp0300554	0.1057
7227.FBpp0081076	7227.FBpp0089141	0.19498
7227.FBpp0091127	7227.FBpp0077128	0.1698
7227.FBpp0088946	7227.FBpp0290069	0.33628
7227.FBpp0086483	7227.FBpp0077609	0.20393
7227.FBpp0292126	7227.FBpp0073620	0.28363
7227.FBpp0289564	7227.FBpp0113002	0.09881
7227.FBpp0112922	7227.FBpp0076772	0.13859
7227.FBpp0074457	7227.FBpp0289863	0.26318
7227.FBpp0301212	7227.FBpp0076902	0.31873
7227.FBpp0083491	7227.FBpp0077701	0.23361
7227.FBpp0071617	7227.FBpp0099638	0.3529
7227.FBpp0300634	7227.FBpp0071779	0.37354
7227.FBpp0297133	7227.FBpp0075570	0.4318
7227.FBpp0086355	7227.FBpp0300443	0.16991
7227.FBpp0083646	7227.FBpp0112370	0.11035
7227.FBpp0079563	7227.FBpp0080486	0.47365
7227.FBpp0297363	7227.FBpp0304913	0.13344
7227.FBpp0305545	7227.FBpp0078838	1.0
7227.FBpp0083555	7227.FBpp0075274	0.20699
7227.FBpp0292671	7227.FBpp0085526	0.13087
7227.FBpp0297257	7227.FBpp0075005	0.47832
7227.FBpp0089022	7227.FBpp0081746	0.17587
7227.FBpp0078169	7227.FBpp0078512	0.2314
7227.FBpp0070476	7227.FBpp0075676	0.34974
7227.FBpp0271699	7227.FBpp0110407	0.16686
7227.FBpp0072776	7227.FBpp0081768	0.25121
7227.FBpp0072062	7227.FBpp0082913	0.54916
7227.FBpp0081792	7227.FBpp0082220	0.45345
7227.FBpp0075892	7227.FBpp0084480	0.18029
7227.FBpp0076625	7227.FBpp0080648	0.42436
7227.FBpp0289954	7227.FBpp0076935	0.59101
7227.FBpp0088630	7227.FBpp0291749	0.2244
7227.FBpp0081650	7227.FBpp0302530	0.35585
7227.FBpp0073623	7227.FBpp0099889	0.40716
7227.FBpp0086454	7227.FBpp0075854	0.43924
7227.FBpp0086079	7227.FBpp0086139	0.41753
7227.FBpp0298284	7227.FBpp0074639	0.41458
7227.FBpp0082253	7227.FBpp0086148	0.4269
7227.FBpp0304549	7227.FBpp0082778	0.43246
7227.FBpp0293135	7227.FBpp0303189	0.22807
7227.FBpp0292884	7227.FBpp0070248	0.21971
7227.FBpp0291780	7227.FBpp0292984	0.17632
7227.FBpp0089176	7227.FBpp0301598	0.30989
7227.FBpp0072018	7227.FBpp0089140	0.56305
7227.FBpp0112126	7227.FBpp0303287	0.20317
7227.FBpp0072308	7227.FBpp0082459	0.17068
7227.FBpp0075592	7227.FBpp0072229	0.15572
7227.FBpp0302541	7227.FBpp0292670	0.28504
7227.FBpp0292318	7227.FBpp0075212	0.10683
7227.FBpp0086288	7227.FBpp0080491	0.73008
7227.FBpp0081515	7227.FBpp0075894	0.50277
7227.FBpp0071754	7227.FBpp0073010	0.15032
7227.FBpp0080515	7227.FBpp0091043	0.32875
7227.FBpp0087586	7227.FBpp0088534	0.24523
7227.FBpp0084463	7227.FBpp0080688	0.19721
7227.FBpp0081324	7227.FBpp0078656	0.56656
7227.FBpp0072916	7227.FBpp0087957	0.63591
7227.FBpp0288503	7227.FBpp0304166	0.12932
7227.FBpp0300977	7227.FBpp0288402	0.42978
7227.FBpp0112090	7227.FBpp0111662	0.60195
7227.FBpp0079479	7227.FBpp0289504	0.19956
7227.FBpp0074779	7227.FBpp0070072	0.19774
7227.FBpp0099983	7227.FBpp0081268	0.18757
7227.FBpp0289933	7227.FBpp0074855	0.11692
7227.FBpp0087765	7227.FBpp0100012	0.22811
7227.FBpp0073317	7227.FBpp0080907	0.18597
7227.FBpp0306042	7227.FBpp0084717	0.22699
7227.FBpp0304443	7227.FBpp0087312	0.51445
7227.FBpp0081404	7227.FBpp0080883	0.74064
7227.FBpp0303025	7227.FBpp0288947	0.2299
7227.FBpp0087267	7227.FBpp0072611	0.19919
7227.FBpp0084935	7227.FBpp0303974	0.14005
7227.FBpp0070226	7227.FBpp0297727	0.81321
7227.FBpp0080595	7227.FBpp0070350	0.38772
7227.FBpp0073060	7227.FBpp0302983	0.14861
7227.FBpp0081426	7227.FBpp0088345	0.1855
7227.FBpp0082219	7227.FBpp0302829	0.13545
7227.FBpp0076117	7227.FBpp0083121	0.12329
7227.FBpp0081666	7227.FBpp0073396	0.16996
7227.FBpp0091058	7227.FBpp0081782	0.46594
7227.FBpp0112055	7227.FBpp0074639	0.2382
7227.FBpp0077644	7227.FBpp0081948	0.50005
7227.FBpp0080121	7227.FBpp0085637	0.32257
7227.FBpp0084954	7227.FBpp0086025	0.15563
7227.FBpp0112259	7227.FBpp0072572	0.1253
7227.FBpp0071697	7227.FBpp0306225	0.28163
7227.FBpp0073485	7227.FBpp0302014	0.13987
7227.FBpp0072006	7227.FBpp0085011	0.49582
7227.FBpp0072428	7227.FBpp0297636	0.4023
7227.FBpp0304155	7227.FBpp0070811	0.55332
7227.FBpp0072799	7227.FBpp0086073	0.13937
7227.FBpp0083917	7227.FBpp0071562	0.24559
7227.FBpp0082371	7227.FBpp0085165	0.25362
7227.FBpp0084986	7227.FBpp0304004	0.29251
7227.FBpp0290641	7227.FBpp0083139	0.5329
7227.FBpp0087132	7227.FBpp0077400	0.25072
7227.FBpp0071288	7227.FBpp0079470	0.47325
7227.FBpp0084925	7227.FBpp0111436	0.51474
7227.FBpp0079889	7227.FBpp0083840	0.286
7227.FBpp0079182	7227.FBpp0071285	0.64964
7227.FBpp0301704	7227.FBpp0082389	0.29367
7227.FBpp0070277	7227.FBpp0079872	0.38686
7227.FBpp0073869	7227.FBpp0305881	0.20134
7227.FBpp0078677	7227.FBpp0074103	0.19399
7227.FBpp0086804	7227.FBpp0305388	0.13491
7227.FBpp0075395	7227.FBpp0075504	0.18214
7227.FBpp0078463	7227.FBpp0076748	0.09821
7227.FBpp0072216	7227.FBpp0088015	0.39209
7227.FBpp0293014	7227.FBpp0304364	0.40506
7227.FBpp0091166	7227.FBpp0085259	0.31131
7227.FBpp0079899	7227.FBpp0080860	0.09623
7227.FBpp0082105	7227.FBpp0074925	0.11639
7227.FBpp0074104	7227.FBpp0086965	0.2105
7227.FBpp0111267	7227.FBpp0086194	0.15935
7227.FBpp0071482	7227.FBpp0305334	0.41222
7227.FBpp0085892	7227.FBpp0082043	0.16261
7227.FBpp0075556	7227.FBpp0070672	0.77565
7227.FBpp0291943	7227.FBpp0087068	0.59911
7227.FBpp0074095	7227.FBpp0075042	0.16918
7227.FBpp0290002	7227.FBpp0078277	0.2258
7227.FBpp0293077	7227.FBpp0073816	0.18302
7227.FBpp0303590	7227.FBpp0085681	0.48969
7227.FBpp0302678	7227.FBpp0080524	0.23944
7227.FBpp0292867	7227.FBpp0080293	0.56903
7227.FBpp0288677	7227.FBpp0271786	0.37668
7227.FBpp0077378	7227.FBpp0304151	0.27946
7227.FBpp0082324	7227.FBpp0297605	0.45891
7227.FBpp0072106	7227.FBpp0071715	0.14546
7227.FBpp0075864	7227.FBpp0072428	0.14198
7227.FBpp0292517	7227.FBpp0099851	0.20613
7227.FBpp0083628	7227.FBpp0073061	0.27526
7227.FBpp0301628	7227.FBpp0303557	0.87602
7227.FBpp0074523	7227.FBpp0071044	0.14515
7227.FBpp0091059	7227.FBpp0080045	0.14943
7227.FBpp0293950	7227.FBpp0291226	0.17799
7227.FBpp0305010	7227.FBpp0077233	0.24647
7227.FBpp0087538	7227.FBpp0111408	0.19338
7227.FBpp0074139	7227.FBpp0087752	0.28322
7227.FBpp0099811	7227.FBpp0298370	0.11385
7227.FBpp0078268	7227.FBpp0112154	0.1774
7227.FBpp0304561	7227.FBpp0071451	0.08937
7227.FBpp0089185	7227.FBpp0082289	0.22971
7227.FBpp0293415	7227.FBpp0074940	0.78927
7227.FBpp0073477	7227.FBpp0080156	0.19293
7227.FBpp0085129	7227.FBpp0078227	0.37354
7227.FBpp0080733	7227.FBpp0111965	0.68251
7227.FBpp0300795	7227.FBpp0076372	0.25016
7227.FBpp0073961	7227.FBpp0075548	0.09131
7227.FBpp0071587	7227.FBpp0293336	0.35877
7227.FBpp0302766	7227.FBpp0087970	0.10034
7227.FBpp0088202	7227.FBpp0112250	0.42967
7227.FBpp0304775	7227.FBpp0084067	0.33276
7227.FBpp0111760	7227.FBpp0070103	0.12076
7227.FBpp0293525	7227.FBpp0074236	0.23411
7227.FBpp0075775	7227.FBpp0071562	0.38276
7227.FBpp0075203	7227.FBpp0075626	0.57124
7227.FBpp0289852	7227.FBpp0082988	0.44329
7227.FBpp0073527	7227.FBpp0084022	0.25669
7227.FBpp0293937	7227.FBpp0078823	0.52669
7227.FBpp0078229	7227.FBpp0084796	0.29658
7227.FBpp0300454	7227.FBpp0076414	0.1529
7227.FBpp0078251	7227.FBpp0303587	0.34853
7227.FBpp0072449	7227.FBpp0073222	0.12025
7227.FBpp0075678	7227.FBpp0306150	0.2346
7227.FBpp0086654	7227.FBpp0112365	0.5132
7227.FBpp0082721	7227.FBpp0081123	0.12175
7227.FBpp0304796	7227.FBpp0271699	0.13289
7227.FBpp0083966	7227.FBpp0074756	0.18096
7227.FBpp0074253	7227.FBpp0306025	0.10644
7227.FBpp0079759	7227.FBpp0297409	0.82394
7227.FBpp0110325	7227.FBpp0085628	0.13505
7227.FBpp0112403	7227.FBpp0304166	0.14439
7227.FBpp0073441	7227.FBpp0070136	0.10425
7227.FBpp0076225	7227.FBpp0088569	0.39688
7227.FBpp0071558	7227.FBpp0289975	0.63948
7227.FBpp0084007	7227.FBpp0084716	0.11357
7227.FBpp0089208	7227.FBpp0086970	0.63176
7227.FBpp0294026	7227.FBpp0084230	0.24377
7227.FBpp0297713	7227.FBpp0300207	0.49126
7227.FBpp0083665	7227.FBpp0292614	0.1597
7227.FBpp0297098	7227.FBpp0291657	0.23936
7227.FBpp0084762	7227.FBpp0300392	0.2607
7227.FBpp0070175	7227.FBpp0086881	0.19537
7227.FBpp0082262	7227.FBpp0084639	0.19577
7227.FBpp0075175	7227.FBpp0071889	0.22949
7227.FBpp0077464	7227.FBpp0297442	0.20903
7227.FBpp0089094	7227.FBpp0290242	0.09033
7227.FBpp0112104	7227.FBpp0297900	0.11727
7227.FBpp0084623	7227.FBpp0085288	0.28309
7227.FBpp0071242	7227.FBpp0074614	0.32828
7227.FBpp0271806	7227.FBpp0291546	0.3487
7227.FBpp0304290	7227.FBpp0078846	0.14834
7227.FBpp0297347	7227.FBpp0086272	0.54379
7227.FBpp0297595	7227.FBpp0303698	0.16324
7227.FBpp0075309	7227.FBpp0289314	0.42018
7227.FBpp0110582	7227.FBpp0075630	0.26822
7227.FBpp0080872	7227.FBpp0087335	0.63066
7227.FBpp0301726	7227.FBpp0113000	0.15991
7227.FBpp0291742	7227.FBpp0289201	0.53604
7227.FBpp0074923	7227.FBpp0293685	0.50406
7227.FBpp0303551	7227.FBpp0305840	0.10086
7227.FBpp0074211	7227.FBpp0077339	0.16252
7227.FBpp0070178	7227.FBpp0085427	0.11895
7227.FBpp0301047	7227.FBpp0111379	0.30122
7227.FBpp0302639	7227.FBpp0086661	0.25645
7227.FBpp0087025	7227.FBpp0080582	0.4094
7227.FBpp0077748	7227.FBpp0073597	0.16741
7227.FBpp0072038	7227.FBpp0070908	0.09943
7227.FBpp0305546	7227.FBpp0080709	0.14237
7227.FBpp0304310	7227.FBpp0305728	0.27568
7227.FBpp0305076	7227.FBpp0294050	0.26447
7227.FBpp0075484	7227.FBpp0080525	0.22446
7227.FBpp0074971	7227.FBpp0293226	0.12702
7227.FBpp0301798	7227.FBpp0086168	0.43184
7227.FBpp0293681	7227.FBpp0083341	0.10034
7227.FBpp0076535	7227.FBpp0081484	0.80743
7227.FBpp0077735	7227.FBpp0073790	0.17422
7227.FBpp0084144	7227.FBpp0087461	0.42304
7227.FBpp0083512	7227.FBpp0074452	0.37039
7227.FBpp0292966	7227.FBpp0076349	0.36077
7227.FBpp0110096	7227.FBpp0086261	0.30982
7227.FBpp0075214	7227.FBpp0271894	0.25928
7227.FBpp0077140	7227.FBpp0078838	0.79746
7227.FBpp0082965	7227.FBpp0071633	0.2348
7227.FBpp0070945	7227.FBpp0293125	0.10957
7227.FBpp0076463	7227.FBpp0078256	0.35822
7227.FBpp0292827	7227.FBpp0305934	0.49412
7227.FBpp0078895	7227.FBpp0305142	0.23785
7227.FBpp0073500	7227.FBpp0077341	0.5814
7227.FBpp0089122	7227.FBpp0085749	0.58357
7227.FBpp0071848	7227.FBpp0089405	0.2809
7227.FBpp0071142	7227.FBpp0088439	0.37572
7227.FBpp0292794	7227.FBpp0078189	0.39496
7227.FBpp0076553	7227.FBpp0070350	0.19677
7227.FBpp0291584	7227.FBpp0074964	0.23211
7227.FBpp0075687	7227.FBpp0073785	0.24063
7227.FBpp0077676	7227.FBpp0112144	0.19191
7227.FBpp0077077	7227.FBpp0084399	0.17693
7227.FBpp0082663	7227.FBpp0112341	0.15751
7227.FBpp0084864	7227.FBpp0289614	0.46503
7227.FBpp0099605	7227.FBpp0076235	0.13923
7227.FBpp0291709	7227.FBpp0071907	0.34763
7227.FBpp0073247	7227.FBpp0081240	0.22332
7227.FBpp0082314	7227.FBpp0081597	0.4555
7227.FBpp0304792	7227.FBpp0072557	0.40917
7227.FBpp0075685	7227.FBpp0076460	0.17812
7227.FBpp0082475	7227.FBpp0300932	0.29685
7227.FBpp0304434	7227.FBpp0076124	0.4916
7227.FBpp0290253	7227.FBpp0111830	0.14628
7227.FBpp0305944	7227.FBpp0071067	0.20634
7227.FBpp0077945	7227.FBpp0074369	0.11671
7227.FBpp0290556	7227.FBpp0305751	0.321
7227.FBpp0076005	7227.FBpp0083126	0.13559
7227.FBpp0110120	7227.FBpp0078838	0.47245
7227.FBpp0300900	7227.FBpp0071442	0.15064
7227.FBpp0300980	7227.FBpp0087804	0.14341
7227.FBpp0087289	7227.FBpp0076390	0.29836
7227.FBpp0301225	7227.FBpp0305840	0.19261
7227.FBpp0075759	7227.FBpp0083075	0.20978
7227.FBpp0292300	7227.FBpp0075170	0.76994
7227.FBpp0076897	7227.FBpp0071347	0.02921
7227.FBpp0110452	7227.FBpp0071006	0.39926
7227.FBpp0289093	7227.FBpp0073113	0.1376
7227.FBpp0305852	7227.FBpp0072991	0.42666
7227.FBpp0087047	7227.FBpp0289266	0.75098
7227.FBpp0297243	7227.FBpp0081650	0.37535
7227.FBpp0080836	7227.FBpp0072691	0.24445
7227.FBpp0071279	7227.FBpp0086627	0.58936
7227.FBpp0080095	7227.FBpp0082660	0.09439
7227.FBpp0288871	7227.FBpp0071953	0.35629
7227.FBpp0289414	7227.FBpp0072035	0.10119
7227.FBpp0071128	7227.FBpp0271773	0.2278
7227.FBpp0297577	7227.FBpp0303326	0.1138
7227.FBpp0300938	7227.FBpp0304237	0.2658
7227.FBpp0293584	7227.FBpp0074746	0.25636
7227.FBpp0111393	7227.FBpp0078445	0.53067
7227.FBpp0297645	7227.FBpp0099914	0.11845
7227.FBpp0078737	7227.FBpp0292728	0.23694
7227.FBpp0071295	7227.FBpp0099990	0.42818
7227.FBpp0072231	7227.FBpp0074589	0.12395
7227.FBpp0288762	7227.FBpp0089042	0.27337
7227.FBpp0297216	7227.FBpp0271751	0.6554
7227.FBpp0082257	7227.FBpp0288405	0.55892
7227.FBpp0082590	7227.FBpp0304130	0.15864
7227.FBpp0072094	7227.FBpp0077836	0.74315
7227.FBpp0076599	7227.FBpp0083945	0.18506
7227.FBpp0305274	7227.FBpp0083654	0.18604
7227.FBpp0089268	7227.FBpp0072600	0.19157
7227.FBpp0291138	7227.FBpp0290000	0.50834
7227.FBpp0082080	7227.FBpp0082156	0.18279
7227.FBpp0073036	7227.FBpp0077079	0.14428
7227.FBpp0302600	7227.FBpp0288654	0.29485
7227.FBpp0074516	7227.FBpp0078568	0.43658
7227.FBpp0078523	7227.FBpp0291757	0.65658
7227.FBpp0293427	7227.FBpp0075878	0.69185
7227.FBpp0080639	7227.FBpp0085192	0.32801
7227.FBpp0087913	7227.FBpp0290692	0.19783
7227.FBpp0304315	7227.FBpp0112447	0.34122
7227.FBpp0111721	7227.FBpp0082561	0.38634
7227.FBpp0291604	7227.FBpp0071354	0.12959
7227.FBpp0087376	7227.FBpp0082333	0.62911
7227.FBpp0070681	7227.FBpp0070667	0.12032
7227.FBpp0087785	7227.FBpp0086485	0.1804
7227.FBpp0298350	7227.FBpp0086875	0.16118
7227.FBpp0300974	7227.FBpp0077871	0.10457
7227.FBpp0303881	7227.FBpp0085481	0.11247
7227.FBpp0077205	7227.FBpp0290115	0.31519
7227.FBpp0291330	7227.FBpp0086524	0.27516
7227.FBpp0071270	7227.FBpp0303184	0.15624
7227.FBpp0112130	7227.FBpp0303787	0.29332
7227.FBpp0084906	7227.FBpp0082907	0.22797
7227.FBpp0073111	7227.FBpp0075257	0.7067
7227.FBpp0078532	7227.FBpp0086705	0.23011
7227.FBpp0306034	7227.FBpp0076905	0.1377
7227.FBpp0083791	7227.FBpp0289341	0.30083
7227.FBpp0289866	7227.FBpp0303286	0.2524
7227.FBpp0301789	7227.FBpp0070894	0.48505
7227.FBpp0112552	7227.FBpp0082316	0.19947
7227.FBpp0296928	7227.FBpp0082391	0.21839
7227.FBpp0079045	7227.FBpp0088162	0.30122
7227.FBpp0080678	7227.FBpp0078612	0.11576
7227.FBpp0088448	7227.FBpp0303326	0.14922
7227.FBpp0082206	7227.FBpp0074895	0.27257
7227.FBpp0089412	7227.FBpp0071243	0.32632
7227.FBpp0303941	7227.FBpp0111639	0.24248
7227.FBpp0291418	7227.FBpp0086139	0.20916
7227.FBpp0071760	7227.FBpp0301733	0.21269
7227.FBpp0076948	7227.FBpp0079649	0.34757
7227.FBpp0072128	7227.FBpp0078776	0.23399
7227.FBpp0290417	7227.FBpp0070949	0.28375
7227.FBpp0074220	7227.FBpp0111653	0.25138
7227.FBpp0078373	7227.FBpp0086236	0.26185
7227.FBpp0289237	7227.FBpp0076029	0.29435
7227.FBpp0075334	7227.FBpp0289695	0.22017
7227.FBpp0078146	7227.FBpp0099762	0.23639
7227.FBpp0076872	7227.FBpp0084240	0.24339
7227.FBpp0297147	7227.FBpp0082677	0.21897
7227.FBpp0083889	7227.FBpp0076762	0.29709
7227.FBpp0071472	7227.FBpp0087849	0.23886
7227.FBpp0083780	7227.FBpp0080720	0.14773
7227.FBpp0076949	7227.FBpp0085289	0.24211
7227.FBpp0306212	7227.FBpp0082790	0.18727
7227.FBpp0087713	7227.FBpp0082299	0.20307
7227.FBpp0082101	7227.FBpp0073937	0.36667
7227.FBpp0073783	7227.FBpp0078634	0.70261
7227.FBpp0073739	7227.FBpp0086676	0.16479
7227.FBpp0080879	7227.FBpp0078807	0.14947
7227.FBpp0304560	7227.FBpp0304125	0.15996
7227.FBpp0289485	7227.FBpp0085866	0.31827
7227.FBpp0078157	7227.FBpp0077721	0.32427
7227.FBpp0076393	7227.FBpp0086495	0.29386
7227.FBpp0291913	7227.FBpp0111303	0.38609
7227.FBpp0078992	7227.FBpp0293209	0.37709
7227.FBpp0082838	7227.FBpp0072978	0.12095
7227.FBpp0079680	7227.FBpp0302048	0.25918
7227.FBpp0300177	7227.FBpp0291607	0.4572
7227.FBpp0292070	7227.FBpp0071696	0.24217
7227.FBpp0082319	7227.FBpp0112921	0.07018
7227.FBpp0304766	7227.FBpp0298034	0.43529
7227.FBpp0074385	7227.FBpp0078711	0.12154
7227.FBpp0071046	7227.FBpp0291186	0.22261
7227.FBpp0070558	7227.FBpp0086678	0.42519
7227.FBpp0074089	7227.FBpp0099795	0.4272
7227.FBpp0087183	7227.FBpp0079700	0.18395
7227.FBpp0078104	7227.FBpp0084612	0.1699
7227.FBpp0079855	7227.FBpp0302533	0.22743
7227.FBpp0071193	7227.FBpp0306048	0.30909
7227.FBpp0074075	7227.FBpp0086701	0.33724
7227.FBpp0297299	7227.FBpp0301154	0.40071
7227.FBpp0289667	7227.FBpp0074670	0.2766
7227.FBpp0081091	7227.FBpp0075416	0.75957
7227.FBpp0088645	7227.FBpp0302829	0.1881
7227.FBpp0082513	7227.FBpp0088833	0.16035
7227.FBpp0073471	7227.FBpp0088669	0.12794
7227.FBpp0301828	7227.FBpp0289576	0.1354
7227.FBpp0077131	7227.FBpp0291110	0.10686
7227.FBpp0290507	7227.FBpp0291113	0.16898
7227.FBpp0304236	7227.FBpp0070422	0.18056
7227.FBpp0080849	7227.FBpp0303086	0.12988
7227.FBpp0083665	7227.FBpp0087280	0.37883
7227.FBpp0074363	7227.FBpp0076076	0.28138
7227.FBpp0100154	7227.FBpp0297728	0.83341
7227.FBpp0301998	7227.FBpp0075062	0.13836
7227.FBpp0076085	7227.FBpp0081930	0.14894
7227.FBpp0077073	7227.FBpp0297362	0.33571
7227.FBpp0306191	7227.FBpp0076595	0.57156
7227.FBpp0072437	7227.FBpp0297292	0.67978
7227.FBpp0070795	7227.FBpp0303074	0.1748
7227.FBpp0079173	7227.FBpp0086496	0.12204
7227.FBpp0111407	7227.FBpp0082371	0.46591
7227.FBpp0070950	7227.FBpp0077303	0.26049
7227.FBpp0076272	7227.FBpp0087277	0.13729
7227.FBpp0305186	7227.FBpp0087336	0.59354
7227.FBpp0085218	7227.FBpp0073835	0.26164
7227.FBpp0099821	7227.FBpp0078725	0.12664
7227.FBpp0087522	7227.FBpp0111333	0.55216
7227.FBpp0111652	7227.FBpp0289523	0.1774
7227.FBpp0070476	7227.FBpp0099638	0.28126
7227.FBpp0081395	7227.FBpp0082720	0.23081
7227.FBpp0084994	7227.FBpp0291708	0.4701
7227.FBpp0075649	7227.FBpp0305865	0.17695
7227.FBpp0071063	7227.FBpp0305834	0.12816
7227.FBpp0078394	7227.FBpp0076000	0.11135
7227.FBpp0081332	7227.FBpp0074956	0.13142
7227.FBpp0080442	7227.FBpp0290949	0.47987
7227.FBpp0088127	7227.FBpp0290116	0.31651
7227.FBpp0088123	7227.FBpp0303780	0.51519
7227.FBpp0300458	7227.FBpp0112109	0.43125
7227.FBpp0302608	7227.FBpp0086882	0.41423
7227.FBpp0304310	7227.FBpp0303374	0.26398
7227.FBpp0111321	7227.FBpp0293590	0.33306
7227.FBpp0289322	7227.FBpp0087192	0.68576
7227.FBpp0304358	7227.FBpp0079971	0.08896
7227.FBpp0077266	7227.FBpp0084316	0.4855
7227.FBpp0084259	7227.FBpp0303716	0.77282
7227.FBpp0100153	7227.FBpp0081906	0.2991
7227.FBpp0079264	7227.FBpp0087278	0.43095
7227.FBpp0071365	7227.FBpp0084191	0.14954
7227.FBpp0075400	7227.FBpp0290012	0.26743
7227.FBpp0112080	7227.FBpp0080951	0.3484
7227.FBpp0079265	7227.FBpp0303381	0.17828
7227.FBpp0074881	7227.FBpp0074090	0.80208
7227.FBpp0271928	7227.FBpp0303941	0.2121
7227.FBpp0111341	7227.FBpp0075948	0.58743
7227.FBpp0303632	7227.FBpp0099540	0.31956
7227.FBpp0081164	7227.FBpp0099866	0.13795
7227.FBpp0073195	7227.FBpp0303763	0.15816
7227.FBpp0082876	7227.FBpp0081091	0.10072
7227.FBpp0292532	7227.FBpp0292970	0.18551
7227.FBpp0073406	7227.FBpp0072331	0.13937
7227.FBpp0079182	7227.FBpp0072037	0.31541
7227.FBpp0073467	7227.FBpp0088337	0.53782
7227.FBpp0085096	7227.FBpp0085060	0.13518
7227.FBpp0070088	7227.FBpp0091083	0.2967
7227.FBpp0087844	7227.FBpp0076347	0.31621
7227.FBpp0083635	7227.FBpp0304041	0.36582
7227.FBpp0081324	7227.FBpp0297362	0.27407
7227.FBpp0073459	7227.FBpp0077396	0.08164
7227.FBpp0300554	7227.FBpp0079473	0.10909
7227.FBpp0084274	7227.FBpp0088580	0.57782
7227.FBpp0078541	7227.FBpp0290201	0.51762
7227.FBpp0088798	7227.FBpp0081592	0.24271
7227.FBpp0083371	7227.FBpp0088565	0.63307
7227.FBpp0074691	7227.FBpp0081448	0.14342
7227.FBpp0088324	7227.FBpp0099965	0.28875
7227.FBpp0078639	7227.FBpp0289377	0.50738
7227.FBpp0305784	7227.FBpp0290269	0.50536
7227.FBpp0300512	7227.FBpp0077836	0.41281
7227.FBpp0074554	7227.FBpp0110438	0.48452
7227.FBpp0072713	7227.FBpp0099886	0.2491
7227.FBpp0293185	7227.FBpp0087642	0.64098
7227.FBpp0070356	7227.FBpp0087502	0.41452
7227.FBpp0083540	7227.FBpp0291833	0.12971
7227.FBpp0072723	7227.FBpp0082688	0.1284
7227.FBpp0305362	7227.FBpp0085081	0.17055
7227.FBpp0073690	7227.FBpp0071978	0.13046
7227.FBpp0084722	7227.FBpp0083489	0.39507
7227.FBpp0075393	7227.FBpp0073868	0.0826
7227.FBpp0303760	7227.FBpp0290617	0.22623
7227.FBpp0291478	7227.FBpp0088691	0.31393
7227.FBpp0291011	7227.FBpp0086245	0.17562
7227.FBpp0076866	7227.FBpp0076696	0.70744
7227.FBpp0083921	7227.FBpp0075220	0.66402
7227.FBpp0303311	7227.FBpp0305946	0.14085
7227.FBpp0082877	7227.FBpp0089361	0.37521
7227.FBpp0071799	7227.FBpp0078465	0.18207
7227.FBpp0083164	7227.FBpp0112504	0.31121
7227.FBpp0304387	7227.FBpp0289686	0.09499
7227.FBpp0305130	7227.FBpp0297598	0.3421
7227.FBpp0080288	7227.FBpp0070300	0.24625
7227.FBpp0080905	7227.FBpp0072534	0.23624
7227.FBpp0078062	7227.FBpp0087276	0.59971
7227.FBpp0293177	7227.FBpp0087028	0.20808
7227.FBpp0304240	7227.FBpp0110475	0.10807
7227.FBpp0304095	7227.FBpp0297280	0.29948
7227.FBpp0300410	7227.FBpp0077028	0.18468
7227.FBpp0288522	7227.FBpp0072838	0.19822
7227.FBpp0086334	7227.FBpp0085035	0.31235
7227.FBpp0085886	7227.FBpp0112108	0.43588
7227.FBpp0304782	7227.FBpp0073651	0.33363
7227.FBpp0074144	7227.FBpp0085277	0.17904
7227.FBpp0071878	7227.FBpp0076265	0.44154
7227.FBpp0288457	7227.FBpp0076310	0.24291
7227.FBpp0305726	7227.FBpp0072011	0.27897
7227.FBpp0074530	7227.FBpp0072920	0.21373
7227.FBpp0291687	7227.FBpp0080102	0.25016
7227.FBpp0082151	7227.FBpp0072650	0.40597
7227.FBpp0110197	7227.FBpp0091120	0.29927
7227.FBpp0111422	7227.FBpp0077990	0.35252
7227.FBpp0072221	7227.FBpp0293717	0.57698
7227.FBpp0072893	7227.FBpp0083682	0.17288
7227.FBpp0304076	7227.FBpp0077450	0.09682
7227.FBpp0288764	7227.FBpp0292057	0.57932
7227.FBpp0289686	7227.FBpp0083635	0.21005
7227.FBpp0071848	7227.FBpp0080043	0.14361
7227.FBpp0071140	7227.FBpp0288469	0.23132
7227.FBpp0075650	7227.FBpp0305999	0.12518
7227.FBpp0078633	7227.FBpp0291405	0.19469
7227.FBpp0072318	7227.FBpp0303352	0.4501
7227.FBpp0110121	7227.FBpp0085799	0.12434
7227.FBpp0080039	7227.FBpp0074887	0.49739
7227.FBpp0288522	7227.FBpp0292438	0.29872
7227.FBpp0071588	7227.FBpp0072437	0.3439
7227.FBpp0084778	7227.FBpp0291598	0.11123
7227.FBpp0087478	7227.FBpp0304498	0.21804
7227.FBpp0085529	7227.FBpp0076557	0.60182
7227.FBpp0086516	7227.FBpp0078066	0.57057
7227.FBpp0080896	7227.FBpp0086897	0.1847
7227.FBpp0305178	7227.FBpp0070906	0.21428
7227.FBpp0080679	7227.FBpp0084739	0.60914
7227.FBpp0300654	7227.FBpp0075344	0.14989
7227.FBpp0076777	7227.FBpp0297897	0.49576
7227.FBpp0070719	7227.FBpp0081446	0.10294
7227.FBpp0291725	7227.FBpp0071133	0.13677
7227.FBpp0081884	7227.FBpp0297595	0.31909
7227.FBpp0088999	7227.FBpp0080525	0.59021
7227.FBpp0088844	7227.FBpp0110158	0.13577
7227.FBpp0078497	7227.FBpp0112463	0.20039
7227.FBpp0083209	7227.FBpp0111759	0.16394
7227.FBpp0074456	7227.FBpp0072606	0.31843
7227.FBpp0077532	7227.FBpp0290075	0.43024
7227.FBpp0091020	7227.FBpp0072862	0.56022
7227.FBpp0076872	7227.FBpp0074074	0.15681
7227.FBpp0075631	7227.FBpp0080024	0.40268
7227.FBpp0087051	7227.FBpp0290058	0.64418
7227.FBpp0083741	7227.FBpp0289894	0.43573
7227.FBpp0099739	7227.FBpp0087094	0.51828
7227.FBpp0084449	7227.FBpp0084486	0.14588
7227.FBpp0080608	7227.FBpp0087361	0.23459
7227.FBpp0076407	7227.FBpp0083654	0.31754
7227.FBpp0082329	7227.FBpp0084985	0.0862
7227.FBpp0087625	7227.FBpp0291024	0.52822
7227.FBpp0076169	7227.FBpp0289407	0.49348
7227.FBpp0081475	7227.FBpp0081822	0.17718
7227.FBpp0290461	7227.FBpp0084633	0.11268
7227.FBpp0070546	7227.FBpp0079977	0.62686
7227.FBpp0072932	7227.FBpp0289780	0.20939
7227.FBpp0112092	7227.FBpp0086443	0.53522
7227.FBpp0081294	7227.FBpp0076905	0.13324
7227.FBpp0084718	7227.FBpp0070131	0.16267
7227.FBpp0072445	7227.FBpp0078376	0.17884
7227.FBpp0304159	7227.FBpp0298367	0.43302
7227.FBpp0078577	7227.FBpp0305798	0.54299
7227.FBpp0111367	7227.FBpp0075070	0.18631
7227.FBpp0290599	7227.FBpp0293500	0.33922
7227.FBpp0079948	7227.FBpp0071169	0.16838
7227.FBpp0078756	7227.FBpp0079471	0.10743
7227.FBpp0078379	7227.FBpp0290027	0.09891
7227.FBpp0112188	7227.FBpp0077629	0.62548
7227.FBpp0086103	7227.FBpp0291653	0.24802
7227.FBpp0291345	7227.FBpp0305303	0.42264
7227.FBpp0079725	7227.FBpp0300176	0.53801
7227.FBpp0301835	7227.FBpp0087934	0.75664
7227.FBpp0070614	7227.FBpp0084684	0.54838
7227.FBpp0088206	7227.FBpp0304723	0.23957
7227.FBpp0296985	7227.FBpp0071595	0.57599
7227.FBpp0084939	7227.FBpp0078554	0.21779
7227.FBpp0305472	7227.FBpp0304090	0.27083
7227.FBpp0080591	7227.FBpp0073771	0.23181
7227.FBpp0074633	7227.FBpp0081765	0.14447
7227.FBpp0271869	7227.FBpp0290411	0.19357
7227.FBpp0271913	7227.FBpp0078569	0.63502
7227.FBpp0084328	7227.FBpp0087785	0.44144
7227.FBpp0304584	7227.FBpp0293936	0.33237
7227.FBpp0099852	7227.FBpp0293239	0.19762
7227.FBpp0080659	7227.FBpp0071759	0.18454
7227.FBpp0075139	7227.FBpp0271779	0.4362
7227.FBpp0301951	7227.FBpp0083981	0.1951
7227.FBpp0073621	7227.FBpp0305079	0.25961
7227.FBpp0079248	7227.FBpp0289420	0.33927
7227.FBpp0289054	7227.FBpp0085362	0.18156
7227.FBpp0304579	7227.FBpp0303805	0.33914
7227.FBpp0084087	7227.FBpp0076583	0.11555
7227.FBpp0289539	7227.FBpp0302608	0.47809
7227.FBpp0073515	7227.FBpp0291530	0.1733
7227.FBpp0086233	7227.FBpp0084149	0.29187
7227.FBpp0078371	7227.FBpp0083535	0.27062
7227.FBpp0073867	7227.FBpp0076139	0.36682
7227.FBpp0080046	7227.FBpp0112270	0.6342
7227.FBpp0088269	7227.FBpp0076818	0.31073
7227.FBpp0089138	7227.FBpp0292065	0.20302
7227.FBpp0292254	7227.FBpp0304166	0.35655
7227.FBpp0071844	7227.FBpp0112323	0.41885
7227.FBpp0075684	7227.FBpp0289146	0.31626
7227.FBpp0290838	7227.FBpp0305825	0.40585
7227.FBpp0084582	7227.FBpp0070680	0.104
7227.FBpp0288642	7227.FBpp0091075	0.27439
7227.FBpp0289653	7227.FBpp0083579	0.21921
7227.FBpp0100127	7227.FBpp0087108	0.17212
7227.FBpp0302636	7227.FBpp0290460	0.46778
7227.FBpp0289338	7227.FBpp0089218	0.22961
7227.FBpp0301761	7227.FBpp0072861	0.13496
7227.FBpp0076830	7227.FBpp0070474	0.15351
7227.FBpp0091062	7227.FBpp0087502	0.07391
7227.FBpp0087500	7227.FBpp0303815	0.22262
7227.FBpp0112215	7227.FBpp0289377	0.15026
7227.FBpp0072696	7227.FBpp0075220	0.43924
7227.FBpp0078649	7227.FBpp0302665	0.32734
7227.FBpp0077833	7227.FBpp0078969	0.21891
7227.FBpp0082241	7227.FBpp0111531	0.12588
7227.FBpp0085050	7227.FBpp0271869	0.20522
7227.FBpp0077081	7227.FBpp0305799	0.44732
7227.FBpp0290094	7227.FBpp0082721	0.08007
7227.FBpp0076082	7227.FBpp0301849	0.49104
7227.FBpp0071254	7227.FBpp0084493	0.22541
7227.FBpp0083775	7227.FBpp0293263	0.09289
7227.FBpp0297754	7227.FBpp0290843	0.53973
7227.FBpp0291943	7227.FBpp0077853	0.39108
7227.FBpp0074883	7227.FBpp0289152	0.24936
7227.FBpp0086388	7227.FBpp0086667	0.21096
7227.FBpp0301777	7227.FBpp0080584	0.18061
7227.FBpp0271857	7227.FBpp0112011	0.14179
7227.FBpp0082452	7227.FBpp0113034	0.27037
7227.FBpp0111660	7227.FBpp0290031	0.24852
7227.FBpp0080707	7227.FBpp0078978	0.35473
7227.FBpp0304267	7227.FBpp0073796	0.37078
7227.FBpp0301685	7227.FBpp0292055	0.8363
7227.FBpp0073607	7227.FBpp0085327	0.35347
7227.FBpp0304821	7227.FBpp0289885	0.41361
7227.FBpp0085314	7227.FBpp0073190	0.15189
7227.FBpp0079087	7227.FBpp0081050	0.20548
7227.FBpp0076359	7227.FBpp0300790	0.31923
7227.FBpp0290437	7227.FBpp0297534	0.54058
7227.FBpp0078394	7227.FBpp0079227	0.0
7227.FBpp0293993	7227.FBpp0070366	0.34592
7227.FBpp0100170	7227.FBpp0289540	0.35464
7227.FBpp0072149	7227.FBpp0080026	0.39878
7227.FBpp0304566	7227.FBpp0085043	0.49823
7227.FBpp0080382	7227.FBpp0074331	0.28755
7227.FBpp0289520	7227.FBpp0085799	0.38738
7227.FBpp0082996	7227.FBpp0088422	0.73287
7227.FBpp0086399	7227.FBpp0073756	0.37131
7227.FBpp0074451	7227.FBpp0077431	0.25812
7227.FBpp0070163	7227.FBpp0289813	0.05417
7227.FBpp0303714	7227.FBpp0073569	0.09495
7227.FBpp0077602	7227.FBpp0071825	0.08267
7227.FBpp0303475	7227.FBpp0087407	0.37956
7227.FBpp0304520	7227.FBpp0085850	0.44671
7227.FBpp0304483	7227.FBpp0111519	0.10852
7227.FBpp0073614	7227.FBpp0289487	0.21127
7227.FBpp0087515	7227.FBpp0079724	0.25494
7227.FBpp0291136	7227.FBpp0304911	0.00087
7227.FBpp0081692	7227.FBpp0077847	0.45935
7227.FBpp0291134	7227.FBpp0293134	0.16916
7227.FBpp0074489	7227.FBpp0072458	0.68449
7227.FBpp0074902	7227.FBpp0082559	0.2037
7227.FBpp0086238	7227.FBpp0077740	0.29067
7227.FBpp0086904	7227.FBpp0293421	0.55971
7227.FBpp0076359	7227.FBpp0079880	0.21555
7227.FBpp0087640	7227.FBpp0289685	0.67808
7227.FBpp0090943	7227.FBpp0301956	0.1805
7227.FBpp0288951	7227.FBpp0075046	0.59021
7227.FBpp0073758	7227.FBpp0070000	0.71641
7227.FBpp0085135	7227.FBpp0081590	0.24486
7227.FBpp0078189	7227.FBpp0288714	0.12017
7227.FBpp0087818	7227.FBpp0075717	0.37831
7227.FBpp0088838	7227.FBpp0070210	0.39175
7227.FBpp0079443	7227.FBpp0297249	0.23587
7227.FBpp0304485	7227.FBpp0111266	0.72754
7227.FBpp0297403	7227.FBpp0083741	0.57724
7227.FBpp0089010	7227.FBpp0078008	0.06988
7227.FBpp0085215	7227.FBpp0300567	0.12265
7227.FBpp0291087	7227.FBpp0081665	0.30661
7227.FBpp0304206	7227.FBpp0303030	0.50949
7227.FBpp0288483	7227.FBpp0083205	0.22815
7227.FBpp0072971	7227.FBpp0111337	0.63459
7227.FBpp0073443	7227.FBpp0290191	0.41401
7227.FBpp0088183	7227.FBpp0300552	0.16385
7227.FBpp0074807	7227.FBpp0304646	0.2701
7227.FBpp0099990	7227.FBpp0305303	0.50018
7227.FBpp0083231	7227.FBpp0082824	0.04794
7227.FBpp0087647	7227.FBpp0074975	0.62438
7227.FBpp0072211	7227.FBpp0078900	0.41824
7227.FBpp0074285	7227.FBpp0087673	0.32747
7227.FBpp0099639	7227.FBpp0304314	0.28126
7227.FBpp0076788	7227.FBpp0084458	0.19435
7227.FBpp0084585	7227.FBpp0079681	0.11228
7227.FBpp0079067	7227.FBpp0084899	0.25909
7227.FBpp0293435	7227.FBpp0301150	0.87679
7227.FBpp0082997	7227.FBpp0304952	0.64673
7227.FBpp0073631	7227.FBpp0081166	0.26522
7227.FBpp0289898	7227.FBpp0086965	0.18113
7227.FBpp0088644	7227.FBpp0099713	0.17244
7227.FBpp0078144	7227.FBpp0303384	0.26154
7227.FBpp0078021	7227.FBpp0084045	0.2345
7227.FBpp0082153	7227.FBpp0305289	0.32231
7227.FBpp0077381	7227.FBpp0081488	0.17497
7227.FBpp0111325	7227.FBpp0289302	0.39729
7227.FBpp0289510	7227.FBpp0083844	0.45959
7227.FBpp0070894	7227.FBpp0077974	0.17176
7227.FBpp0074121	7227.FBpp0301959	0.13937
7227.FBpp0290174	7227.FBpp0077968	0.19601
7227.FBpp0070709	7227.FBpp0073471	0.13154
7227.FBpp0081655	7227.FBpp0077658	0.14153
7227.FBpp0291857	7227.FBpp0079415	0.29268
7227.FBpp0085557	7227.FBpp0088016	0.50363
7227.FBpp0079306	7227.FBpp0086729	0.12905
7227.FBpp0085321	7227.FBpp0070101	0.26178
7227.FBpp0083713	7227.FBpp0087527	0.46667
7227.FBpp0089206	7227.FBpp0071270	0.15046
7227.FBpp0081544	7227.FBpp0073621	0.11804
7227.FBpp0288782	7227.FBpp0073522	0.48711
7227.FBpp0076362	7227.FBpp0077455	0.10625
7227.FBpp0297990	7227.FBpp0076201	0.35646
7227.FBpp0085104	7227.FBpp0076150	0.25429
7227.FBpp0291444	7227.FBpp0297664	0.21309
7227.FBpp0087939	7227.FBpp0301576	0.46825
7227.FBpp0305204	7227.FBpp0083131	0.03071
7227.FBpp0289815	7227.FBpp0297134	0.07628
7227.FBpp0078054	7227.FBpp0077789	0.5615
7227.FBpp0084285	7227.FBpp0292104	0.31009
7227.FBpp0077233	7227.FBpp0081427	0.69121
7227.FBpp0085902	7227.FBpp0289817	0.1344
7227.FBpp0070390	7227.FBpp0288787	0.59822
7227.FBpp0300512	7227.FBpp0079168	0.21593
7227.FBpp0076490	7227.FBpp0082346	0.09359
7227.FBpp0078381	7227.FBpp0087915	0.44726
7227.FBpp0110588	7227.FBpp0289057	0.22975
7227.FBpp0082073	7227.FBpp0086521	0.28849
7227.FBpp0085200	7227.FBpp0293456	0.06515
7227.FBpp0076319	7227.FBpp0304981	0.7688
7227.FBpp0083863	7227.FBpp0076847	0.24108
7227.FBpp0070119	7227.FBpp0070655	0.44437
7227.FBpp0076038	7227.FBpp0074146	0.24364
7227.FBpp0083872	7227.FBpp0071693	0.17286
7227.FBpp0084149	7227.FBpp0291688	0.4371
7227.FBpp0083980	7227.FBpp0075343	0.16121
7227.FBpp0083166	7227.FBpp0081027	0.3491
7227.FBpp0087259	7227.FBpp0303626	0.25909
7227.FBpp0088601	7227.FBpp0301951	0.14974
7227.FBpp0082962	7227.FBpp0084214	0.1169
7227.FBpp0297116	7227.FBpp0088946	0.41183
7227.FBpp0070911	7227.FBpp0082997	0.1207
7227.FBpp0292323	7227.FBpp0075092	0.16737
7227.FBpp0290017	7227.FBpp0082828	0.12787
7227.FBpp0290455	7227.FBpp0078243	0.30524
7227.FBpp0099676	7227.FBpp0110071	0.64673
7227.FBpp0084265	7227.FBpp0082710	0.344
7227.FBpp0082155	7227.FBpp0288936	0.49509
7227.FBpp0082035	7227.FBpp0300164	0.1638
7227.FBpp0305087	7227.FBpp0086776	0.23428
7227.FBpp0303879	7227.FBpp0087869	0.35497
7227.FBpp0079452	7227.FBpp0087093	0.21855
7227.FBpp0082515	7227.FBpp0077932	0.26551
7227.FBpp0297598	7227.FBpp0113002	0.29915
7227.FBpp0083134	7227.FBpp0288735	0.22846
7227.FBpp0084354	7227.FBpp0070234	0.4387
7227.FBpp0291425	7227.FBpp0079179	0.18878
7227.FBpp0084667	7227.FBpp0301703	0.0734
7227.FBpp0084040	7227.FBpp0289590	0.10673
7227.FBpp0076476	7227.FBpp0099996	0.15244
7227.FBpp0085824	7227.FBpp0305492	0.37008
7227.FBpp0305747	7227.FBpp0071357	0.19396
7227.FBpp0087320	7227.FBpp0289015	0.22047
7227.FBpp0074955	7227.FBpp0304450	0.19461
7227.FBpp0087308	7227.FBpp0084306	0.27235
7227.FBpp0073173	7227.FBpp0085961	0.22357
7227.FBpp0303127	7227.FBpp0070202	0.2349
7227.FBpp0077391	7227.FBpp0078429	0.16721
7227.FBpp0074258	7227.FBpp0071478	0.24588
7227.FBpp0288907	7227.FBpp0083905	0.58504
7227.FBpp0074506	7227.FBpp0305944	0.26602
7227.FBpp0070638	7227.FBpp0288840	0.19782
7227.FBpp0293369	7227.FBpp0297134	0.20242
7227.FBpp0078375	7227.FBpp0082889	0.20795
7227.FBpp0077292	7227.FBpp0084475	0.36526
7227.FBpp0075139	7227.FBpp0075439	0.42071
7227.FBpp0080766	7227.FBpp0075783	0.29036
7227.FBpp0088874	7227.FBpp0289349	0.39774
7227.FBpp0083225	7227.FBpp0293537	0.43533
7227.FBpp0085875	7227.FBpp0303818	0.11476
7227.FBpp0305094	7227.FBpp0083440	0.1419
7227.FBpp0080543	7227.FBpp0083075	0.10315
7227.FBpp0074343	7227.FBpp0290209	0.29013
7227.FBpp0305186	7227.FBpp0304783	0.49513
7227.FBpp0112097	7227.FBpp0070112	0.22378
7227.FBpp0078087	7227.FBpp0078703	0.36073
7227.FBpp0306047	7227.FBpp0082906	0.07356
7227.FBpp0087462	7227.FBpp0305382	0.56003
7227.FBpp0072304	7227.FBpp0073273	0.1636
7227.FBpp0083648	7227.FBpp0076682	0.37664
7227.FBpp0085478	7227.FBpp0071942	0.60333
7227.FBpp0074518	7227.FBpp0304609	0.14838
7227.FBpp0303605	7227.FBpp0078864	0.19791
7227.FBpp0301145	7227.FBpp0304031	0.25029
