9606.ENSP00000246672	9606.ENSP00000398610	0.23866
9606.ENSP00000225550	9606.ENSP00000438959	0.35499
9606.ENSP00000387307	9606.ENSP00000419216	0.35398
9606.ENSP00000178640	9606.ENSP00000243103	0.31783
9606.ENSP00000368312	9606.ENSP00000262430	0.30142
9606.ENSP00000417370	9606.ENSP00000461808	0.30705
9606.ENSP00000364620	9606.ENSP00000434243	0.82109
9606.ENSP00000373322	9606.ENSP00000438015	0.39327
9606.ENSP00000377781	9606.ENSP00000241256	0.26395
9606.ENSP00000314544	9606.ENSP00000433911	0.26697
9606.ENSP00000302606	9606.ENSP00000357622	0.32518
9606.ENSP00000369586	9606.ENSP00000427536	0.393
9606.ENSP00000296490	9606.ENSP00000345513	0.28135
9606.ENSP00000362873	9606.ENSP00000447722	0.21842
9606.ENSP00000280326	9606.ENSP00000365898	0.15885
9606.ENSP00000322421	9606.ENSP00000389749	0.59315
9606.ENSP00000362332	9606.ENSP00000332340	0.24228
9606.ENSP00000340975	9606.ENSP00000355672	0.2301
9606.ENSP00000415356	9606.ENSP00000363999	0.21231
9606.ENSP00000314196	9606.ENSP00000485107	0.16002
9606.ENSP00000292427	9606.ENSP00000465369	0.26406
9606.ENSP00000363463	9606.ENSP00000288943	0.33884
9606.ENSP00000389455	9606.ENSP00000467878	0.49646
9606.ENSP00000382163	9606.ENSP00000347648	0.24552
9606.ENSP00000356416	9606.ENSP00000390087	0.19544
9606.ENSP00000318912	9606.ENSP00000454914	0.31919
9606.ENSP00000275300	9606.ENSP00000386133	0.37949
9606.ENSP00000359224	9606.ENSP00000435887	0.32596
9606.ENSP00000347359	9606.ENSP00000431911	0.21814
9606.ENSP00000376609	9606.ENSP00000414661	0.22966
9606.ENSP00000263657	9606.ENSP00000363746	0.44967
9606.ENSP00000272134	9606.ENSP00000451584	0.35774
9606.ENSP00000367557	9606.ENSP00000386868	0.45627
9606.ENSP00000302413	9606.ENSP00000409437	0.28944
9606.ENSP00000360724	9606.ENSP00000432377	0.34899
9606.ENSP00000329684	9606.ENSP00000469703	0.2512
9606.ENSP00000340823	9606.ENSP00000471098	0.37813
9606.ENSP00000353819	9606.ENSP00000427359	0.36496
9606.ENSP00000367193	9606.ENSP00000358784	0.47712
9606.ENSP00000375073	9606.ENSP00000272907	0.43179
9606.ENSP00000311695	9606.ENSP00000461285	0.57606
9606.ENSP00000356921	9606.ENSP00000482950	0.15016
9606.ENSP00000345184	9606.ENSP00000363329	0.49996
9606.ENSP00000386920	9606.ENSP00000480266	0.71786
9606.ENSP00000366841	9606.ENSP00000365401	0.65572
9606.ENSP00000357876	9606.ENSP00000440273	0.30112
9606.ENSP00000375095	9606.ENSP00000478888	0.23616
9606.ENSP00000385778	9606.ENSP00000233813	0.38855
9606.ENSP00000377546	9606.ENSP00000485026	0.13159
9606.ENSP00000378659	9606.ENSP00000409852	0.26822
9606.ENSP00000217999	9606.ENSP00000410021	0.404
9606.ENSP00000257264	9606.ENSP00000333496	0.24222
9606.ENSP00000201031	9606.ENSP00000376431	0.24113
9606.ENSP00000364976	9606.ENSP00000332122	0.76508
9606.ENSP00000360421	9606.ENSP00000467204	0.27992
9606.ENSP00000352305	9606.ENSP00000424784	0.35859
9606.ENSP00000376051	9606.ENSP00000478272	0.6717
9606.ENSP00000370215	9606.ENSP00000459485	0.4047
9606.ENSP00000317439	9606.ENSP00000477839	0.7209
9606.ENSP00000272542	9606.ENSP00000453868	0.45351
9606.ENSP00000272224	9606.ENSP00000309161	0.20999
9606.ENSP00000367030	9606.ENSP00000377385	0.3555
9606.ENSP00000346827	9606.ENSP00000342985	0.23447
9606.ENSP00000385560	9606.ENSP00000426107	0.64592
9606.ENSP00000376168	9606.ENSP00000344489	0.56007
9606.ENSP00000459554	9606.ENSP00000377865	0.19225
9606.ENSP00000293695	9606.ENSP00000252655	0.45992
9606.ENSP00000429384	9606.ENSP00000362105	0.20883
9606.ENSP00000338127	9606.ENSP00000370297	0.42117
9606.ENSP00000480402	9606.ENSP00000356848	0.24108
9606.ENSP00000328036	9606.ENSP00000347648	0.32073
9606.ENSP00000225842	9606.ENSP00000445912	0.38731
9606.ENSP00000366506	9606.ENSP00000343408	0.23543
9606.ENSP00000365926	9606.ENSP00000457824	0.23279
9606.ENSP00000228820	9606.ENSP00000427336	0.20104
9606.ENSP00000330720	9606.ENSP00000355470	0.6459
9606.ENSP00000357385	9606.ENSP00000478685	0.62258
9606.ENSP00000261267	9606.ENSP00000464351	0.37097
9606.ENSP00000338034	9606.ENSP00000357120	0.40995
9606.ENSP00000256592	9606.ENSP00000460572	0.32215
9606.ENSP00000293404	9606.ENSP00000434034	0.18246
9606.ENSP00000257548	9606.ENSP00000385217	0.45751
9606.ENSP00000261900	9606.ENSP00000355051	0.62531
9606.ENSP00000359665	9606.ENSP00000483356	0.23519
9606.ENSP00000322170	9606.ENSP00000483912	0.64059
9606.ENSP00000300151	9606.ENSP00000310726	0.50765
9606.ENSP00000346080	9606.ENSP00000363018	0.32257
9606.ENSP00000246801	9606.ENSP00000357912	0.23669
9606.ENSP00000379126	9606.ENSP00000405320	0.37234
9606.ENSP00000261845	9606.ENSP00000406127	0.32383
9606.ENSP00000381471	9606.ENSP00000467631	0.59837
9606.ENSP00000381937	9606.ENSP00000223167	0.33095
9606.ENSP00000357894	9606.ENSP00000334805	0.38944
9606.ENSP00000359705	9606.ENSP00000387153	0.18947
9606.ENSP00000287773	9606.ENSP00000428875	0.33726
9606.ENSP00000381805	9606.ENSP00000327386	0.45018
9606.ENSP00000388474	9606.ENSP00000330746	0.99223
9606.ENSP00000380020	9606.ENSP00000478384	0.25374
9606.ENSP00000294702	9606.ENSP00000434045	0.20475
9606.ENSP00000242728	9606.ENSP00000431914	0.25727
9606.ENSP00000383909	9606.ENSP00000329662	0.44442
9606.ENSP00000341940	9606.ENSP00000232424	0.28823
9606.ENSP00000316518	9606.ENSP00000300035	0.41361
9606.ENSP00000352248	9606.ENSP00000401314	0.34738
9606.ENSP00000281243	9606.ENSP00000428763	0.34947
9606.ENSP00000305556	9606.ENSP00000362900	0.18033
9606.ENSP00000385654	9606.ENSP00000483505	0.23794
9606.ENSP00000362388	9606.ENSP00000367195	0.53982
9606.ENSP00000281142	9606.ENSP00000360764	0.34518
9606.ENSP00000396151	9606.ENSP00000364145	0.17326
9606.ENSP00000369618	9606.ENSP00000460840	0.23556
9606.ENSP00000297578	9606.ENSP00000322628	0.3257
9606.ENSP00000358576	9606.ENSP00000435034	0.28591
9606.ENSP00000368610	9606.ENSP00000360117	0.54763
9606.ENSP00000373196	9606.ENSP00000485104	0.19536
9606.ENSP00000370595	9606.ENSP00000426515	0.28304
9606.ENSP00000265922	9606.ENSP00000420335	0.18109
9606.ENSP00000292314	9606.ENSP00000356436	0.56873
9606.ENSP00000330075	9606.ENSP00000378650	0.24736
9606.ENSP00000312134	9606.ENSP00000432672	0.50116
9606.ENSP00000244623	9606.ENSP00000346575	0.36764
9606.ENSP00000249064	9606.ENSP00000429043	0.25075
9606.ENSP00000312675	9606.ENSP00000476100	0.67669
9606.ENSP00000365080	9606.ENSP00000359485	0.22346
9606.ENSP00000385018	9606.ENSP00000369162	0.48517
9606.ENSP00000332498	9606.ENSP00000327316	0.33914
9606.ENSP00000357030	9606.ENSP00000481737	0.59982
9606.ENSP00000278779	9606.ENSP00000422978	0.27151
9606.ENSP00000382544	9606.ENSP00000385825	0.22112
9606.ENSP00000381703	9606.ENSP00000404499	0.65679
9606.ENSP00000385403	9606.ENSP00000435671	0.20589
9606.ENSP00000361048	9606.ENSP00000251808	0.421
9606.ENSP00000229812	9606.ENSP00000457718	0.43669
9606.ENSP00000365295	9606.ENSP00000389556	0.37128
9606.ENSP00000377427	9606.ENSP00000272395	0.15722
9606.ENSP00000216106	9606.ENSP00000437723	0.38228
9606.ENSP00000363787	9606.ENSP00000365116	0.27044
9606.ENSP00000235382	9606.ENSP00000361287	0.33465
9606.ENSP00000349727	9606.ENSP00000257261	0.18506
9606.ENSP00000312099	9606.ENSP00000296127	0.37674
9606.ENSP00000330730	9606.ENSP00000320302	0.59098
9606.ENSP00000274793	9606.ENSP00000460258	0.19751
9606.ENSP00000415234	9606.ENSP00000444493	0.29028
9606.ENSP00000293883	9606.ENSP00000376372	0.29737
9606.ENSP00000270458	9606.ENSP00000386378	0.1835
9606.ENSP00000340217	9606.ENSP00000266984	0.28427
9606.ENSP00000378465	9606.ENSP00000396058	0.41109
9606.ENSP00000465755	9606.ENSP00000429057	0.59535
9606.ENSP00000217109	9606.ENSP00000347964	0.25275
9606.ENSP00000326489	9606.ENSP00000467244	0.3079
9606.ENSP00000378341	9606.ENSP00000314458	0.58673
9606.ENSP00000369661	9606.ENSP00000465022	0.38088
9606.ENSP00000266718	9606.ENSP00000342680	0.22093
9606.ENSP00000331682	9606.ENSP00000430650	0.26135
9606.ENSP00000228872	9606.ENSP00000310686	0.48882
9606.ENSP00000354213	9606.ENSP00000481663	0.20999
9606.ENSP00000387307	9606.ENSP00000376761	0.40864
9606.ENSP00000389112	9606.ENSP00000400001	0.20667
9606.ENSP00000346130	9606.ENSP00000419076	0.62669
9606.ENSP00000378330	9606.ENSP00000335616	0.47609
9606.ENSP00000300113	9606.ENSP00000332791	0.50376
9606.ENSP00000330381	9606.ENSP00000409950	0.18031
9606.ENSP00000354721	9606.ENSP00000389564	0.35836
9606.ENSP00000363995	9606.ENSP00000313419	0.2133
9606.ENSP00000278780	9606.ENSP00000452103	0.21075
9606.ENSP00000379731	9606.ENSP00000409884	0.5361
9606.ENSP00000370379	9606.ENSP00000357565	0.71745
9606.ENSP00000233331	9606.ENSP00000383398	0.52261
9606.ENSP00000362608	9606.ENSP00000469798	0.38053
9606.ENSP00000325078	9606.ENSP00000357711	0.46359
9606.ENSP00000364297	9606.ENSP00000295414	0.15771
9606.ENSP00000278282	9606.ENSP00000386768	0.75756
9606.ENSP00000415621	9606.ENSP00000370938	0.84446
9606.ENSP00000318834	9606.ENSP00000229955	0.27222
9606.ENSP00000381081	9606.ENSP00000410466	0.64714
9606.ENSP00000371770	9606.ENSP00000334490	0.45675
9606.ENSP00000369411	9606.ENSP00000406412	0.26967
9606.ENSP00000356124	9606.ENSP00000390201	0.1962
9606.ENSP00000343366	9606.ENSP00000345985	0.50559
9606.ENSP00000380518	9606.ENSP00000414507	0.1772
9606.ENSP00000327766	9606.ENSP00000467911	0.35751
9606.ENSP00000344502	9606.ENSP00000333724	0.29953
9606.ENSP00000356549	9606.ENSP00000429184	0.25382
9606.ENSP00000299454	9606.ENSP00000264664	0.29346
9606.ENSP00000368460	9606.ENSP00000388350	0.1916
9606.ENSP00000309649	9606.ENSP00000353483	0.26133
9606.ENSP00000368278	9606.ENSP00000388122	0.19781
9606.ENSP00000366005	9606.ENSP00000342188	0.25593
9606.ENSP00000261796	9606.ENSP00000422660	0.19063
9606.ENSP00000330746	9606.ENSP00000329171	0.87185
9606.ENSP00000345917	9606.ENSP00000244174	0.23378
9606.ENSP00000347428	9606.ENSP00000425561	0.21717
9606.ENSP00000370745	9606.ENSP00000436182	0.64079
9606.ENSP00000370215	9606.ENSP00000456494	0.3679
9606.ENSP00000387475	9606.ENSP00000466058	0.39302
9606.ENSP00000340590	9606.ENSP00000399467	0.2418
9606.ENSP00000347969	9606.ENSP00000332805	0.25334
9606.ENSP00000206513	9606.ENSP00000464269	0.44325
9606.ENSP00000363533	9606.ENSP00000404445	0.18235
9606.ENSP00000357711	9606.ENSP00000469557	0.37362
9606.ENSP00000369666	9606.ENSP00000420426	0.28711
9606.ENSP00000263579	9606.ENSP00000349931	0.28852
9606.ENSP00000369192	9606.ENSP00000428116	0.32221
9606.ENSP00000375430	9606.ENSP00000262520	0.58103
9606.ENSP00000293599	9606.ENSP00000285805	0.14806
9606.ENSP00000367731	9606.ENSP00000444097	0.1751
9606.ENSP00000382103	9606.ENSP00000420135	0.44687
9606.ENSP00000376808	9606.ENSP00000296847	0.72168
9606.ENSP00000299732	9606.ENSP00000452402	0.30931
9606.ENSP00000359795	9606.ENSP00000381105	0.48167
9606.ENSP00000264634	9606.ENSP00000386567	0.23423
9606.ENSP00000385246	9606.ENSP00000435446	0.22808
9606.ENSP00000272367	9606.ENSP00000416525	0.30857
9606.ENSP00000376346	9606.ENSP00000421294	0.45665
9606.ENSP00000371682	9606.ENSP00000398449	0.25584
9606.ENSP00000259396	9606.ENSP00000401019	0.21519
9606.ENSP00000355130	9606.ENSP00000258424	0.42535
9606.ENSP00000381425	9606.ENSP00000446702	0.22055
9606.ENSP00000319097	9606.ENSP00000354598	0.38157
9606.ENSP00000279146	9606.ENSP00000414892	0.37821
9606.ENSP00000256447	9606.ENSP00000365197	0.50368
9606.ENSP00000369574	9606.ENSP00000356527	0.21728
9606.ENSP00000310406	9606.ENSP00000452064	0.38071
9606.ENSP00000373627	9606.ENSP00000462393	0.13907
9606.ENSP00000381086	9606.ENSP00000361616	0.35773
9606.ENSP00000308750	9606.ENSP00000280605	0.1944
9606.ENSP00000261523	9606.ENSP00000403660	0.31352
9606.ENSP00000328359	9606.ENSP00000290332	0.75464
9606.ENSP00000377383	9606.ENSP00000416510	0.58836
9606.ENSP00000347408	9606.ENSP00000334681	0.61554
9606.ENSP00000302085	9606.ENSP00000387282	0.40366
9606.ENSP00000281321	9606.ENSP00000480296	0.11613
9606.ENSP00000375076	9606.ENSP00000262662	0.0
9606.ENSP00000385246	9606.ENSP00000355672	0.23563
9606.ENSP00000343617	9606.ENSP00000262375	0.31895
9606.ENSP00000256474	9606.ENSP00000419359	0.20503
9606.ENSP00000252939	9606.ENSP00000431800	0.27402
9606.ENSP00000284288	9606.ENSP00000374332	0.31839
9606.ENSP00000369755	9606.ENSP00000361032	0.28148
9606.ENSP00000369139	9606.ENSP00000389295	0.82327
9606.ENSP00000379159	9606.ENSP00000484378	0.34237
9606.ENSP00000261047	9606.ENSP00000460933	0.22058
9606.ENSP00000301776	9606.ENSP00000393623	0.3841
9606.ENSP00000259254	9606.ENSP00000398488	0.4846
9606.ENSP00000384353	9606.ENSP00000363516	0.28582
9606.ENSP00000360768	9606.ENSP00000420679	0.32236
9606.ENSP00000369786	9606.ENSP00000444453	0.25052
9606.ENSP00000330384	9606.ENSP00000272164	0.18511
9606.ENSP00000255129	9606.ENSP00000377225	0.36148
9606.ENSP00000259895	9606.ENSP00000358487	0.24041
9606.ENSP00000300303	9606.ENSP00000005178	0.20018
9606.ENSP00000361871	9606.ENSP00000434606	0.46136
9606.ENSP00000339384	9606.ENSP00000383894	0.52579
9606.ENSP00000262817	9606.ENSP00000359271	0.20722
9606.ENSP00000322784	9606.ENSP00000407560	0.16854
9606.ENSP00000159060	9606.ENSP00000285850	0.21552
9606.ENSP00000385968	9606.ENSP00000396061	0.19894
9606.ENSP00000327675	9606.ENSP00000370224	0.28984
9606.ENSP00000340434	9606.ENSP00000368184	0.21716
9606.ENSP00000320623	9606.ENSP00000460258	0.18495
9606.ENSP00000263904	9606.ENSP00000287474	0.22465
9606.ENSP00000231136	9606.ENSP00000478652	0.55785
9606.ENSP00000356104	9606.ENSP00000359507	0.31467
9606.ENSP00000308032	9606.ENSP00000436979	0.34377
9606.ENSP00000355459	9606.ENSP00000306760	0.26825
9606.ENSP00000357016	9606.ENSP00000484738	0.29606
9606.ENSP00000344489	9606.ENSP00000453239	0.29411
9606.ENSP00000389072	9606.ENSP00000359802	0.28618
9606.ENSP00000370648	9606.ENSP00000419756	0.30242
9606.ENSP00000301336	9606.ENSP00000384080	0.20651
9606.ENSP00000362327	9606.ENSP00000469275	0.3114
9606.ENSP00000362332	9606.ENSP00000427177	0.47829
9606.ENSP00000368796	9606.ENSP00000348784	0.22224
9606.ENSP00000309610	9606.ENSP00000444084	0.22529
9606.ENSP00000335529	9606.ENSP00000324763	0.29916
9606.ENSP00000242323	9606.ENSP00000006526	0.33576
9606.ENSP00000350872	9606.ENSP00000307188	0.36996
9606.ENSP00000381250	9606.ENSP00000396170	0.23818
9606.ENSP00000265801	9606.ENSP00000432500	0.32155
9606.ENSP00000362922	9606.ENSP00000247005	0.23311
9606.ENSP00000473397	9606.ENSP00000315379	0.53918
9606.ENSP00000216968	9606.ENSP00000479253	0.45497
9606.ENSP00000273156	9606.ENSP00000376792	0.20771
9606.ENSP00000367042	9606.ENSP00000354728	0.21527
9606.ENSP00000274093	9606.ENSP00000441204	0.21742
9606.ENSP00000382804	9606.ENSP00000416258	0.3549
9606.ENSP00000367193	9606.ENSP00000356853	0.27844
9606.ENSP00000386702	9606.ENSP00000465262	0.33796
9606.ENSP00000329165	9606.ENSP00000436232	0.2393
9606.ENSP00000358857	9606.ENSP00000345513	0.3192
9606.ENSP00000269848	9606.ENSP00000290354	0.48377
9606.ENSP00000281047	9606.ENSP00000485306	0.47638
9606.ENSP00000357107	9606.ENSP00000361001	0.19449
9606.ENSP00000249116	9606.ENSP00000379110	0.28857
9606.ENSP00000266557	9606.ENSP00000431195	0.25827
9606.ENSP00000371929	9606.ENSP00000330475	0.19759
9606.ENSP00000386200	9606.ENSP00000338624	0.27417
9606.ENSP00000246081	9606.ENSP00000450861	0.18288
9606.ENSP00000362409	9606.ENSP00000423628	0.39574
9606.ENSP00000216071	9606.ENSP00000357120	0.28565
9606.ENSP00000273610	9606.ENSP00000423241	0.72913
9606.ENSP00000453972	9606.ENSP00000394014	0.22534
9606.ENSP00000370521	9606.ENSP00000445792	0.34505
9606.ENSP00000294794	9606.ENSP00000481663	0.42034
9606.ENSP00000357751	9606.ENSP00000344128	0.62916
9606.ENSP00000179259	9606.ENSP00000383974	0.41361
9606.ENSP00000299705	9606.ENSP00000484710	0.26355
9606.ENSP00000312535	9606.ENSP00000442725	0.40554
9606.ENSP00000370842	9606.ENSP00000295728	0.26113
9606.ENSP00000304004	9606.ENSP00000403971	0.41793
9606.ENSP00000378338	9606.ENSP00000432729	0.35924
9606.ENSP00000274532	9606.ENSP00000364145	0.21795
9606.ENSP00000329292	9606.ENSP00000451962	0.13566
9606.ENSP00000358798	9606.ENSP00000278193	0.2906
9606.ENSP00000377874	9606.ENSP00000398557	0.43125
9606.ENSP00000362404	9606.ENSP00000431661	0.42531
9606.ENSP00000299163	9606.ENSP00000343619	0.24378
9606.ENSP00000361752	9606.ENSP00000392105	0.36539
9606.ENSP00000330218	9606.ENSP00000436533	0.12955
9606.ENSP00000292577	9606.ENSP00000444082	0.46207
9606.ENSP00000370899	9606.ENSP00000325065	0.24913
9606.ENSP00000254950	9606.ENSP00000323595	0.22693
9606.ENSP00000302441	9606.ENSP00000362268	0.19274
9606.ENSP00000390031	9606.ENSP00000469951	0.23417
9606.ENSP00000287218	9606.ENSP00000323313	0.3947
9606.ENSP00000368881	9606.ENSP00000445420	0.17617
9606.ENSP00000364859	9606.ENSP00000311862	0.36771
9606.ENSP00000355195	9606.ENSP00000273156	0.18368
9606.ENSP00000305503	9606.ENSP00000465755	0.48226
9606.ENSP00000362656	9606.ENSP00000270361	0.17583
9606.ENSP00000306760	9606.ENSP00000406734	0.21728
9606.ENSP00000223641	9606.ENSP00000448570	0.50301
9606.ENSP00000353408	9606.ENSP00000445483	0.57067
9606.ENSP00000216225	9606.ENSP00000461912	0.75484
9606.ENSP00000346670	9606.ENSP00000402373	0.37209
9606.ENSP00000295119	9606.ENSP00000258411	0.22855
9606.ENSP00000268711	9606.ENSP00000460400	0.17629
9606.ENSP00000370126	9606.ENSP00000417634	0.52834
9606.ENSP00000362746	9606.ENSP00000420872	0.19988
9606.ENSP00000328326	9606.ENSP00000347759	0.22796
9606.ENSP00000295201	9606.ENSP00000252015	0.33991
9606.ENSP00000263697	9606.ENSP00000452675	0.44952
9606.ENSP00000361959	9606.ENSP00000417773	0.42067
9606.ENSP00000280734	9606.ENSP00000258821	0.32631
9606.ENSP00000320302	9606.ENSP00000465166	0.32027
9606.ENSP00000376281	9606.ENSP00000455913	0.60663
9606.ENSP00000372202	9606.ENSP00000340006	0.16001
9606.ENSP00000333656	9606.ENSP00000307958	0.34711
9606.ENSP00000379088	9606.ENSP00000298049	0.19117
9606.ENSP00000353820	9606.ENSP00000365740	0.50222
9606.ENSP00000358423	9606.ENSP00000444097	0.22615
9606.ENSP00000391501	9606.ENSP00000426398	0.21954
9606.ENSP00000315420	9606.ENSP00000424593	0.2216
9606.ENSP00000369979	9606.ENSP00000361502	0.48651
9606.ENSP00000304593	9606.ENSP00000464071	0.36935
9606.ENSP00000297875	9606.ENSP00000393490	0.18243
9606.ENSP00000008938	9606.ENSP00000339568	0.2127
9606.ENSP00000358880	9606.ENSP00000440134	0.45394
9606.ENSP00000234549	9606.ENSP00000393132	0.21596
9606.ENSP00000252137	9606.ENSP00000473812	0.22461
9606.ENSP00000368144	9606.ENSP00000386280	0.14499
9606.ENSP00000300150	9606.ENSP00000275767	0.20348
9606.ENSP00000229134	9606.ENSP00000339527	0.48298
9606.ENSP00000302537	9606.ENSP00000413221	0.62632
9606.ENSP00000272233	9606.ENSP00000435112	0.28181
9606.ENSP00000383155	9606.ENSP00000426539	0.67995
9606.ENSP00000259457	9606.ENSP00000206451	0.15614
9606.ENSP00000366450	9606.ENSP00000369850	0.34578
9606.ENSP00000362135	9606.ENSP00000343244	0.23957
9606.ENSP00000322396	9606.ENSP00000447148	0.21335
9606.ENSP00000267119	9606.ENSP00000336923	0.27557
9606.ENSP00000243347	9606.ENSP00000465111	0.2432
9606.ENSP00000380037	9606.ENSP00000255764	0.31825
9606.ENSP00000375238	9606.ENSP00000332068	0.41558
9606.ENSP00000358047	9606.ENSP00000387696	0.31052
9606.ENSP00000356444	9606.ENSP00000402549	0.17575
9606.ENSP00000343052	9606.ENSP00000454891	0.48318
9606.ENSP00000294671	9606.ENSP00000412957	0.4842
9606.ENSP00000332122	9606.ENSP00000478724	0.37334
9606.ENSP00000411230	9606.ENSP00000363298	0.23779
9606.ENSP00000362409	9606.ENSP00000458042	0.4049
9606.ENSP00000384028	9606.ENSP00000419167	0.32327
9606.ENSP00000364589	9606.ENSP00000414072	0.26819
9606.ENSP00000353202	9606.ENSP00000467688	0.22419
9606.ENSP00000386212	9606.ENSP00000354674	0.40351
9606.ENSP00000209929	9606.ENSP00000317482	0.31181
9606.ENSP00000304331	9606.ENSP00000373200	0.24341
9606.ENSP00000386807	9606.ENSP00000441388	0.68575
9606.ENSP00000327628	9606.ENSP00000454697	0.64617
9606.ENSP00000331047	9606.ENSP00000330074	0.43483
9606.ENSP00000259407	9606.ENSP00000280614	0.18655
9606.ENSP00000352119	9606.ENSP00000263578	0.55729
9606.ENSP00000355736	9606.ENSP00000484776	0.27722
9606.ENSP00000242208	9606.ENSP00000472308	0.27558
9606.ENSP00000356845	9606.ENSP00000450918	0.2114
9606.ENSP00000317337	9606.ENSP00000288245	0.33812
9606.ENSP00000219235	9606.ENSP00000361952	0.56832
9606.ENSP00000300150	9606.ENSP00000453173	0.18295
9606.ENSP00000386545	9606.ENSP00000468593	0.80348
9606.ENSP00000300101	9606.ENSP00000433113	0.34329
9606.ENSP00000259873	9606.ENSP00000429374	0.36206
9606.ENSP00000379364	9606.ENSP00000321203	0.31194
9606.ENSP00000365006	9606.ENSP00000387082	0.41015
9606.ENSP00000353537	9606.ENSP00000470643	0.16283
9606.ENSP00000366206	9606.ENSP00000264560	0.39714
9606.ENSP00000264010	9606.ENSP00000442092	0.30114
9606.ENSP00000360035	9606.ENSP00000369755	0.25574
9606.ENSP00000292301	9606.ENSP00000406871	0.17043
9606.ENSP00000334869	9606.ENSP00000483111	0.35853
9606.ENSP00000357199	9606.ENSP00000313829	0.18341
9606.ENSP00000379113	9606.ENSP00000319546	0.19945
9606.ENSP00000234549	9606.ENSP00000364393	0.327
9606.ENSP00000264499	9606.ENSP00000367557	0.49775
9606.ENSP00000064724	9606.ENSP00000485381	0.2791
9606.ENSP00000290551	9606.ENSP00000356329	0.39763
9606.ENSP00000308137	9606.ENSP00000362096	0.37438
9606.ENSP00000386180	9606.ENSP00000357307	0.24139
9606.ENSP00000019103	9606.ENSP00000475098	0.14914
9606.ENSP00000325822	9606.ENSP00000399144	0.54693
9606.ENSP00000371471	9606.ENSP00000471736	0.18146
9606.ENSP00000366800	9606.ENSP00000156109	0.22959
9606.ENSP00000371201	9606.ENSP00000468517	0.22294
9606.ENSP00000281416	9606.ENSP00000382783	0.49662
9606.ENSP00000340836	9606.ENSP00000469537	0.35581
9606.ENSP00000357754	9606.ENSP00000235347	0.60945
9606.ENSP00000311398	9606.ENSP00000313384	0.37591
9606.ENSP00000008391	9606.ENSP00000472519	0.20307
9606.ENSP00000376800	9606.ENSP00000383909	0.56121
9606.ENSP00000299459	9606.ENSP00000330391	0.28217
9606.ENSP00000260408	9606.ENSP00000333329	0.2512
9606.ENSP00000330904	9606.ENSP00000386139	0.3733
9606.ENSP00000312439	9606.ENSP00000418693	0.23398
9606.ENSP00000359490	9606.ENSP00000350699	0.31669
9606.ENSP00000334006	9606.ENSP00000403274	0.36289
9606.ENSP00000358947	9606.ENSP00000358541	0.34183
9606.ENSP00000367195	9606.ENSP00000387805	0.14971
9606.ENSP00000236273	9606.ENSP00000385116	0.14976
9606.ENSP00000399076	9606.ENSP00000369682	0.15872
9606.ENSP00000349022	9606.ENSP00000334834	0.38836
9606.ENSP00000363911	9606.ENSP00000343321	0.21713
9606.ENSP00000244291	9606.ENSP00000365076	0.31659
9606.ENSP00000378717	9606.ENSP00000462523	0.33314
9606.ENSP00000359896	9606.ENSP00000368937	0.17979
9606.ENSP00000361207	9606.ENSP00000394115	0.19777
9606.ENSP00000217043	9606.ENSP00000468499	0.42159
9606.ENSP00000378739	9606.ENSP00000362896	0.32024
9606.ENSP00000369840	9606.ENSP00000318119	0.29935
9606.ENSP00000359224	9606.ENSP00000483194	0.23742
9606.ENSP00000266735	9606.ENSP00000315379	0.79224
9606.ENSP00000386195	9606.ENSP00000485630	0.23755
9606.ENSP00000345900	9606.ENSP00000454040	0.31465
9606.ENSP00000334134	9606.ENSP00000357823	0.19878
9606.ENSP00000369553	9606.ENSP00000436805	0.23197
9606.ENSP00000217381	9606.ENSP00000311712	0.3493
9606.ENSP00000378933	9606.ENSP00000395244	0.35006
9606.ENSP00000359470	9606.ENSP00000327540	0.3505
9606.ENSP00000365808	9606.ENSP00000390889	0.30858
9606.ENSP00000327468	9606.ENSP00000276173	0.39689
9606.ENSP00000242208	9606.ENSP00000479814	0.45997
9606.ENSP00000334134	9606.ENSP00000474935	0.43509
9606.ENSP00000361636	9606.ENSP00000462683	0.46251
9606.ENSP00000295927	9606.ENSP00000394844	0.51687
9606.ENSP00000295082	9606.ENSP00000266718	0.30532
9606.ENSP00000235307	9606.ENSP00000406036	0.45741
9606.ENSP00000276077	9606.ENSP00000297431	0.26655
9606.ENSP00000385250	9606.ENSP00000459898	0.4089
9606.ENSP00000351395	9606.ENSP00000359546	0.15814
9606.ENSP00000382764	9606.ENSP00000430650	0.14115
9606.ENSP00000352703	9606.ENSP00000367164	0.31766
9606.ENSP00000319305	9606.ENSP00000459485	0.49676
9606.ENSP00000469581	9606.ENSP00000354086	0.71816
9606.ENSP00000364261	9606.ENSP00000479850	0.32907
9606.ENSP00000357255	9606.ENSP00000456919	0.82758
9606.ENSP00000477665	9606.ENSP00000406702	0.27368
9606.ENSP00000300935	9606.ENSP00000345659	0.22338
9606.ENSP00000383715	9606.ENSP00000357674	0.39319
9606.ENSP00000343445	9606.ENSP00000295530	0.26409
9606.ENSP00000419934	9606.ENSP00000485107	0.41225
9606.ENSP00000377995	9606.ENSP00000283646	0.54602
9606.ENSP00000345312	9606.ENSP00000340465	0.21299
9606.ENSP00000379815	9606.ENSP00000372286	0.40385
9606.ENSP00000361275	9606.ENSP00000428418	0.28043
9606.ENSP00000358838	9606.ENSP00000458012	0.16238
9606.ENSP00000325562	9606.ENSP00000429621	0.51069
9606.ENSP00000334418	9606.ENSP00000402268	0.3507
9606.ENSP00000368710	9606.ENSP00000470314	0.57958
9606.ENSP00000429968	9606.ENSP00000396716	0.29724
9606.ENSP00000479931	9606.ENSP00000384046	0.2688
9606.ENSP00000442002	9606.ENSP00000381456	0.29927
9606.ENSP00000269724	9606.ENSP00000365817	0.20984
9606.ENSP00000306598	9606.ENSP00000248668	0.22526
9606.ENSP00000321038	9606.ENSP00000312224	0.2318
9606.ENSP00000378338	9606.ENSP00000451381	0.4964
9606.ENSP00000377900	9606.ENSP00000408487	0.13047
9606.ENSP00000309836	9606.ENSP00000464149	0.17072
9606.ENSP00000295049	9606.ENSP00000463826	0.23172
9606.ENSP00000356125	9606.ENSP00000398556	0.30553
9606.ENSP00000364831	9606.ENSP00000425497	0.1847
9606.ENSP00000310405	9606.ENSP00000427463	0.34349
9606.ENSP00000281416	9606.ENSP00000266984	0.26288
9606.ENSP00000269202	9606.ENSP00000365241	0.54296
9606.ENSP00000365687	9606.ENSP00000339090	0.13375
9606.ENSP00000367658	9606.ENSP00000451145	0.2268
9606.ENSP00000345633	9606.ENSP00000424278	0.15947
9606.ENSP00000351466	9606.ENSP00000354458	0.32375
9606.ENSP00000289473	9606.ENSP00000448828	0.33594
9606.ENSP00000379647	9606.ENSP00000477826	0.28601
9606.ENSP00000365311	9606.ENSP00000343052	0.64128
9606.ENSP00000298049	9606.ENSP00000382670	0.30916
9606.ENSP00000247883	9606.ENSP00000478568	0.3746
9606.ENSP00000347767	9606.ENSP00000365006	0.31611
9606.ENSP00000357631	9606.ENSP00000445690	0.20271
9606.ENSP00000320430	9606.ENSP00000204679	0.4595
9606.ENSP00000315070	9606.ENSP00000311862	0.24154
9606.ENSP00000361162	9606.ENSP00000406774	0.20474
9606.ENSP00000251089	9606.ENSP00000485271	0.61397
9606.ENSP00000284110	9606.ENSP00000353593	0.24077
9606.ENSP00000371985	9606.ENSP00000454016	0.37963
9606.ENSP00000345900	9606.ENSP00000474847	0.21433
9606.ENSP00000374423	9606.ENSP00000420615	0.21613
9606.ENSP00000359991	9606.ENSP00000355086	0.46131
9606.ENSP00000304071	9606.ENSP00000450447	0.271
9606.ENSP00000216211	9606.ENSP00000476302	0.24562
9606.ENSP00000366711	9606.ENSP00000472459	0.38289
9606.ENSP00000290200	9606.ENSP00000465383	0.15958
9606.ENSP00000342513	9606.ENSP00000460417	0.40812
9606.ENSP00000327268	9606.ENSP00000354813	0.38319
9606.ENSP00000289416	9606.ENSP00000341327	0.26732
9606.ENSP00000387234	9606.ENSP00000365316	0.43965
9606.ENSP00000360583	9606.ENSP00000359698	0.54037
9606.ENSP00000323595	9606.ENSP00000399336	0.22287
9606.ENSP00000430726	9606.ENSP00000408052	0.24653
9606.ENSP00000385406	9606.ENSP00000265164	0.43601
9606.ENSP00000297001	9606.ENSP00000371345	0.21367
9606.ENSP00000326259	9606.ENSP00000380958	0.24319
9606.ENSP00000327650	9606.ENSP00000432100	0.2379
9606.ENSP00000324124	9606.ENSP00000456246	0.78659
9606.ENSP00000360388	9606.ENSP00000432002	0.26488
9606.ENSP00000449016	9606.ENSP00000360709	0.30503
9606.ENSP00000264230	9606.ENSP00000476100	0.77979
9606.ENSP00000283628	9606.ENSP00000358598	0.45568
9606.ENSP00000366058	9606.ENSP00000304553	0.22746
9606.ENSP00000358358	9606.ENSP00000294753	0.21697
9606.ENSP00000451006	9606.ENSP00000464522	0.36539
9606.ENSP00000357404	9606.ENSP00000467407	0.29006
9606.ENSP00000363388	9606.ENSP00000379689	0.29922
9606.ENSP00000356720	9606.ENSP00000485072	0.60192
9606.ENSP00000264893	9606.ENSP00000278319	0.21473
9606.ENSP00000371291	9606.ENSP00000357480	0.29644
9606.ENSP00000385060	9606.ENSP00000437912	0.21999
9606.ENSP00000350222	9606.ENSP00000418346	0.28184
9606.ENSP00000387153	9606.ENSP00000406456	0.52938
9606.ENSP00000356015	9606.ENSP00000419858	0.19743
9606.ENSP00000433544	9606.ENSP00000403310	0.25773
9606.ENSP00000381553	9606.ENSP00000352639	0.23438
9606.ENSP00000351546	9606.ENSP00000446913	0.239
9606.ENSP00000307705	9606.ENSP00000477993	0.53117
9606.ENSP00000329757	9606.ENSP00000270361	0.59763
9606.ENSP00000370208	9606.ENSP00000459994	0.51186
9606.ENSP00000386357	9606.ENSP00000217426	0.25643
9606.ENSP00000260967	9606.ENSP00000406757	0.23768
9606.ENSP00000340749	9606.ENSP00000414176	0.27348
9606.ENSP00000217420	9606.ENSP00000263795	0.20686
9606.ENSP00000254260	9606.ENSP00000262713	0.21983
9606.ENSP00000365465	9606.ENSP00000426186	0.22656
9606.ENSP00000359219	9606.ENSP00000435341	0.44933
9606.ENSP00000358752	9606.ENSP00000331734	0.18643
9606.ENSP00000381070	9606.ENSP00000377028	0.185
9606.ENSP00000351619	9606.ENSP00000248958	0.24571
9606.ENSP00000339145	9606.ENSP00000355899	0.45657
9606.ENSP00000363771	9606.ENSP00000325078	0.20755
9606.ENSP00000370510	9606.ENSP00000421557	0.22258
9606.ENSP00000251630	9606.ENSP00000311290	0.3008
9606.ENSP00000265753	9606.ENSP00000346046	0.33881
9606.ENSP00000450537	9606.ENSP00000239151	0.16306
9606.ENSP00000291527	9606.ENSP00000395545	0.41361
9606.ENSP00000385823	9606.ENSP00000329689	0.30972
9606.ENSP00000408482	9606.ENSP00000426111	0.38448
9606.ENSP00000452396	9606.ENSP00000357555	0.65401
9606.ENSP00000356391	9606.ENSP00000403848	0.18456
9606.ENSP00000319141	9606.ENSP00000431189	0.39154
9606.ENSP00000258383	9606.ENSP00000326110	0.32048
9606.ENSP00000306330	9606.ENSP00000466465	0.30732
9606.ENSP00000253815	9606.ENSP00000422565	0.55441
9606.ENSP00000302763	9606.ENSP00000456440	0.18655
9606.ENSP00000224181	9606.ENSP00000354458	0.47359
9606.ENSP00000363463	9606.ENSP00000366250	0.17943
9606.ENSP00000456232	9606.ENSP00000286713	0.29353
9606.ENSP00000339238	9606.ENSP00000252015	0.55969
9606.ENSP00000341051	9606.ENSP00000447076	0.21999
9606.ENSP00000363794	9606.ENSP00000440297	0.25403
9606.ENSP00000247271	9606.ENSP00000480007	0.16692
9606.ENSP00000429779	9606.ENSP00000392334	0.27346
9606.ENSP00000387025	9606.ENSP00000480746	0.3401
9606.ENSP00000291481	9606.ENSP00000339389	0.24445
9606.ENSP00000385297	9606.ENSP00000406581	0.16341
9606.ENSP00000387153	9606.ENSP00000362101	0.74194
9606.ENSP00000330199	9606.ENSP00000204679	0.43181
9606.ENSP00000377039	9606.ENSP00000293502	0.21716
9606.ENSP00000360968	9606.ENSP00000364393	0.26037
9606.ENSP00000361152	9606.ENSP00000387312	0.23222
9606.ENSP00000251250	9606.ENSP00000450861	0.44065
9606.ENSP00000351640	9606.ENSP00000482002	0.34135
9606.ENSP00000263741	9606.ENSP00000383934	0.36157
9606.ENSP00000365435	9606.ENSP00000379282	0.20882
9606.ENSP00000248564	9606.ENSP00000369344	0.57267
9606.ENSP00000347874	9606.ENSP00000283936	0.53801
9606.ENSP00000358404	9606.ENSP00000361365	0.1699
9606.ENSP00000356113	9606.ENSP00000387062	0.20046
9606.ENSP00000326309	9606.ENSP00000385770	0.90067
9606.ENSP00000375267	9606.ENSP00000474897	0.50743
9606.ENSP00000253496	9606.ENSP00000391278	0.40561
9606.ENSP00000262948	9606.ENSP00000335503	0.8283
9606.ENSP00000469913	9606.ENSP00000467145	0.68808
9606.ENSP00000357840	9606.ENSP00000249041	0.26545
9606.ENSP00000362788	9606.ENSP00000403421	0.26021
9606.ENSP00000342493	9606.ENSP00000389278	0.47912
9606.ENSP00000215773	9606.ENSP00000477216	0.53554
9606.ENSP00000386223	9606.ENSP00000301904	0.15952
9606.ENSP00000380196	9606.ENSP00000362036	0.55732
9606.ENSP00000388258	9606.ENSP00000466640	0.29083
9606.ENSP00000337853	9606.ENSP00000432103	0.21868
9606.ENSP00000359371	9606.ENSP00000485248	0.25475
9606.ENSP00000387015	9606.ENSP00000432510	0.2618
9606.ENSP00000356567	9606.ENSP00000375883	0.47626
9606.ENSP00000359392	9606.ENSP00000384092	0.22982
9606.ENSP00000298181	9606.ENSP00000413423	0.44726
9606.ENSP00000397041	9606.ENSP00000434790	0.53116
9606.ENSP00000355994	9606.ENSP00000365316	0.16983
9606.ENSP00000372059	9606.ENSP00000420354	0.43464
9606.ENSP00000263774	9606.ENSP00000263776	0.36293
9606.ENSP00000293889	9606.ENSP00000453492	0.30119
9606.ENSP00000363812	9606.ENSP00000382349	0.20114
9606.ENSP00000351136	9606.ENSP00000445471	0.17251
9606.ENSP00000315397	9606.ENSP00000426176	0.17269
9606.ENSP00000291633	9606.ENSP00000438015	0.38967
9606.ENSP00000387148	9606.ENSP00000385397	0.43885
9606.ENSP00000285667	9606.ENSP00000401314	0.24693
9606.ENSP00000383096	9606.ENSP00000331295	0.29875
9606.ENSP00000358931	9606.ENSP00000367453	0.70619
9606.ENSP00000363794	9606.ENSP00000365775	0.44165
9606.ENSP00000369636	9606.ENSP00000386983	0.1732
9606.ENSP00000451340	9606.ENSP00000442210	0.31852
9606.ENSP00000371264	9606.ENSP00000411846	0.13817
9606.ENSP00000356052	9606.ENSP00000457904	0.58114
9606.ENSP00000233948	9606.ENSP00000461358	0.19909
9606.ENSP00000357768	9606.ENSP00000263102	0.41361
9606.ENSP00000253063	9606.ENSP00000305403	0.24434
9606.ENSP00000367564	9606.ENSP00000296877	0.62341
9606.ENSP00000275230	9606.ENSP00000485085	0.46333
9606.ENSP00000386385	9606.ENSP00000391528	0.27311
9606.ENSP00000344658	9606.ENSP00000408146	0.29038
9606.ENSP00000336661	9606.ENSP00000467631	0.20546
9606.ENSP00000302441	9606.ENSP00000471378	0.23243
9606.ENSP00000365603	9606.ENSP00000478287	0.25599
9606.ENSP00000356073	9606.ENSP00000474391	0.17624
9606.ENSP00000387252	9606.ENSP00000422466	0.45741
9606.ENSP00000358413	9606.ENSP00000451028	0.32132
9606.ENSP00000361768	9606.ENSP00000473381	0.21765
9606.ENSP00000307822	9606.ENSP00000344808	0.23651
9606.ENSP00000361547	9606.ENSP00000437403	0.09334
9606.ENSP00000359784	9606.ENSP00000281416	0.41903
9606.ENSP00000309653	9606.ENSP00000362610	0.21679
9606.ENSP00000297001	9606.ENSP00000292513	0.15805
9606.ENSP00000355430	9606.ENSP00000419539	0.34041
9606.ENSP00000324958	9606.ENSP00000379037	0.22395
9606.ENSP00000354201	9606.ENSP00000369850	0.22815
9606.ENSP00000361721	9606.ENSP00000391700	0.43007
9606.ENSP00000386209	9606.ENSP00000361662	0.44741
9606.ENSP00000230732	9606.ENSP00000361998	0.22541
9606.ENSP00000361156	9606.ENSP00000432491	0.34476
9606.ENSP00000302144	9606.ENSP00000363322	0.36312
9606.ENSP00000466052	9606.ENSP00000275461	0.48812
9606.ENSP00000272233	9606.ENSP00000404285	0.46898
9606.ENSP00000316628	9606.ENSP00000398861	0.34646
9606.ENSP00000294485	9606.ENSP00000449325	0.23279
9606.ENSP00000259467	9606.ENSP00000375148	0.13099
9606.ENSP00000255764	9606.ENSP00000429264	0.33881
9606.ENSP00000328245	9606.ENSP00000348242	0.18751
9606.ENSP00000322419	9606.ENSP00000479055	0.60896
9606.ENSP00000395872	9606.ENSP00000391278	0.25827
9606.ENSP00000350075	9606.ENSP00000436682	0.34047
9606.ENSP00000380151	9606.ENSP00000307801	0.23897
9606.ENSP00000269834	9606.ENSP00000439165	0.17001
9606.ENSP00000375238	9606.ENSP00000473461	0.1316
9606.ENSP00000355437	9606.ENSP00000269856	0.27026
9606.ENSP00000300851	9606.ENSP00000435478	0.61337
9606.ENSP00000327506	9606.ENSP00000435534	0.38656
9606.ENSP00000359221	9606.ENSP00000369380	0.22453
9606.ENSP00000262651	9606.ENSP00000483414	0.19146
9606.ENSP00000367300	9606.ENSP00000450609	0.23181
9606.ENSP00000361076	9606.ENSP00000362729	0.23509
9606.ENSP00000386074	9606.ENSP00000335620	0.42157
9606.ENSP00000294600	9606.ENSP00000381436	0.29359
9606.ENSP00000364984	9606.ENSP00000347626	0.40791
9606.ENSP00000302413	9606.ENSP00000325681	0.24373
9606.ENSP00000357199	9606.ENSP00000301305	0.28819
9606.ENSP00000371770	9606.ENSP00000381436	0.22483
9606.ENSP00000327316	9606.ENSP00000035307	0.30859
9606.ENSP00000376349	9606.ENSP00000302144	0.17084
9606.ENSP00000225550	9606.ENSP00000443133	0.40858
9606.ENSP00000334276	9606.ENSP00000416195	0.22669
9606.ENSP00000331691	9606.ENSP00000403310	0.1447
9606.ENSP00000333108	9606.ENSP00000342697	0.17443
9606.ENSP00000436811	9606.ENSP00000448229	0.20597
9606.ENSP00000340748	9606.ENSP00000433459	0.14397
9606.ENSP00000342448	9606.ENSP00000474418	0.15711
9606.ENSP00000353796	9606.ENSP00000324687	0.30948
9606.ENSP00000309812	9606.ENSP00000386166	0.28878
9606.ENSP00000385770	9606.ENSP00000261811	0.85339
9606.ENSP00000428952	9606.ENSP00000386200	0.42239
9606.ENSP00000259467	9606.ENSP00000409653	0.30207
9606.ENSP00000299238	9606.ENSP00000361486	0.21891
9606.ENSP00000384701	9606.ENSP00000485085	0.18796
9606.ENSP00000261888	9606.ENSP00000295095	0.30576
9606.ENSP00000360884	9606.ENSP00000401879	0.2314
9606.ENSP00000355421	9606.ENSP00000333108	0.48977
9606.ENSP00000313936	9606.ENSP00000376256	0.37766
9606.ENSP00000389455	9606.ENSP00000260682	0.53307
9606.ENSP00000383682	9606.ENSP00000410758	0.2971
9606.ENSP00000369571	9606.ENSP00000327589	0.46169
9606.ENSP00000367193	9606.ENSP00000282572	0.37778
9606.ENSP00000345195	9606.ENSP00000449736	0.55328
9606.ENSP00000218721	9606.ENSP00000375973	0.23151
9606.ENSP00000386241	9606.ENSP00000466684	0.19866
9606.ENSP00000307879	9606.ENSP00000385388	0.66951
9606.ENSP00000358851	9606.ENSP00000375656	0.21445
9606.ENSP00000312470	9606.ENSP00000369349	0.22469
9606.ENSP00000365830	9606.ENSP00000328928	0.44277
9606.ENSP00000357588	9606.ENSP00000360379	0.31323
9606.ENSP00000345444	9606.ENSP00000357660	0.45605
9606.ENSP00000265641	9606.ENSP00000440012	0.33502
9606.ENSP00000346536	9606.ENSP00000431632	0.31652
9606.ENSP00000345156	9606.ENSP00000275569	0.15579
9606.ENSP00000389437	9606.ENSP00000356527	0.40723
9606.ENSP00000308354	9606.ENSP00000462041	0.17619
9606.ENSP00000234961	9606.ENSP00000456171	0.23175
9606.ENSP00000362435	9606.ENSP00000351466	0.38574
9606.ENSP00000310015	9606.ENSP00000235150	0.2703
9606.ENSP00000387152	9606.ENSP00000450537	0.20418
9606.ENSP00000303942	9606.ENSP00000478550	0.18971
9606.ENSP00000331965	9606.ENSP00000262843	0.44898
9606.ENSP00000282074	9606.ENSP00000346255	0.24345
9606.ENSP00000297873	9606.ENSP00000302606	0.20961
9606.ENSP00000355441	9606.ENSP00000464964	0.2255
9606.ENSP00000366098	9606.ENSP00000419271	0.38604
9606.ENSP00000369409	9606.ENSP00000439036	0.26857
9606.ENSP00000331827	9606.ENSP00000431117	0.47332
9606.ENSP00000330384	9606.ENSP00000467631	0.24841
9606.ENSP00000321187	9606.ENSP00000371554	0.49144
9606.ENSP00000259211	9606.ENSP00000429717	0.30337
9606.ENSP00000321573	9606.ENSP00000461723	0.45541
9606.ENSP00000242323	9606.ENSP00000364653	0.64967
9606.ENSP00000308137	9606.ENSP00000424403	0.37432
9606.ENSP00000351430	9606.ENSP00000378089	0.31652
9606.ENSP00000342759	9606.ENSP00000263256	0.44366
9606.ENSP00000322191	9606.ENSP00000388738	0.37504
9606.ENSP00000389082	9606.ENSP00000430895	0.28684
9606.ENSP00000219700	9606.ENSP00000452265	0.3456
9606.ENSP00000387062	9606.ENSP00000261615	0.22936
9606.ENSP00000360937	9606.ENSP00000361284	0.21986
9606.ENSP00000259748	9606.ENSP00000377381	0.39958
9606.ENSP00000285106	9606.ENSP00000465933	0.39152
9606.ENSP00000361469	9606.ENSP00000226004	0.43544
9606.ENSP00000297564	9606.ENSP00000335223	0.05012
9606.ENSP00000235090	9606.ENSP00000160262	0.33906
9606.ENSP00000366955	9606.ENSP00000466158	0.10179
9606.ENSP00000281828	9606.ENSP00000311401	0.19247
9606.ENSP00000339477	9606.ENSP00000477992	0.18161
9606.ENSP00000357676	9606.ENSP00000453885	0.36495
9606.ENSP00000271638	9606.ENSP00000378539	0.56987
9606.ENSP00000330327	9606.ENSP00000393233	0.28427
9606.ENSP00000240189	9606.ENSP00000436232	0.26317
9606.ENSP00000356981	9606.ENSP00000383411	0.21785
9606.ENSP00000297071	9606.ENSP00000400591	0.37245
9606.ENSP00000317177	9606.ENSP00000478550	0.18464
9606.ENSP00000306574	9606.ENSP00000286639	0.46611
9606.ENSP00000283025	9606.ENSP00000485090	0.37024
9606.ENSP00000389161	9606.ENSP00000296555	0.21132
9606.ENSP00000303766	9606.ENSP00000433005	0.36334
9606.ENSP00000235307	9606.ENSP00000443192	0.65142
9606.ENSP00000371471	9606.ENSP00000456274	0.39962
9606.ENSP00000381081	9606.ENSP00000453264	0.59391
9606.ENSP00000357564	9606.ENSP00000433704	0.40615
9606.ENSP00000313995	9606.ENSP00000460572	0.21766
9606.ENSP00000246549	9606.ENSP00000382250	0.41563
9606.ENSP00000266984	9606.ENSP00000364240	0.2892
9606.ENSP00000007390	9606.ENSP00000473868	0.36102
9606.ENSP00000330199	9606.ENSP00000359396	0.69214
9606.ENSP00000240727	9606.ENSP00000302938	0.68231
9606.ENSP00000387673	9606.ENSP00000366051	0.48225
9606.ENSP00000363513	9606.ENSP00000428648	0.59426
9606.ENSP00000234347	9606.ENSP00000483764	0.33275
9606.ENSP00000383030	9606.ENSP00000361275	0.31402
9606.ENSP00000477826	9606.ENSP00000317159	0.46631
9606.ENSP00000086933	9606.ENSP00000425667	0.13993
9606.ENSP00000356713	9606.ENSP00000386139	0.56845
9606.ENSP00000462687	9606.ENSP00000463058	0.30771
9606.ENSP00000342755	9606.ENSP00000335027	0.38039
9606.ENSP00000367049	9606.ENSP00000413139	0.72452
9606.ENSP00000352424	9606.ENSP00000327386	0.46409
9606.ENSP00000219334	9606.ENSP00000438410	0.24129
9606.ENSP00000280057	9606.ENSP00000219700	0.28057
9606.ENSP00000333952	9606.ENSP00000401974	0.68314
9606.ENSP00000380152	9606.ENSP00000334393	0.17277
9606.ENSP00000321290	9606.ENSP00000485600	0.73245
9606.ENSP00000297307	9606.ENSP00000418957	0.38971
9606.ENSP00000387065	9606.ENSP00000360764	0.28994
9606.ENSP00000284674	9606.ENSP00000356909	0.37322
9606.ENSP00000330746	9606.ENSP00000364742	1.0
9606.ENSP00000471360	9606.ENSP00000230050	0.20708
9606.ENSP00000386038	9606.ENSP00000444962	0.36231
9606.ENSP00000433170	9606.ENSP00000387688	0.4618
9606.ENSP00000422772	9606.ENSP00000481646	0.54823
9606.ENSP00000361518	9606.ENSP00000438035	0.28979
9606.ENSP00000389089	9606.ENSP00000464655	0.30022
9606.ENSP00000008938	9606.ENSP00000359894	0.33633
9606.ENSP00000379183	9606.ENSP00000301698	0.33323
9606.ENSP00000229471	9606.ENSP00000475319	0.28636
9606.ENSP00000307006	9606.ENSP00000264234	0.28837
9606.ENSP00000301921	9606.ENSP00000428767	0.20672
9606.ENSP00000358040	9606.ENSP00000446872	0.57137
9606.ENSP00000358838	9606.ENSP00000235347	0.42055
9606.ENSP00000357737	9606.ENSP00000342100	0.84929
9606.ENSP00000295881	9606.ENSP00000348838	0.40373
9606.ENSP00000295256	9606.ENSP00000434211	0.35145
9606.ENSP00000377427	9606.ENSP00000359488	0.19772
9606.ENSP00000302234	9606.ENSP00000284674	0.54632
9606.ENSP00000356909	9606.ENSP00000432648	0.191
9606.ENSP00000330426	9606.ENSP00000451569	0.26937
9606.ENSP00000382992	9606.ENSP00000426399	0.18765
9606.ENSP00000386959	9606.ENSP00000296577	0.20424
9606.ENSP00000268793	9606.ENSP00000456728	0.30565
9606.ENSP00000390031	9606.ENSP00000369409	0.52555
9606.ENSP00000370874	9606.ENSP00000389149	0.39226
9606.ENSP00000296220	9606.ENSP00000365926	0.67417
9606.ENSP00000328016	9606.ENSP00000325421	0.22256
9606.ENSP00000234313	9606.ENSP00000281243	0.31015
9606.ENSP00000467256	9606.ENSP00000426398	0.20235
9606.ENSP00000362395	9606.ENSP00000420362	0.20533
9606.ENSP00000386500	9606.ENSP00000379181	0.56106
9606.ENSP00000264834	9606.ENSP00000303325	0.24137
9606.ENSP00000371790	9606.ENSP00000420168	0.21094
9606.ENSP00000321026	9606.ENSP00000327968	0.21433
9606.ENSP00000298355	9606.ENSP00000328596	0.46594
9606.ENSP00000353597	9606.ENSP00000403839	0.39527
9606.ENSP00000365063	9606.ENSP00000455422	0.19151
9606.ENSP00000368990	9606.ENSP00000382684	0.30501
9606.ENSP00000315397	9606.ENSP00000366738	0.47898
9606.ENSP00000358838	9606.ENSP00000419920	0.35224
9606.ENSP00000356713	9606.ENSP00000476369	0.20622
9606.ENSP00000357153	9606.ENSP00000459552	0.19509
9606.ENSP00000260443	9606.ENSP00000385015	0.43683
9606.ENSP00000364938	9606.ENSP00000316042	0.13056
9606.ENSP00000310042	9606.ENSP00000353554	0.22469
9606.ENSP00000350256	9606.ENSP00000356792	0.46232
9606.ENSP00000326110	9606.ENSP00000263408	0.46507
9606.ENSP00000322754	9606.ENSP00000386752	0.32894
9606.ENSP00000296776	9606.ENSP00000484853	0.28272
9606.ENSP00000358299	9606.ENSP00000357769	0.48474
9606.ENSP00000177742	9606.ENSP00000355919	0.43941
9606.ENSP00000222726	9606.ENSP00000294309	0.41454
9606.ENSP00000297564	9606.ENSP00000397942	0.43717
9606.ENSP00000339835	9606.ENSP00000465593	0.72586
9606.ENSP00000362131	9606.ENSP00000479850	0.23163
9606.ENSP00000388723	9606.ENSP00000369098	0.21465
9606.ENSP00000334115	9606.ENSP00000280326	0.30106
9606.ENSP00000326294	9606.ENSP00000428184	0.26961
9606.ENSP00000251170	9606.ENSP00000477527	0.66202
9606.ENSP00000361244	9606.ENSP00000343809	0.22553
9606.ENSP00000354884	9606.ENSP00000348799	0.31786
9606.ENSP00000292314	9606.ENSP00000255039	0.329
9606.ENSP00000255082	9606.ENSP00000266086	0.37721
9606.ENSP00000334044	9606.ENSP00000307132	0.18607
9606.ENSP00000287474	9606.ENSP00000293330	0.64676
9606.ENSP00000220325	9606.ENSP00000378487	0.36366
9606.ENSP00000303394	9606.ENSP00000450856	0.19652
9606.ENSP00000343445	9606.ENSP00000394756	0.34112
9606.ENSP00000387662	9606.ENSP00000289753	0.33227
9606.ENSP00000388126	9606.ENSP00000336741	0.25853
9606.ENSP00000348435	9606.ENSP00000364782	0.22093
9606.ENSP00000339844	9606.ENSP00000266735	0.396
9606.ENSP00000389281	9606.ENSP00000293922	0.26526
9606.ENSP00000303351	9606.ENSP00000424365	0.24239
9606.ENSP00000281589	9606.ENSP00000385374	0.44431
9606.ENSP00000326371	9606.ENSP00000342007	0.15514
9606.ENSP00000319341	9606.ENSP00000406561	0.34794
9606.ENSP00000374234	9606.ENSP00000321853	0.34476
9606.ENSP00000320347	9606.ENSP00000437880	0.49963
9606.ENSP00000290722	9606.ENSP00000339256	0.18635
9606.ENSP00000216540	9606.ENSP00000385893	0.31018
9606.ENSP00000345721	9606.ENSP00000446554	0.44165
9606.ENSP00000055077	9606.ENSP00000435371	0.26957
9606.ENSP00000308750	9606.ENSP00000420647	0.25988
9606.ENSP00000341045	9606.ENSP00000397924	0.14642
9606.ENSP00000352710	9606.ENSP00000357565	0.2914
9606.ENSP00000353246	9606.ENSP00000423916	0.15365
9606.ENSP00000476107	9606.ENSP00000328327	0.2521
9606.ENSP00000360381	9606.ENSP00000462545	0.33718
9606.ENSP00000310117	9606.ENSP00000331211	0.41876
9606.ENSP00000379267	9606.ENSP00000236147	0.25822
9606.ENSP00000315152	9606.ENSP00000361944	0.43262
9606.ENSP00000371929	9606.ENSP00000347309	0.38377
9606.ENSP00000370493	9606.ENSP00000403801	0.5148
9606.ENSP00000376539	9606.ENSP00000334463	0.28075
9606.ENSP00000306640	9606.ENSP00000452568	0.17017
9606.ENSP00000286307	9606.ENSP00000361998	0.20115
9606.ENSP00000229708	9606.ENSP00000163416	0.43637
9606.ENSP00000366223	9606.ENSP00000268042	0.46534
9606.ENSP00000265354	9606.ENSP00000426454	0.22761
9606.ENSP00000278765	9606.ENSP00000472655	0.47082
9606.ENSP00000257572	9606.ENSP00000435634	0.7326
9606.ENSP00000360756	9606.ENSP00000403755	0.55559
9606.ENSP00000342656	9606.ENSP00000261438	0.42604
9606.ENSP00000387261	9606.ENSP00000375994	0.37431
9606.ENSP00000332163	9606.ENSP00000441946	0.70756
9606.ENSP00000306003	9606.ENSP00000384368	0.86357
9606.ENSP00000204801	9606.ENSP00000216190	0.24178
9606.ENSP00000347626	9606.ENSP00000416066	0.22901
9606.ENSP00000291670	9606.ENSP00000257068	0.286
9606.ENSP00000270361	9606.ENSP00000248668	0.22955
9606.ENSP00000363985	9606.ENSP00000448722	0.42082
9606.ENSP00000323678	9606.ENSP00000401853	0.22747
9606.ENSP00000359464	9606.ENSP00000346987	0.70014
9606.ENSP00000379181	9606.ENSP00000399705	0.39028
9606.ENSP00000288228	9606.ENSP00000380152	0.19897
9606.ENSP00000378514	9606.ENSP00000409225	0.48382
9606.ENSP00000382231	9606.ENSP00000466302	0.77048
9606.ENSP00000338258	9606.ENSP00000258672	0.3349
9606.ENSP00000366999	9606.ENSP00000458184	0.69201
9606.ENSP00000259357	9606.ENSP00000485405	0.27038
9606.ENSP00000362859	9606.ENSP00000357898	0.33788
9606.ENSP00000350005	9606.ENSP00000466147	0.4796
9606.ENSP00000196482	9606.ENSP00000478061	0.3064
9606.ENSP00000325562	9606.ENSP00000361469	0.73075
9606.ENSP00000378905	9606.ENSP00000410925	0.32971
9606.ENSP00000377545	9606.ENSP00000322439	0.25909
9606.ENSP00000362621	9606.ENSP00000464883	0.23817
9606.ENSP00000345777	9606.ENSP00000357545	0.2874
9606.ENSP00000354865	9606.ENSP00000356212	0.25027
9606.ENSP00000278927	9606.ENSP00000276571	0.37497
9606.ENSP00000362334	9606.ENSP00000454340	0.33874
9606.ENSP00000355779	9606.ENSP00000415658	0.17467
9606.ENSP00000313995	9606.ENSP00000301336	0.15656
9606.ENSP00000280358	9606.ENSP00000321338	0.42181
9606.ENSP00000261448	9606.ENSP00000428566	0.35351
9606.ENSP00000257181	9606.ENSP00000436218	0.42817
9606.ENSP00000229633	9606.ENSP00000393165	0.59391
9606.ENSP00000320236	9606.ENSP00000258424	0.30598
9606.ENSP00000064724	9606.ENSP00000424685	0.26118
9606.ENSP00000346012	9606.ENSP00000365924	0.59697
9606.ENSP00000323423	9606.ENSP00000384701	0.21693
9606.ENSP00000332198	9606.ENSP00000436731	0.42544
9606.ENSP00000350961	9606.ENSP00000449319	0.60743
9606.ENSP00000380102	9606.ENSP00000416594	0.24761
9606.ENSP00000223193	9606.ENSP00000330612	0.42496
9606.ENSP00000239938	9606.ENSP00000430193	0.19552
9606.ENSP00000385614	9606.ENSP00000386545	0.17865
9606.ENSP00000389948	9606.ENSP00000287957	0.16025
9606.ENSP00000354674	9606.ENSP00000366157	0.25297
9606.ENSP00000388263	9606.ENSP00000420397	0.19126
9606.ENSP00000367293	9606.ENSP00000272367	0.47399
9606.ENSP00000364076	9606.ENSP00000267328	0.19031
9606.ENSP00000360055	9606.ENSP00000341843	0.29443
9606.ENSP00000380465	9606.ENSP00000429787	0.19724
9606.ENSP00000329846	9606.ENSP00000460439	0.29432
9606.ENSP00000367664	9606.ENSP00000464163	0.38876
9606.ENSP00000303077	9606.ENSP00000249299	0.60555
9606.ENSP00000354728	9606.ENSP00000351043	0.17406
9606.ENSP00000384579	9606.ENSP00000452353	0.69529
9606.ENSP00000359899	9606.ENSP00000358409	0.46633
9606.ENSP00000365169	9606.ENSP00000466266	0.29935
9606.ENSP00000295704	9606.ENSP00000419944	0.472
9606.ENSP00000386374	9606.ENSP00000359221	0.20373
9606.ENSP00000363746	9606.ENSP00000367444	0.41717
9606.ENSP00000355979	9606.ENSP00000479637	0.41361
9606.ENSP00000348632	9606.ENSP00000415375	0.26153
9606.ENSP00000361376	9606.ENSP00000485323	0.49392
9606.ENSP00000387149	9606.ENSP00000351395	0.31933
9606.ENSP00000368077	9606.ENSP00000483930	0.71239
9606.ENSP00000358721	9606.ENSP00000446054	0.3613
9606.ENSP00000354163	9606.ENSP00000476302	0.20996
9606.ENSP00000364763	9606.ENSP00000393417	0.50086
9606.ENSP00000324304	9606.ENSP00000334330	0.59483
9606.ENSP00000311307	9606.ENSP00000337513	0.24724
9606.ENSP00000331087	9606.ENSP00000370067	0.28778
9606.ENSP00000286353	9606.ENSP00000259989	0.39889
9606.ENSP00000361540	9606.ENSP00000419031	0.19002
9606.ENSP00000258424	9606.ENSP00000367934	0.28432
9606.ENSP00000053468	9606.ENSP00000440793	0.50528
9606.ENSP00000296318	9606.ENSP00000263326	0.5815
9606.ENSP00000242994	9606.ENSP00000301327	0.19703
9606.ENSP00000267525	9606.ENSP00000254627	0.21622
9606.ENSP00000369573	9606.ENSP00000429892	0.33707
9606.ENSP00000362888	9606.ENSP00000400433	0.28646
9606.ENSP00000274711	9606.ENSP00000262971	0.17752
9606.ENSP00000469346	9606.ENSP00000411295	0.57052
9606.ENSP00000371512	9606.ENSP00000431851	0.15552
9606.ENSP00000362058	9606.ENSP00000432292	0.55649
9606.ENSP00000385137	9606.ENSP00000325065	0.29767
9606.ENSP00000386193	9606.ENSP00000359380	0.20645
9606.ENSP00000369573	9606.ENSP00000479624	0.1677
9606.ENSP00000299601	9606.ENSP00000328232	0.21435
9606.ENSP00000413875	9606.ENSP00000347836	0.42464
9606.ENSP00000385018	9606.ENSP00000451345	0.15988
9606.ENSP00000344545	9606.ENSP00000405931	0.58366
9606.ENSP00000359202	9606.ENSP00000414191	0.27614
9606.ENSP00000303999	9606.ENSP00000413473	0.67385
9606.ENSP00000379702	9606.ENSP00000433005	0.52069
9606.ENSP00000323065	9606.ENSP00000358464	0.36812
9606.ENSP00000267512	9606.ENSP00000411807	0.16483
9606.ENSP00000334721	9606.ENSP00000451894	0.27426
9606.ENSP00000217381	9606.ENSP00000423646	0.15615
9606.ENSP00000324557	9606.ENSP00000388332	0.53221
9606.ENSP00000377958	9606.ENSP00000405912	0.23994
9606.ENSP00000375080	9606.ENSP00000467144	0.40347
9606.ENSP00000233055	9606.ENSP00000455452	0.18827
9606.ENSP00000330343	9606.ENSP00000361405	0.63559
9606.ENSP00000360475	9606.ENSP00000358525	0.2942
9606.ENSP00000312893	9606.ENSP00000361059	0.30382
9606.ENSP00000064571	9606.ENSP00000385015	0.42114
9606.ENSP00000361337	9606.ENSP00000467075	0.6322
9606.ENSP00000364265	9606.ENSP00000355644	0.15509
9606.ENSP00000335006	9606.ENSP00000464061	0.54691
9606.ENSP00000297534	9606.ENSP00000357535	0.39797
9606.ENSP00000262109	9606.ENSP00000467224	0.26432
9606.ENSP00000330391	9606.ENSP00000442092	0.3673
9606.ENSP00000428581	9606.ENSP00000360498	0.5002
9606.ENSP00000354886	9606.ENSP00000456894	0.35952
9606.ENSP00000085068	9606.ENSP00000427095	0.51754
9606.ENSP00000357301	9606.ENSP00000452675	0.2496
9606.ENSP00000348784	9606.ENSP00000239125	0.18377
9606.ENSP00000427198	9606.ENSP00000446451	0.20446
9606.ENSP00000359522	9606.ENSP00000318960	0.18681
9606.ENSP00000381247	9606.ENSP00000253407	0.17015
9606.ENSP00000289388	9606.ENSP00000433704	0.22119
9606.ENSP00000217386	9606.ENSP00000280876	0.58323
9606.ENSP00000361592	9606.ENSP00000389412	0.30399
9606.ENSP00000359474	9606.ENSP00000444143	0.30403
9606.ENSP00000384130	9606.ENSP00000227665	0.23651
9606.ENSP00000360973	9606.ENSP00000323740	0.23966
9606.ENSP00000265717	9606.ENSP00000448408	0.21433
9606.ENSP00000303077	9606.ENSP00000353483	0.18757
9606.ENSP00000319179	9606.ENSP00000381937	0.19226
9606.ENSP00000308689	9606.ENSP00000330032	0.17828
9606.ENSP00000335575	9606.ENSP00000471757	0.16199
9606.ENSP00000221486	9606.ENSP00000430157	0.25489
9606.ENSP00000387833	9606.ENSP00000403727	0.58444
9606.ENSP00000284523	9606.ENSP00000482491	0.14102
9606.ENSP00000307674	9606.ENSP00000352643	0.28456
9606.ENSP00000238994	9606.ENSP00000373235	0.34911
9606.ENSP00000293261	9606.ENSP00000428418	0.15784
9606.ENSP00000358779	9606.ENSP00000385614	0.3553
9606.ENSP00000333684	9606.ENSP00000436004	0.30924
9606.ENSP00000278765	9606.ENSP00000431451	0.40239
9606.ENSP00000266556	9606.ENSP00000462062	0.20272
9606.ENSP00000235307	9606.ENSP00000363386	0.33225
9606.ENSP00000331720	9606.ENSP00000431867	0.38699
9606.ENSP00000284311	9606.ENSP00000303822	0.22923
9606.ENSP00000359735	9606.ENSP00000324810	0.41361
9606.ENSP00000301659	9606.ENSP00000421463	0.36704
9606.ENSP00000359607	9606.ENSP00000435120	0.25832
9606.ENSP00000318142	9606.ENSP00000392047	0.25519
9606.ENSP00000278572	9606.ENSP00000282999	0.33297
9606.ENSP00000309338	9606.ENSP00000369786	0.25654
9606.ENSP00000375053	9606.ENSP00000479976	0.16946
9606.ENSP00000323555	9606.ENSP00000306106	0.29774
9606.ENSP00000248150	9606.ENSP00000461063	0.67733
9606.ENSP00000309285	9606.ENSP00000383474	0.56258
9606.ENSP00000332473	9606.ENSP00000359836	0.20033
9606.ENSP00000308275	9606.ENSP00000361928	0.54623
9606.ENSP00000263126	9606.ENSP00000320236	0.2978
9606.ENSP00000342181	9606.ENSP00000426873	0.26779
9606.ENSP00000357051	9606.ENSP00000440375	0.23041
9606.ENSP00000264001	9606.ENSP00000401733	0.47173
9606.ENSP00000303096	9606.ENSP00000429065	0.39197
9606.ENSP00000349022	9606.ENSP00000263321	0.27146
9606.ENSP00000204961	9606.ENSP00000468294	0.25459
9606.ENSP00000376799	9606.ENSP00000452103	0.17409
9606.ENSP00000370595	9606.ENSP00000452104	0.21918
9606.ENSP00000333952	9606.ENSP00000442308	0.72378
9606.ENSP00000355719	9606.ENSP00000403000	0.40354
9606.ENSP00000369371	9606.ENSP00000434260	0.35522
9606.ENSP00000357134	9606.ENSP00000297991	0.22429
9606.ENSP00000259271	9606.ENSP00000229328	0.40519
9606.ENSP00000363913	9606.ENSP00000297875	0.35541
9606.ENSP00000259526	9606.ENSP00000418406	0.52579
9606.ENSP00000389161	9606.ENSP00000464348	0.50476
9606.ENSP00000323555	9606.ENSP00000410470	0.18546
9606.ENSP00000379087	9606.ENSP00000252244	0.43407
9606.ENSP00000362728	9606.ENSP00000334996	0.21628
9606.ENSP00000345487	9606.ENSP00000485448	0.56023
9606.ENSP00000381486	9606.ENSP00000357727	0.29625
9606.ENSP00000379753	9606.ENSP00000455890	0.2092
9606.ENSP00000334287	9606.ENSP00000390376	0.65994
9606.ENSP00000357676	9606.ENSP00000364013	0.2139
9606.ENSP00000347213	9606.ENSP00000404728	0.21983
9606.ENSP00000303129	9606.ENSP00000387153	0.49711
9606.ENSP00000344101	9606.ENSP00000466383	0.20533
9606.ENSP00000373326	9606.ENSP00000376224	0.23521
9606.ENSP00000335565	9606.ENSP00000368697	0.21966
9606.ENSP00000229955	9606.ENSP00000467939	0.44145
9606.ENSP00000327314	9606.ENSP00000420638	0.2074
9606.ENSP00000366387	9606.ENSP00000367429	0.65438
9606.ENSP00000328511	9606.ENSP00000476619	0.20885
9606.ENSP00000352265	9606.ENSP00000354884	0.24126
9606.ENSP00000367470	9606.ENSP00000333952	0.435
9606.ENSP00000229758	9606.ENSP00000403660	0.23404
9606.ENSP00000360320	9606.ENSP00000467126	0.27471
9606.ENSP00000222690	9606.ENSP00000297913	0.3505
9606.ENSP00000301825	9606.ENSP00000364986	0.30891
9606.ENSP00000375093	9606.ENSP00000261226	0.26248
9606.ENSP00000259206	9606.ENSP00000294454	0.26916
9606.ENSP00000301464	9606.ENSP00000433408	0.45135
9606.ENSP00000293894	9606.ENSP00000454561	0.50206
9606.ENSP00000308546	9606.ENSP00000207457	0.2645
9606.ENSP00000374562	9606.ENSP00000456861	0.68032
9606.ENSP00000264639	9606.ENSP00000362334	0.47514
9606.ENSP00000370965	9606.ENSP00000478289	0.51501
9606.ENSP00000385204	9606.ENSP00000396360	0.43664
9606.ENSP00000357072	9606.ENSP00000341051	0.32015
9606.ENSP00000282878	9606.ENSP00000390591	0.38581
9606.ENSP00000410059	9606.ENSP00000368345	0.49305
9606.ENSP00000266068	9606.ENSP00000366365	0.27757
9606.ENSP00000389655	9606.ENSP00000434165	0.25479
9606.ENSP00000317159	9606.ENSP00000384962	0.69407
9606.ENSP00000252245	9606.ENSP00000350725	0.2102
9606.ENSP00000334456	9606.ENSP00000259396	0.30184
9606.ENSP00000298492	9606.ENSP00000454697	0.19975
9606.ENSP00000256495	9606.ENSP00000366901	0.27861
9606.ENSP00000357204	9606.ENSP00000297303	0.57823
9606.ENSP00000259467	9606.ENSP00000002165	0.25846
9606.ENSP00000362610	9606.ENSP00000330720	0.4802
9606.ENSP00000355884	9606.ENSP00000427572	0.59059
9606.ENSP00000387613	9606.ENSP00000361871	0.59098
9606.ENSP00000323612	9606.ENSP00000481559	0.13873
9606.ENSP00000362463	9606.ENSP00000314608	0.61115
9606.ENSP00000367219	9606.ENSP00000357075	0.20593
9606.ENSP00000381081	9606.ENSP00000394045	0.65229
9606.ENSP00000358136	9606.ENSP00000442407	0.24083
9606.ENSP00000350881	9606.ENSP00000387805	0.53343
9606.ENSP00000372126	9606.ENSP00000230122	0.69288
9606.ENSP00000277942	9606.ENSP00000264198	0.21138
9606.ENSP00000370770	9606.ENSP00000433600	0.53849
9606.ENSP00000331540	9606.ENSP00000417688	0.22367
9606.ENSP00000360575	9606.ENSP00000358880	0.30468
9606.ENSP00000302552	9606.ENSP00000375476	0.26035
9606.ENSP00000333310	9606.ENSP00000262640	0.27283
9606.ENSP00000381473	9606.ENSP00000314458	0.29911
9606.ENSP00000304336	9606.ENSP00000453402	0.72559
9606.ENSP00000359243	9606.ENSP00000324742	0.48208
9606.ENSP00000356845	9606.ENSP00000247219	0.43261
9606.ENSP00000361875	9606.ENSP00000241125	0.50596
9606.ENSP00000305372	9606.ENSP00000413202	0.36174
9606.ENSP00000333380	9606.ENSP00000390576	0.29816
9606.ENSP00000358541	9606.ENSP00000377867	0.34422
9606.ENSP00000216117	9606.ENSP00000485563	0.23729
9606.ENSP00000375268	9606.ENSP00000216127	0.4069
9606.ENSP00000388322	9606.ENSP00000436232	0.27474
9606.ENSP00000320965	9606.ENSP00000421283	0.34552
9606.ENSP00000206249	9606.ENSP00000272224	0.22233
9606.ENSP00000386768	9606.ENSP00000356785	0.36258
9606.ENSP00000385629	9606.ENSP00000340983	0.30602
9606.ENSP00000307341	9606.ENSP00000344801	0.46507
9606.ENSP00000345202	9606.ENSP00000318558	0.30937
9606.ENSP00000005587	9606.ENSP00000464647	0.21937
9606.ENSP00000327611	9606.ENSP00000476940	0.2962
9606.ENSP00000264071	9606.ENSP00000364721	0.32036
9606.ENSP00000337310	9606.ENSP00000243440	0.51497
9606.ENSP00000347168	9606.ENSP00000346931	0.29842
9606.ENSP00000296417	9606.ENSP00000430191	0.43727
9606.ENSP00000340887	9606.ENSP00000420934	0.44372
9606.ENSP00000303992	9606.ENSP00000306662	0.23944
9606.ENSP00000255129	9606.ENSP00000346509	0.61554
9606.ENSP00000359683	9606.ENSP00000274341	0.23606
9606.ENSP00000234549	9606.ENSP00000461358	0.19748
9606.ENSP00000352333	9606.ENSP00000373752	0.66202
9606.ENSP00000379052	9606.ENSP00000286713	0.17083
9606.ENSP00000252252	9606.ENSP00000295201	0.21399
9606.ENSP00000370419	9606.ENSP00000362603	0.34149
9606.ENSP00000362507	9606.ENSP00000370104	0.38758
9606.ENSP00000381070	9606.ENSP00000293889	0.16118
9606.ENSP00000357597	9606.ENSP00000468499	0.28768
9606.ENSP00000330320	9606.ENSP00000426176	0.30214
9606.ENSP00000388620	9606.ENSP00000386721	0.62549
9606.ENSP00000366337	9606.ENSP00000307699	0.43358
9606.ENSP00000267502	9606.ENSP00000254963	0.39124
9606.ENSP00000363799	9606.ENSP00000304846	0.21956
9606.ENSP00000361959	9606.ENSP00000367552	0.41159
9606.ENSP00000368055	9606.ENSP00000367173	0.64499
9606.ENSP00000360157	9606.ENSP00000483194	0.35601
9606.ENSP00000383396	9606.ENSP00000342759	0.56951
9606.ENSP00000367301	9606.ENSP00000434034	0.57303
9606.ENSP00000355457	9606.ENSP00000338272	0.25789
9606.ENSP00000284274	9606.ENSP00000403845	0.26373
9606.ENSP00000357726	9606.ENSP00000462683	0.60018
9606.ENSP00000218388	9606.ENSP00000283550	0.2052
9606.ENSP00000327611	9606.ENSP00000411284	0.27155
9606.ENSP00000368842	9606.ENSP00000328364	0.22348
9606.ENSP00000369127	9606.ENSP00000440332	0.20715
9606.ENSP00000362070	9606.ENSP00000399413	0.18467
9606.ENSP00000359524	9606.ENSP00000340836	0.49424
9606.ENSP00000361926	9606.ENSP00000463055	0.30334
9606.ENSP00000240101	9606.ENSP00000400717	0.16788
9606.ENSP00000270631	9606.ENSP00000446489	0.65088
9606.ENSP00000376369	9606.ENSP00000361475	0.20768
9606.ENSP00000294753	9606.ENSP00000295704	0.25962
9606.ENSP00000358798	9606.ENSP00000416834	0.6471
9606.ENSP00000362249	9606.ENSP00000479060	0.26788
9606.ENSP00000298299	9606.ENSP00000421264	0.29404
9606.ENSP00000341030	9606.ENSP00000485273	0.27838
9606.ENSP00000378317	9606.ENSP00000471274	0.31998
9606.ENSP00000329546	9606.ENSP00000363416	0.24011
9606.ENSP00000333680	9606.ENSP00000295683	0.25374
9606.ENSP00000288462	9606.ENSP00000426741	0.3421
9606.ENSP00000251968	9606.ENSP00000303276	0.35716
9606.ENSP00000307875	9606.ENSP00000340677	0.17479
9606.ENSP00000301698	9606.ENSP00000475615	0.24386
9606.ENSP00000375883	9606.ENSP00000391117	0.29351
9606.ENSP00000302846	9606.ENSP00000393626	0.27084
9606.ENSP00000304331	9606.ENSP00000450718	0.29887
9606.ENSP00000283172	9606.ENSP00000387009	0.33088
9606.ENSP00000256953	9606.ENSP00000409107	0.36287
9606.ENSP00000332288	9606.ENSP00000429044	0.46916
9606.ENSP00000377781	9606.ENSP00000463582	0.35502
9606.ENSP00000355586	9606.ENSP00000448159	0.30599
9606.ENSP00000305494	9606.ENSP00000379689	0.24468
9606.ENSP00000363894	9606.ENSP00000366330	0.16739
9606.ENSP00000382823	9606.ENSP00000452737	0.58289
9606.ENSP00000331127	9606.ENSP00000480255	0.39866
9606.ENSP00000381988	9606.ENSP00000469970	0.18355
9606.ENSP00000356908	9606.ENSP00000343477	0.18923
9606.ENSP00000381399	9606.ENSP00000303077	0.22474
9606.ENSP00000239451	9606.ENSP00000406026	0.28111
9606.ENSP00000386378	9606.ENSP00000250489	0.19851
9606.ENSP00000376205	9606.ENSP00000342981	0.36428
9606.ENSP00000333591	9606.ENSP00000431547	0.23825
9606.ENSP00000301073	9606.ENSP00000473778	0.36197
9606.ENSP00000298894	9606.ENSP00000300127	0.16199
9606.ENSP00000303709	9606.ENSP00000485589	0.30898
9606.ENSP00000310704	9606.ENSP00000297537	0.16279
9606.ENSP00000206249	9606.ENSP00000406026	0.27636
9606.ENSP00000242462	9606.ENSP00000413684	0.38412
9606.ENSP00000352717	9606.ENSP00000484642	0.14063
9606.ENSP00000346611	9606.ENSP00000360568	0.30715
9606.ENSP00000378739	9606.ENSP00000251424	0.4309
9606.ENSP00000375918	9606.ENSP00000400727	0.46319
9606.ENSP00000381963	9606.ENSP00000477216	0.37477
9606.ENSP00000216083	9606.ENSP00000379056	0.18692
9606.ENSP00000360905	9606.ENSP00000480569	0.65231
9606.ENSP00000286764	9606.ENSP00000282561	0.3216
9606.ENSP00000324827	9606.ENSP00000263160	0.16335
9606.ENSP00000362994	9606.ENSP00000485673	0.28895
9606.ENSP00000363911	9606.ENSP00000433007	0.43028
9606.ENSP00000292907	9606.ENSP00000420684	0.79703
9606.ENSP00000356230	9606.ENSP00000433304	0.43359
9606.ENSP00000360768	9606.ENSP00000435733	0.2302
9606.ENSP00000315476	9606.ENSP00000310189	0.19202
9606.ENSP00000286764	9606.ENSP00000343062	0.30037
9606.ENSP00000353044	9606.ENSP00000416964	0.1984
9606.ENSP00000373254	9606.ENSP00000450637	0.44516
9606.ENSP00000359784	9606.ENSP00000454905	0.30866
9606.ENSP00000377781	9606.ENSP00000357005	0.30723
9606.ENSP00000289248	9606.ENSP00000480563	0.32447
9606.ENSP00000251643	9606.ENSP00000355775	0.33052
9606.ENSP00000388301	9606.ENSP00000431997	0.63074
9606.ENSP00000262651	9606.ENSP00000423777	0.17318
9606.ENSP00000482076	9606.ENSP00000450681	0.188
9606.ENSP00000315700	9606.ENSP00000413696	0.48245
9606.ENSP00000384978	9606.ENSP00000359679	0.76254
9606.ENSP00000367195	9606.ENSP00000372271	0.21235
9606.ENSP00000352268	9606.ENSP00000446992	0.23778
9606.ENSP00000236147	9606.ENSP00000364650	0.40059
9606.ENSP00000362108	9606.ENSP00000270593	0.39576
9606.ENSP00000335094	9606.ENSP00000326432	0.35496
9606.ENSP00000297477	9606.ENSP00000362763	0.1673
9606.ENSP00000263339	9606.ENSP00000470759	0.39498
9606.ENSP00000354848	9606.ENSP00000485343	0.64567
9606.ENSP00000314480	9606.ENSP00000301329	0.30434
9606.ENSP00000317106	9606.ENSP00000407345	0.29065
9606.ENSP00000273936	9606.ENSP00000404912	0.35563
9606.ENSP00000400840	9606.ENSP00000265717	0.64166
9606.ENSP00000353427	9606.ENSP00000453100	0.31302
9606.ENSP00000298355	9606.ENSP00000365023	0.66266
9606.ENSP00000370293	9606.ENSP00000352782	0.22089
9606.ENSP00000277942	9606.ENSP00000429065	0.29092
9606.ENSP00000385937	9606.ENSP00000452051	0.20622
9606.ENSP00000245323	9606.ENSP00000380040	0.59435
9606.ENSP00000225899	9606.ENSP00000435084	0.31652
9606.ENSP00000383225	9606.ENSP00000259477	0.24862
9606.ENSP00000270879	9606.ENSP00000457877	0.31652
9606.ENSP00000347322	9606.ENSP00000340006	0.29015
9606.ENSP00000369328	9606.ENSP00000459230	0.18326
9606.ENSP00000386773	9606.ENSP00000369391	0.45426
9606.ENSP00000350976	9606.ENSP00000382000	0.21616
9606.ENSP00000370311	9606.ENSP00000417301	0.24733
9606.ENSP00000308908	9606.ENSP00000441488	0.25964
9606.ENSP00000383866	9606.ENSP00000369369	0.6378
9606.ENSP00000298050	9606.ENSP00000436979	0.34077
9606.ENSP00000339145	9606.ENSP00000481613	0.3277
9606.ENSP00000350474	9606.ENSP00000298288	0.25789
9606.ENSP00000383148	9606.ENSP00000435446	0.20188
9606.ENSP00000375748	9606.ENSP00000312652	0.39396
9606.ENSP00000381805	9606.ENSP00000455267	0.395
9606.ENSP00000332163	9606.ENSP00000261267	0.24426
9606.ENSP00000005756	9606.ENSP00000449795	0.68596
9606.ENSP00000268802	9606.ENSP00000271324	0.32601
9606.ENSP00000368362	9606.ENSP00000286758	0.21213
9606.ENSP00000321203	9606.ENSP00000472685	0.25356
9606.ENSP00000311688	9606.ENSP00000362001	0.34827
9606.ENSP00000259254	9606.ENSP00000261249	0.58715
9606.ENSP00000362435	9606.ENSP00000383682	0.13916
9606.ENSP00000258821	9606.ENSP00000254231	0.37737
9606.ENSP00000355249	9606.ENSP00000483671	0.3565
9606.ENSP00000382646	9606.ENSP00000380648	0.2313
9606.ENSP00000284061	9606.ENSP00000349785	0.59734
9606.ENSP00000328478	9606.ENSP00000416698	0.65726
9606.ENSP00000300175	9606.ENSP00000412610	0.41122
9606.ENSP00000367498	9606.ENSP00000377668	0.19592
9606.ENSP00000375248	9606.ENSP00000366654	0.21274
9606.ENSP00000292327	9606.ENSP00000331369	0.35935
9606.ENSP00000282486	9606.ENSP00000412934	0.33336
9606.ENSP00000278319	9606.ENSP00000430191	0.27467
9606.ENSP00000367008	9606.ENSP00000256447	0.58389
9606.ENSP00000361707	9606.ENSP00000250863	0.3374
9606.ENSP00000301204	9606.ENSP00000447234	0.26326
9606.ENSP00000251481	9606.ENSP00000339389	0.18397
9606.ENSP00000358905	9606.ENSP00000411206	0.20487
9606.ENSP00000273047	9606.ENSP00000340989	0.22576
9606.ENSP00000330075	9606.ENSP00000479444	0.41943
9606.ENSP00000257915	9606.ENSP00000428952	0.20511
9606.ENSP00000355656	9606.ENSP00000452340	0.16569
9606.ENSP00000348597	9606.ENSP00000360874	0.22784
9606.ENSP00000357056	9606.ENSP00000320560	0.34172
9606.ENSP00000360560	9606.ENSP00000299166	0.43668
9606.ENSP00000329592	9606.ENSP00000261015	0.16536
9606.ENSP00000302222	9606.ENSP00000428011	0.32836
9606.ENSP00000375894	9606.ENSP00000386691	0.29412
9606.ENSP00000340465	9606.ENSP00000377919	0.6602
9606.ENSP00000345878	9606.ENSP00000440005	0.57538
9606.ENSP00000209668	9606.ENSP00000357325	0.29581
9606.ENSP00000447807	9606.ENSP00000429379	0.52268
9606.ENSP00000274137	9606.ENSP00000448828	0.67621
9606.ENSP00000363390	9606.ENSP00000382783	0.26215
9606.ENSP00000363135	9606.ENSP00000381047	0.22302
9606.ENSP00000344791	9606.ENSP00000471224	0.53587
9606.ENSP00000364589	9606.ENSP00000400673	0.31242
9606.ENSP00000363985	9606.ENSP00000455436	0.24958
9606.ENSP00000343313	9606.ENSP00000482493	0.34844
9606.ENSP00000333737	9606.ENSP00000354920	0.38025
9606.ENSP00000238721	9606.ENSP00000421922	0.18475
9606.ENSP00000344646	9606.ENSP00000266594	0.29799
9606.ENSP00000363162	9606.ENSP00000446743	0.37938
9606.ENSP00000176183	9606.ENSP00000221538	0.30396
9606.ENSP00000311596	9606.ENSP00000357342	0.21505
9606.ENSP00000330426	9606.ENSP00000417370	0.33548
9606.ENSP00000466644	9606.ENSP00000384257	0.34249
9606.ENSP00000340761	9606.ENSP00000400406	0.20894
9606.ENSP00000386060	9606.ENSP00000260264	0.44639
9606.ENSP00000367929	9606.ENSP00000367993	0.17164
9606.ENSP00000353131	9606.ENSP00000369174	0.30026
9606.ENSP00000296026	9606.ENSP00000457995	0.26027
9606.ENSP00000273027	9606.ENSP00000335610	0.23615
9606.ENSP00000280325	9606.ENSP00000311697	0.19113
9606.ENSP00000275764	9606.ENSP00000284288	0.19637
9606.ENSP00000387168	9606.ENSP00000310721	0.19805
9606.ENSP00000335616	9606.ENSP00000331540	0.48483
9606.ENSP00000221485	9606.ENSP00000356432	0.25719
9606.ENSP00000261416	9606.ENSP00000359342	0.18536
9606.ENSP00000343040	9606.ENSP00000304147	0.15531
9606.ENSP00000356652	9606.ENSP00000440784	0.24643
9606.ENSP00000301995	9606.ENSP00000317106	0.47988
9606.ENSP00000267294	9606.ENSP00000366380	0.29371
9606.ENSP00000251412	9606.ENSP00000460084	0.25577
9606.ENSP00000456034	9606.ENSP00000354201	0.34515
9606.ENSP00000304250	9606.ENSP00000376809	0.20108
9606.ENSP00000262093	9606.ENSP00000260723	0.23473
9606.ENSP00000260264	9606.ENSP00000356104	0.20614
9606.ENSP00000320965	9606.ENSP00000401753	0.33396
9606.ENSP00000267377	9606.ENSP00000388122	0.33872
9606.ENSP00000252338	9606.ENSP00000411102	0.37713
9606.ENSP00000356527	9606.ENSP00000451635	0.23003
9606.ENSP00000290810	9606.ENSP00000385246	0.21242
9606.ENSP00000380769	9606.ENSP00000387426	0.55628
9606.ENSP00000385958	9606.ENSP00000475027	0.33838
9606.ENSP00000368230	9606.ENSP00000362896	0.45167
9606.ENSP00000327589	9606.ENSP00000368144	0.2675
9606.ENSP00000380310	9606.ENSP00000451029	0.17915
9606.ENSP00000363794	9606.ENSP00000389554	0.24629
9606.ENSP00000306003	9606.ENSP00000428012	0.60018
9606.ENSP00000380034	9606.ENSP00000483415	0.21597
9606.ENSP00000378487	9606.ENSP00000362616	0.28695
9606.ENSP00000355627	9606.ENSP00000438244	0.43799
9606.ENSP00000356886	9606.ENSP00000480779	0.1545
9606.ENSP00000302216	9606.ENSP00000429393	0.25857
9606.ENSP00000360055	9606.ENSP00000456842	0.2605
9606.ENSP00000346568	9606.ENSP00000388502	0.22814
9606.ENSP00000361003	9606.ENSP00000433695	0.31167
9606.ENSP00000358122	9606.ENSP00000332122	0.28215
9606.ENSP00000296734	9606.ENSP00000419367	0.18118
9606.ENSP00000329991	9606.ENSP00000469394	0.19072
9606.ENSP00000365063	9606.ENSP00000356211	0.18141
9606.ENSP00000322419	9606.ENSP00000324958	0.39605
9606.ENSP00000385470	9606.ENSP00000247470	0.16766
9606.ENSP00000358832	9606.ENSP00000339067	0.23903
9606.ENSP00000386504	9606.ENSP00000467169	0.41992
9606.ENSP00000304188	9606.ENSP00000261438	0.162
9606.ENSP00000369369	9606.ENSP00000437334	0.18126
9606.ENSP00000243347	9606.ENSP00000392694	0.25687
9606.ENSP00000341940	9606.ENSP00000478724	0.31832
9606.ENSP00000357857	9606.ENSP00000450281	0.30543
9606.ENSP00000262752	9606.ENSP00000371200	0.41508
9606.ENSP00000270631	9606.ENSP00000182527	0.55244
9606.ENSP00000341327	9606.ENSP00000228434	0.42249
9606.ENSP00000320560	9606.ENSP00000418065	0.21014
9606.ENSP00000356906	9606.ENSP00000388394	0.59719
9606.ENSP00000005587	9606.ENSP00000428626	0.26806
9606.ENSP00000300875	9606.ENSP00000347915	0.14112
9606.ENSP00000254227	9606.ENSP00000325091	0.46861
9606.ENSP00000320675	9606.ENSP00000434640	0.17033
9606.ENSP00000386772	9606.ENSP00000469805	0.32415
9606.ENSP00000384046	9606.ENSP00000385137	0.26215
9606.ENSP00000366030	9606.ENSP00000370987	0.23553
9606.ENSP00000396716	9606.ENSP00000282999	0.34174
9606.ENSP00000347712	9606.ENSP00000398165	0.32819
9606.ENSP00000240619	9606.ENSP00000435071	0.32645
9606.ENSP00000247992	9606.ENSP00000347823	0.50279
9606.ENSP00000356551	9606.ENSP00000464952	0.35163
9606.ENSP00000362527	9606.ENSP00000443888	0.31925
9606.ENSP00000418808	9606.ENSP00000340823	0.29601
9606.ENSP00000306497	9606.ENSP00000375851	0.24854
9606.ENSP00000351046	9606.ENSP00000332788	0.34773
9606.ENSP00000355815	9606.ENSP00000426186	0.30829
9606.ENSP00000386868	9606.ENSP00000321426	0.29144
9606.ENSP00000376028	9606.ENSP00000482552	0.17276
9606.ENSP00000366618	9606.ENSP00000387062	0.55584
9606.ENSP00000329056	9606.ENSP00000306579	0.2249
9606.ENSP00000366030	9606.ENSP00000358358	0.23956
9606.ENSP00000255416	9606.ENSP00000436758	0.20617
9606.ENSP00000347721	9606.ENSP00000360597	0.31158
9606.ENSP00000363550	9606.ENSP00000421447	0.16035
9606.ENSP00000380126	9606.ENSP00000393854	0.35691
9606.ENSP00000388682	9606.ENSP00000401045	0.1765
9606.ENSP00000357726	9606.ENSP00000346912	0.54256
9606.ENSP00000357425	9606.ENSP00000403808	0.37154
9606.ENSP00000360055	9606.ENSP00000436443	0.15885
9606.ENSP00000258733	9606.ENSP00000485450	0.33952
9606.ENSP00000219599	9606.ENSP00000446758	0.18611
9606.ENSP00000358149	9606.ENSP00000444607	0.59049
9606.ENSP00000383148	9606.ENSP00000437590	0.23167
9606.ENSP00000461082	9606.ENSP00000265100	0.49194
9606.ENSP00000330612	9606.ENSP00000485582	0.23455
9606.ENSP00000361707	9606.ENSP00000357863	0.24533
9606.ENSP00000248668	9606.ENSP00000312535	0.53366
9606.ENSP00000367125	9606.ENSP00000477542	0.25069
9606.ENSP00000263671	9606.ENSP00000323362	0.42695
9606.ENSP00000256261	9606.ENSP00000358569	0.29398
9606.ENSP00000315064	9606.ENSP00000389080	0.21874
9606.ENSP00000296946	9606.ENSP00000365953	0.36213
9606.ENSP00000296882	9606.ENSP00000416644	0.53925
9606.ENSP00000296575	9606.ENSP00000467342	0.2939
9606.ENSP00000318429	9606.ENSP00000400854	0.41454
9606.ENSP00000343428	9606.ENSP00000293670	0.22601
9606.ENSP00000360403	9606.ENSP00000334437	0.18966
9606.ENSP00000363729	9606.ENSP00000158009	0.19079
9606.ENSP00000333401	9606.ENSP00000380495	0.4859
9606.ENSP00000356791	9606.ENSP00000382091	0.35458
9606.ENSP00000370842	9606.ENSP00000366061	0.29977
9606.ENSP00000301457	9606.ENSP00000453152	0.56104
9606.ENSP00000246792	9606.ENSP00000296161	0.54561
9606.ENSP00000272425	9606.ENSP00000463472	0.47186
9606.ENSP00000296509	9606.ENSP00000398099	0.51211
9606.ENSP00000379508	9606.ENSP00000404999	0.44686
9606.ENSP00000259895	9606.ENSP00000284259	0.22489
9606.ENSP00000376346	9606.ENSP00000451840	0.42756
9606.ENSP00000376368	9606.ENSP00000393471	0.24533
9606.ENSP00000352333	9606.ENSP00000388564	0.4717
9606.ENSP00000335596	9606.ENSP00000338186	0.23262
9606.ENSP00000287482	9606.ENSP00000019103	0.25814
9606.ENSP00000363689	9606.ENSP00000309751	0.52391
9606.ENSP00000388300	9606.ENSP00000356433	0.17216
9606.ENSP00000456454	9606.ENSP00000366828	0.43997
9606.ENSP00000295379	9606.ENSP00000478931	0.2045
9606.ENSP00000385560	9606.ENSP00000405095	0.44041
9606.ENSP00000332073	9606.ENSP00000436218	0.30299
9606.ENSP00000264228	9606.ENSP00000394307	0.40329
9606.ENSP00000358450	9606.ENSP00000343589	0.17313
9606.ENSP00000334300	9606.ENSP00000369573	0.26948
9606.ENSP00000290552	9606.ENSP00000331823	0.17451
9606.ENSP00000262506	9606.ENSP00000259989	0.26872
9606.ENSP00000342697	9606.ENSP00000418982	0.25021
9606.ENSP00000347359	9606.ENSP00000384334	0.71479
9606.ENSP00000356052	9606.ENSP00000318914	0.47392
9606.ENSP00000318177	9606.ENSP00000459495	0.26803
9606.ENSP00000246069	9606.ENSP00000303147	0.42278
9606.ENSP00000385461	9606.ENSP00000453019	0.4354
9606.ENSP00000360597	9606.ENSP00000483647	0.23827
9606.ENSP00000331608	9606.ENSP00000356326	0.14405
9606.ENSP00000389637	9606.ENSP00000390811	0.19772
9606.ENSP00000370984	9606.ENSP00000359550	0.31212
9606.ENSP00000239666	9606.ENSP00000472919	0.62636
9606.ENSP00000385527	9606.ENSP00000362159	0.18201
9606.ENSP00000447122	9606.ENSP00000483825	0.25631
9606.ENSP00000309542	9606.ENSP00000308012	0.18167
9606.ENSP00000315167	9606.ENSP00000392899	0.24031
9606.ENSP00000357391	9606.ENSP00000463361	0.45432
9606.ENSP00000385099	9606.ENSP00000385131	0.41994
9606.ENSP00000296776	9606.ENSP00000481944	0.38971
9606.ENSP00000297537	9606.ENSP00000361966	0.25263
9606.ENSP00000387680	9606.ENSP00000466514	0.44967
9606.ENSP00000362728	9606.ENSP00000320567	0.60173
9606.ENSP00000332073	9606.ENSP00000227520	0.23831
9606.ENSP00000259477	9606.ENSP00000434558	0.4928
9606.ENSP00000314560	9606.ENSP00000481878	0.29564
9606.ENSP00000386241	9606.ENSP00000365316	0.32218
9606.ENSP00000355627	9606.ENSP00000418406	0.70654
9606.ENSP00000368813	9606.ENSP00000418299	0.23338
9606.ENSP00000330070	9606.ENSP00000481097	0.39023
9606.ENSP00000348784	9606.ENSP00000349678	0.17533
9606.ENSP00000313243	9606.ENSP00000359534	0.60516
9606.ENSP00000385018	9606.ENSP00000432845	0.43963
9606.ENSP00000356845	9606.ENSP00000455802	0.34304
9606.ENSP00000319531	9606.ENSP00000459758	0.44279
9606.ENSP00000317145	9606.ENSP00000426399	0.18111
9606.ENSP00000341094	9606.ENSP00000466755	0.6835
9606.ENSP00000232892	9606.ENSP00000251047	0.25418
9606.ENSP00000329418	9606.ENSP00000431190	0.45308
9606.ENSP00000311307	9606.ENSP00000378391	0.25297
9606.ENSP00000380023	9606.ENSP00000293968	0.41041
9606.ENSP00000362166	9606.ENSP00000331608	0.39728
9606.ENSP00000291232	9606.ENSP00000357342	0.63173
9606.ENSP00000305138	9606.ENSP00000407220	0.2306
9606.ENSP00000379701	9606.ENSP00000458166	0.29052
9606.ENSP00000347195	9606.ENSP00000427441	0.31229
9606.ENSP00000299178	9606.ENSP00000265523	0.25243
9606.ENSP00000386365	9606.ENSP00000383475	0.24407
9606.ENSP00000372271	9606.ENSP00000002165	0.48694
9606.ENSP00000376544	9606.ENSP00000437812	0.23138
9606.ENSP00000287594	9606.ENSP00000444286	0.56944
9606.ENSP00000326022	9606.ENSP00000326762	0.33095
9606.ENSP00000350928	9606.ENSP00000439818	0.3125
9606.ENSP00000259818	9606.ENSP00000357768	0.50648
9606.ENSP00000361527	9606.ENSP00000438832	0.29507
9606.ENSP00000294072	9606.ENSP00000447671	0.23509
9606.ENSP00000379087	9606.ENSP00000415841	0.42384
9606.ENSP00000359896	9606.ENSP00000467126	0.24194
9606.ENSP00000350708	9606.ENSP00000324111	0.16508
9606.ENSP00000280057	9606.ENSP00000482602	0.28013
9606.ENSP00000386983	9606.ENSP00000296028	0.30712
9606.ENSP00000358775	9606.ENSP00000409190	0.19462
9606.ENSP00000269720	9606.ENSP00000481622	0.4116
9606.ENSP00000380336	9606.ENSP00000402623	0.62592
9606.ENSP00000266086	9606.ENSP00000248668	0.20025
9606.ENSP00000265465	9606.ENSP00000484912	0.49908
9606.ENSP00000380872	9606.ENSP00000432396	0.38225
9606.ENSP00000472726	9606.ENSP00000347401	0.37219
9606.ENSP00000322421	9606.ENSP00000375993	0.6838
9606.ENSP00000373745	9606.ENSP00000457592	0.23523
9606.ENSP00000335580	9606.ENSP00000460368	0.38476
9606.ENSP00000298556	9606.ENSP00000262041	0.21561
9606.ENSP00000276055	9606.ENSP00000345179	0.40826
9606.ENSP00000402423	9606.ENSP00000388332	0.15206
9606.ENSP00000304290	9606.ENSP00000272224	0.17409
9606.ENSP00000430831	9606.ENSP00000379344	0.18228
9606.ENSP00000349430	9606.ENSP00000438039	0.73815
9606.ENSP00000361663	9606.ENSP00000328270	0.41853
9606.ENSP00000386347	9606.ENSP00000295049	0.22647
9606.ENSP00000326301	9606.ENSP00000454576	0.19472
9606.ENSP00000344322	9606.ENSP00000484180	0.62251
9606.ENSP00000365830	9606.ENSP00000244711	0.51457
9606.ENSP00000281142	9606.ENSP00000468132	0.27697
9606.ENSP00000367284	9606.ENSP00000367631	0.64648
9606.ENSP00000367934	9606.ENSP00000377406	0.74606
9606.ENSP00000360709	9606.ENSP00000414840	0.38194
9606.ENSP00000263126	9606.ENSP00000387077	0.29044
9606.ENSP00000303862	9606.ENSP00000461286	0.40777
9606.ENSP00000315568	9606.ENSP00000292596	0.56338
9606.ENSP00000250863	9606.ENSP00000355672	0.19324
9606.ENSP00000343589	9606.ENSP00000405785	0.21119
9606.ENSP00000315137	9606.ENSP00000383931	0.2409
9606.ENSP00000356708	9606.ENSP00000484341	0.55203
9606.ENSP00000233468	9606.ENSP00000402029	0.55092
9606.ENSP00000251089	9606.ENSP00000365682	0.20338
9606.ENSP00000361948	9606.ENSP00000460350	0.22749
9606.ENSP00000345585	9606.ENSP00000360021	0.59942
9606.ENSP00000373047	9606.ENSP00000448570	0.15768
9606.ENSP00000311436	9606.ENSP00000237642	0.22746
9606.ENSP00000437215	9606.ENSP00000455856	0.53674
9606.ENSP00000296028	9606.ENSP00000446830	0.40966
9606.ENSP00000365273	9606.ENSP00000357219	0.58623
9606.ENSP00000331470	9606.ENSP00000355435	0.14258
9606.ENSP00000358216	9606.ENSP00000387471	0.57311
9606.ENSP00000298316	9606.ENSP00000333350	0.50159
9606.ENSP00000385122	9606.ENSP00000423014	0.31321
9606.ENSP00000387223	9606.ENSP00000417010	0.24815
9606.ENSP00000282326	9606.ENSP00000419395	0.33936
9606.ENSP00000328630	9606.ENSP00000361084	0.24126
9606.ENSP00000264255	9606.ENSP00000425984	0.44262
9606.ENSP00000288022	9606.ENSP00000386625	0.42607
9606.ENSP00000270142	9606.ENSP00000366249	0.20544
