10090.ENSMUSP00000052523	10090.ENSMUSP00000120602	0.30799
10090.ENSMUSP00000123286	10090.ENSMUSP00000124903	0.36305
10090.ENSMUSP00000081946	10090.ENSMUSP00000120838	0.38507
10090.ENSMUSP00000092751	10090.ENSMUSP00000116578	0.56061
10090.ENSMUSP00000075651	10090.ENSMUSP00000085896	0.44578
10090.ENSMUSP00000140520	10090.ENSMUSP00000018713	0.36755
10090.ENSMUSP00000120571	10090.ENSMUSP00000021204	0.24344
10090.ENSMUSP00000042762	10090.ENSMUSP00000138485	0.15833
10090.ENSMUSP00000131026	10090.ENSMUSP00000124242	0.29409
10090.ENSMUSP00000125631	10090.ENSMUSP00000072366	0.21107
10090.ENSMUSP00000121236	10090.ENSMUSP00000030964	0.40416
10090.ENSMUSP00000047700	10090.ENSMUSP00000109815	0.39787
10090.ENSMUSP00000032125	10090.ENSMUSP00000025163	0.53136
10090.ENSMUSP00000117875	10090.ENSMUSP00000106239	0.29108
10090.ENSMUSP00000137391	10090.ENSMUSP00000030460	0.26132
10090.ENSMUSP00000037120	10090.ENSMUSP00000000087	0.18626
10090.ENSMUSP00000106984	10090.ENSMUSP00000114420	0.27136
10090.ENSMUSP00000109099	10090.ENSMUSP00000140898	0.27784
10090.ENSMUSP00000087292	10090.ENSMUSP00000108856	0.28481
10090.ENSMUSP00000071901	10090.ENSMUSP00000061234	0.64511
10090.ENSMUSP00000131077	10090.ENSMUSP00000093885	0.30733
10090.ENSMUSP00000139646	10090.ENSMUSP00000124315	0.34113
10090.ENSMUSP00000120857	10090.ENSMUSP00000008052	0.20447
10090.ENSMUSP00000116183	10090.ENSMUSP00000080717	0.24069
10090.ENSMUSP00000031591	10090.ENSMUSP00000063352	0.25246
10090.ENSMUSP00000114903	10090.ENSMUSP00000105381	0.44826
10090.ENSMUSP00000077378	10090.ENSMUSP00000063723	0.33896
10090.ENSMUSP00000108045	10090.ENSMUSP00000112970	0.54382
10090.ENSMUSP00000125455	10090.ENSMUSP00000125259	0.30851
10090.ENSMUSP00000123926	10090.ENSMUSP00000119399	0.44561
10090.ENSMUSP00000123850	10090.ENSMUSP00000106479	0.34381
10090.ENSMUSP00000097353	10090.ENSMUSP00000110374	0.15749
10090.ENSMUSP00000112642	10090.ENSMUSP00000129441	0.46429
10090.ENSMUSP00000133975	10090.ENSMUSP00000129157	0.19279
10090.ENSMUSP00000025374	10090.ENSMUSP00000130584	0.22605
10090.ENSMUSP00000059903	10090.ENSMUSP00000123081	0.551
10090.ENSMUSP00000038450	10090.ENSMUSP00000001439	0.46681
10090.ENSMUSP00000078424	10090.ENSMUSP00000074675	0.20915
10090.ENSMUSP00000109858	10090.ENSMUSP00000051755	0.18488
10090.ENSMUSP00000116042	10090.ENSMUSP00000121379	0.42008
10090.ENSMUSP00000035271	10090.ENSMUSP00000069573	0.38074
10090.ENSMUSP00000140619	10090.ENSMUSP00000128892	0.19993
10090.ENSMUSP00000046999	10090.ENSMUSP00000040022	0.53488
10090.ENSMUSP00000031414	10090.ENSMUSP00000104120	0.63195
10090.ENSMUSP00000140215	10090.ENSMUSP00000081807	0.24077
10090.ENSMUSP00000021844	10090.ENSMUSP00000014743	0.24626
10090.ENSMUSP00000034453	10090.ENSMUSP00000108111	0.40369
10090.ENSMUSP00000135776	10090.ENSMUSP00000122126	0.33565
10090.ENSMUSP00000119721	10090.ENSMUSP00000136063	0.4858
10090.ENSMUSP00000139179	10090.ENSMUSP00000130716	0.2401
10090.ENSMUSP00000060005	10090.ENSMUSP00000021240	0.35469
10090.ENSMUSP00000096177	10090.ENSMUSP00000117641	0.15806
10090.ENSMUSP00000096399	10090.ENSMUSP00000122086	0.32207
10090.ENSMUSP00000055237	10090.ENSMUSP00000096209	0.31953
10090.ENSMUSP00000126446	10090.ENSMUSP00000140745	0.74487
10090.ENSMUSP00000138239	10090.ENSMUSP00000140406	0.30804
10090.ENSMUSP00000038845	10090.ENSMUSP00000105460	0.82306
10090.ENSMUSP00000103563	10090.ENSMUSP00000049826	0.78546
10090.ENSMUSP00000106095	10090.ENSMUSP00000045247	0.59588
10090.ENSMUSP00000114867	10090.ENSMUSP00000140800	0.21742
10090.ENSMUSP00000132425	10090.ENSMUSP00000022865	0.3989
10090.ENSMUSP00000102112	10090.ENSMUSP00000116332	0.34498
10090.ENSMUSP00000112629	10090.ENSMUSP00000123913	0.25006
10090.ENSMUSP00000120079	10090.ENSMUSP00000113794	0.21015
10090.ENSMUSP00000125692	10090.ENSMUSP00000071992	0.49703
10090.ENSMUSP00000093974	10090.ENSMUSP00000115339	0.40684
10090.ENSMUSP00000025257	10090.ENSMUSP00000101924	0.29022
10090.ENSMUSP00000098616	10090.ENSMUSP00000123077	0.30003
10090.ENSMUSP00000133446	10090.ENSMUSP00000123900	0.40697
10090.ENSMUSP00000103129	10090.ENSMUSP00000036900	0.29313
10090.ENSMUSP00000120615	10090.ENSMUSP00000122919	0.45301
10090.ENSMUSP00000027778	10090.ENSMUSP00000139650	0.45961
10090.ENSMUSP00000026569	10090.ENSMUSP00000129817	0.13155
10090.ENSMUSP00000121823	10090.ENSMUSP00000040217	0.2985
10090.ENSMUSP00000081532	10090.ENSMUSP00000133050	0.38146
10090.ENSMUSP00000098058	10090.ENSMUSP00000058783	0.34365
10090.ENSMUSP00000126199	10090.ENSMUSP00000095150	0.19994
10090.ENSMUSP00000109644	10090.ENSMUSP00000113722	0.68437
10090.ENSMUSP00000122146	10090.ENSMUSP00000125236	0.2798
10090.ENSMUSP00000133859	10090.ENSMUSP00000077220	0.1979
10090.ENSMUSP00000138402	10090.ENSMUSP00000032573	0.19413
10090.ENSMUSP00000023734	10090.ENSMUSP00000117185	0.39222
10090.ENSMUSP00000084047	10090.ENSMUSP00000020408	0.27634
10090.ENSMUSP00000073525	10090.ENSMUSP00000112653	0.61094
10090.ENSMUSP00000099566	10090.ENSMUSP00000105161	0.2641
10090.ENSMUSP00000106017	10090.ENSMUSP00000133257	0.50713
10090.ENSMUSP00000003049	10090.ENSMUSP00000063065	0.23386
10090.ENSMUSP00000125346	10090.ENSMUSP00000109818	0.26129
10090.ENSMUSP00000125791	10090.ENSMUSP00000071362	0.18292
10090.ENSMUSP00000025706	10090.ENSMUSP00000125574	0.25902
10090.ENSMUSP00000122712	10090.ENSMUSP00000136134	0.32724
10090.ENSMUSP00000112277	10090.ENSMUSP00000020692	0.54562
10090.ENSMUSP00000029510	10090.ENSMUSP00000105882	0.35299
10090.ENSMUSP00000063723	10090.ENSMUSP00000085391	0.53273
10090.ENSMUSP00000121248	10090.ENSMUSP00000140519	0.28543
10090.ENSMUSP00000002473	10090.ENSMUSP00000071462	0.24589
10090.ENSMUSP00000038915	10090.ENSMUSP00000084411	0.22336
10090.ENSMUSP00000025836	10090.ENSMUSP00000112451	0.26636
10090.ENSMUSP00000137289	10090.ENSMUSP00000138590	0.22484
10090.ENSMUSP00000108947	10090.ENSMUSP00000129451	0.33985
10090.ENSMUSP00000022398	10090.ENSMUSP00000139557	0.3492
10090.ENSMUSP00000016138	10090.ENSMUSP00000096650	0.2859
10090.ENSMUSP00000133204	10090.ENSMUSP00000001126	0.22447
10090.ENSMUSP00000005185	10090.ENSMUSP00000118453	0.47138
10090.ENSMUSP00000100048	10090.ENSMUSP00000117397	0.67575
10090.ENSMUSP00000109535	10090.ENSMUSP00000110995	0.22033
10090.ENSMUSP00000101259	10090.ENSMUSP00000123678	0.27795
10090.ENSMUSP00000102230	10090.ENSMUSP00000125654	0.23805
10090.ENSMUSP00000005830	10090.ENSMUSP00000123782	0.16723
10090.ENSMUSP00000095800	10090.ENSMUSP00000007272	0.26047
10090.ENSMUSP00000115680	10090.ENSMUSP00000048453	0.58914
10090.ENSMUSP00000131077	10090.ENSMUSP00000138882	0.41079
10090.ENSMUSP00000106712	10090.ENSMUSP00000126349	0.29274
10090.ENSMUSP00000046016	10090.ENSMUSP00000102211	0.23722
10090.ENSMUSP00000140250	10090.ENSMUSP00000060721	0.26176
10090.ENSMUSP00000033210	10090.ENSMUSP00000046601	0.5766
10090.ENSMUSP00000131978	10090.ENSMUSP00000122589	0.31631
10090.ENSMUSP00000050553	10090.ENSMUSP00000131673	0.37499
10090.ENSMUSP00000054210	10090.ENSMUSP00000119528	0.59751
10090.ENSMUSP00000126597	10090.ENSMUSP00000014990	0.51843
10090.ENSMUSP00000133788	10090.ENSMUSP00000052742	0.36333
10090.ENSMUSP00000140398	10090.ENSMUSP00000064120	0.42793
10090.ENSMUSP00000037821	10090.ENSMUSP00000034898	0.1662
10090.ENSMUSP00000033625	10090.ENSMUSP00000102568	0.6161
10090.ENSMUSP00000134578	10090.ENSMUSP00000103444	0.26213
10090.ENSMUSP00000136385	10090.ENSMUSP00000126814	0.29804
10090.ENSMUSP00000132423	10090.ENSMUSP00000031305	0.50946
10090.ENSMUSP00000134739	10090.ENSMUSP00000116572	0.2167
10090.ENSMUSP00000123036	10090.ENSMUSP00000108812	0.23942
10090.ENSMUSP00000037210	10090.ENSMUSP00000137644	0.63767
10090.ENSMUSP00000080106	10090.ENSMUSP00000109573	0.38864
10090.ENSMUSP00000037888	10090.ENSMUSP00000060844	0.40179
10090.ENSMUSP00000112951	10090.ENSMUSP00000058875	0.3299
10090.ENSMUSP00000113418	10090.ENSMUSP00000128416	0.59704
10090.ENSMUSP00000070728	10090.ENSMUSP00000107089	0.25799
10090.ENSMUSP00000105684	10090.ENSMUSP00000097374	0.43063
10090.ENSMUSP00000043865	10090.ENSMUSP00000112517	0.21872
10090.ENSMUSP00000140745	10090.ENSMUSP00000124700	0.52086
10090.ENSMUSP00000076458	10090.ENSMUSP00000068184	0.27873
10090.ENSMUSP00000108561	10090.ENSMUSP00000018389	0.24593
10090.ENSMUSP00000078384	10090.ENSMUSP00000117582	0.22159
10090.ENSMUSP00000123028	10090.ENSMUSP00000025585	0.28405
10090.ENSMUSP00000104974	10090.ENSMUSP00000034983	0.33095
10090.ENSMUSP00000031061	10090.ENSMUSP00000038505	0.76325
10090.ENSMUSP00000128198	10090.ENSMUSP00000026252	0.21856
10090.ENSMUSP00000050424	10090.ENSMUSP00000106883	0.23622
10090.ENSMUSP00000075066	10090.ENSMUSP00000099713	0.27182
10090.ENSMUSP00000024763	10090.ENSMUSP00000062326	0.40919
10090.ENSMUSP00000114350	10090.ENSMUSP00000138102	0.26599
10090.ENSMUSP00000001975	10090.ENSMUSP00000056977	0.21017
10090.ENSMUSP00000116130	10090.ENSMUSP00000033828	0.37638
10090.ENSMUSP00000046636	10090.ENSMUSP00000132114	0.37045
10090.ENSMUSP00000111011	10090.ENSMUSP00000127229	0.26577
10090.ENSMUSP00000121498	10090.ENSMUSP00000023328	0.7142
10090.ENSMUSP00000137884	10090.ENSMUSP00000026956	0.17666
10090.ENSMUSP00000101873	10090.ENSMUSP00000027297	0.34144
10090.ENSMUSP00000134932	10090.ENSMUSP00000108205	0.28311
10090.ENSMUSP00000131648	10090.ENSMUSP00000039750	0.60775
10090.ENSMUSP00000136186	10090.ENSMUSP00000104854	0.18483
10090.ENSMUSP00000113595	10090.ENSMUSP00000107171	0.37721
10090.ENSMUSP00000108467	10090.ENSMUSP00000056324	0.20807
10090.ENSMUSP00000140359	10090.ENSMUSP00000036730	0.17351
10090.ENSMUSP00000023435	10090.ENSMUSP00000046044	0.48532
10090.ENSMUSP00000106295	10090.ENSMUSP00000102701	0.35244
10090.ENSMUSP00000137821	10090.ENSMUSP00000118105	0.28484
10090.ENSMUSP00000107342	10090.ENSMUSP00000062576	0.22578
10090.ENSMUSP00000135838	10090.ENSMUSP00000093634	0.31525
10090.ENSMUSP00000049440	10090.ENSMUSP00000080742	0.20597
10090.ENSMUSP00000022603	10090.ENSMUSP00000131516	0.33216
10090.ENSMUSP00000062333	10090.ENSMUSP00000103658	0.31954
10090.ENSMUSP00000020375	10090.ENSMUSP00000026265	0.23981
10090.ENSMUSP00000028787	10090.ENSMUSP00000097605	0.35828
10090.ENSMUSP00000136056	10090.ENSMUSP00000137386	0.34537
10090.ENSMUSP00000123914	10090.ENSMUSP00000122442	0.45241
10090.ENSMUSP00000001415	10090.ENSMUSP00000115914	0.51474
10090.ENSMUSP00000031198	10090.ENSMUSP00000129157	0.26923
10090.ENSMUSP00000064416	10090.ENSMUSP00000098775	0.31667
10090.ENSMUSP00000122954	10090.ENSMUSP00000095782	0.268
10090.ENSMUSP00000120042	10090.ENSMUSP00000085460	0.24229
10090.ENSMUSP00000114149	10090.ENSMUSP00000080085	0.19874
10090.ENSMUSP00000114267	10090.ENSMUSP00000057725	0.16817
10090.ENSMUSP00000114206	10090.ENSMUSP00000024857	0.58297
10090.ENSMUSP00000042004	10090.ENSMUSP00000120374	0.40026
10090.ENSMUSP00000125124	10090.ENSMUSP00000056448	0.18009
10090.ENSMUSP00000116524	10090.ENSMUSP00000006818	0.27682
10090.ENSMUSP00000057488	10090.ENSMUSP00000125428	0.19674
10090.ENSMUSP00000113586	10090.ENSMUSP00000122994	0.3551
10090.ENSMUSP00000034554	10090.ENSMUSP00000109833	0.19632
10090.ENSMUSP00000122917	10090.ENSMUSP00000108296	0.33192
10090.ENSMUSP00000140246	10090.ENSMUSP00000068578	0.84144
10090.ENSMUSP00000023132	10090.ENSMUSP00000029770	0.24996
10090.ENSMUSP00000111526	10090.ENSMUSP00000036361	0.39784
10090.ENSMUSP00000104532	10090.ENSMUSP00000043461	0.47407
10090.ENSMUSP00000107333	10090.ENSMUSP00000127332	0.26836
10090.ENSMUSP00000033386	10090.ENSMUSP00000089290	0.32035
10090.ENSMUSP00000133197	10090.ENSMUSP00000096471	0.25578
10090.ENSMUSP00000065291	10090.ENSMUSP00000055058	0.19346
10090.ENSMUSP00000027997	10090.ENSMUSP00000099180	0.27182
10090.ENSMUSP00000072617	10090.ENSMUSP00000119351	0.27254
10090.ENSMUSP00000025713	10090.ENSMUSP00000029794	0.338
10090.ENSMUSP00000099073	10090.ENSMUSP00000133025	0.4164
10090.ENSMUSP00000002011	10090.ENSMUSP00000109087	0.30646
10090.ENSMUSP00000075876	10090.ENSMUSP00000014476	0.22447
10090.ENSMUSP00000132932	10090.ENSMUSP00000120031	0.18442
10090.ENSMUSP00000115982	10090.ENSMUSP00000132527	0.21726
10090.ENSMUSP00000040098	10090.ENSMUSP00000018821	0.40769
10090.ENSMUSP00000106908	10090.ENSMUSP00000060855	0.49996
10090.ENSMUSP00000121408	10090.ENSMUSP00000135682	0.52213
10090.ENSMUSP00000137994	10090.ENSMUSP00000130056	0.19976
10090.ENSMUSP00000029076	10090.ENSMUSP00000077611	0.55579
10090.ENSMUSP00000096084	10090.ENSMUSP00000133195	0.49929
10090.ENSMUSP00000124250	10090.ENSMUSP00000139222	0.20418
10090.ENSMUSP00000102139	10090.ENSMUSP00000074435	0.372
10090.ENSMUSP00000127646	10090.ENSMUSP00000136651	0.18661
10090.ENSMUSP00000037597	10090.ENSMUSP00000102145	0.64375
10090.ENSMUSP00000121545	10090.ENSMUSP00000059548	0.28066
10090.ENSMUSP00000030723	10090.ENSMUSP00000118360	0.21591
10090.ENSMUSP00000077990	10090.ENSMUSP00000124469	0.18496
10090.ENSMUSP00000035261	10090.ENSMUSP00000136940	0.66218
10090.ENSMUSP00000028619	10090.ENSMUSP00000122565	0.23329
10090.ENSMUSP00000048721	10090.ENSMUSP00000053474	0.55426
10090.ENSMUSP00000107065	10090.ENSMUSP00000077694	0.26534
10090.ENSMUSP00000060027	10090.ENSMUSP00000122725	0.46788
10090.ENSMUSP00000109650	10090.ENSMUSP00000103775	0.38812
10090.ENSMUSP00000124557	10090.ENSMUSP00000054793	0.76153
10090.ENSMUSP00000055619	10090.ENSMUSP00000109571	0.24178
10090.ENSMUSP00000086797	10090.ENSMUSP00000028084	0.43696
10090.ENSMUSP00000018645	10090.ENSMUSP00000137214	0.22765
10090.ENSMUSP00000103538	10090.ENSMUSP00000096807	0.34947
10090.ENSMUSP00000101995	10090.ENSMUSP00000028256	0.46658
10090.ENSMUSP00000033218	10090.ENSMUSP00000125901	0.53367
10090.ENSMUSP00000017561	10090.ENSMUSP00000108070	0.23781
10090.ENSMUSP00000141014	10090.ENSMUSP00000105264	0.3105
10090.ENSMUSP00000026881	10090.ENSMUSP00000029717	0.44661
10090.ENSMUSP00000095561	10090.ENSMUSP00000086724	0.1994
10090.ENSMUSP00000032963	10090.ENSMUSP00000058167	0.20121
10090.ENSMUSP00000119239	10090.ENSMUSP00000082190	0.22846
10090.ENSMUSP00000095506	10090.ENSMUSP00000135065	0.38639
10090.ENSMUSP00000099420	10090.ENSMUSP00000066839	0.44164
10090.ENSMUSP00000113434	10090.ENSMUSP00000104752	0.48058
10090.ENSMUSP00000119082	10090.ENSMUSP00000122509	0.55805
10090.ENSMUSP00000106636	10090.ENSMUSP00000095128	0.19695
10090.ENSMUSP00000135962	10090.ENSMUSP00000044979	0.2694
10090.ENSMUSP00000022097	10090.ENSMUSP00000074190	0.2292
10090.ENSMUSP00000113011	10090.ENSMUSP00000023064	0.2039
10090.ENSMUSP00000120838	10090.ENSMUSP00000120472	0.52203
10090.ENSMUSP00000120215	10090.ENSMUSP00000126836	0.30915
10090.ENSMUSP00000099304	10090.ENSMUSP00000051593	0.25294
10090.ENSMUSP00000014913	10090.ENSMUSP00000117723	0.19874
10090.ENSMUSP00000139544	10090.ENSMUSP00000105364	0.60872
10090.ENSMUSP00000116507	10090.ENSMUSP00000086027	0.3522
10090.ENSMUSP00000028072	10090.ENSMUSP00000030683	0.25874
10090.ENSMUSP00000047571	10090.ENSMUSP00000076922	0.17364
10090.ENSMUSP00000061734	10090.ENSMUSP00000108724	0.24953
10090.ENSMUSP00000102436	10090.ENSMUSP00000095866	0.35606
10090.ENSMUSP00000110995	10090.ENSMUSP00000139645	0.32516
10090.ENSMUSP00000117009	10090.ENSMUSP00000136358	0.47551
10090.ENSMUSP00000137024	10090.ENSMUSP00000050057	0.6252
10090.ENSMUSP00000114991	10090.ENSMUSP00000108375	0.36273
10090.ENSMUSP00000064072	10090.ENSMUSP00000125937	0.37834
10090.ENSMUSP00000126645	10090.ENSMUSP00000020527	0.33754
10090.ENSMUSP00000096761	10090.ENSMUSP00000069616	0.18675
10090.ENSMUSP00000122986	10090.ENSMUSP00000027684	0.57271
10090.ENSMUSP00000069454	10090.ENSMUSP00000099469	0.24775
10090.ENSMUSP00000075039	10090.ENSMUSP00000059878	0.42641
10090.ENSMUSP00000099160	10090.ENSMUSP00000124651	0.24372
10090.ENSMUSP00000102097	10090.ENSMUSP00000052705	0.40532
10090.ENSMUSP00000103482	10090.ENSMUSP00000133784	0.2332
10090.ENSMUSP00000126270	10090.ENSMUSP00000134067	0.36557
10090.ENSMUSP00000033466	10090.ENSMUSP00000078103	0.21437
10090.ENSMUSP00000028081	10090.ENSMUSP00000099706	0.67693
10090.ENSMUSP00000116450	10090.ENSMUSP00000032962	0.29424
10090.ENSMUSP00000139202	10090.ENSMUSP00000116368	0.39629
10090.ENSMUSP00000100575	10090.ENSMUSP00000131012	0.48028
10090.ENSMUSP00000031061	10090.ENSMUSP00000057238	0.78667
10090.ENSMUSP00000090367	10090.ENSMUSP00000102159	0.24325
10090.ENSMUSP00000120397	10090.ENSMUSP00000110169	0.18098
10090.ENSMUSP00000030787	10090.ENSMUSP00000027943	0.2575
10090.ENSMUSP00000029530	10090.ENSMUSP00000003274	0.16421
10090.ENSMUSP00000109116	10090.ENSMUSP00000121875	0.19704
10090.ENSMUSP00000121690	10090.ENSMUSP00000118631	0.17666
10090.ENSMUSP00000132008	10090.ENSMUSP00000119347	0.36557
10090.ENSMUSP00000097426	10090.ENSMUSP00000112534	0.25116
10090.ENSMUSP00000120669	10090.ENSMUSP00000114906	0.43935
10090.ENSMUSP00000074291	10090.ENSMUSP00000131960	0.39775
10090.ENSMUSP00000101626	10090.ENSMUSP00000123433	0.56376
10090.ENSMUSP00000117481	10090.ENSMUSP00000060100	0.33341
10090.ENSMUSP00000029753	10090.ENSMUSP00000102092	0.27383
10090.ENSMUSP00000088143	10090.ENSMUSP00000059678	0.41616
10090.ENSMUSP00000117474	10090.ENSMUSP00000070983	0.28911
10090.ENSMUSP00000074777	10090.ENSMUSP00000063376	0.50641
10090.ENSMUSP00000103425	10090.ENSMUSP00000061474	0.19685
10090.ENSMUSP00000003284	10090.ENSMUSP00000127625	0.26709
10090.ENSMUSP00000116284	10090.ENSMUSP00000075218	0.25336
10090.ENSMUSP00000083281	10090.ENSMUSP00000119822	0.55734
10090.ENSMUSP00000130286	10090.ENSMUSP00000051561	0.16198
10090.ENSMUSP00000104437	10090.ENSMUSP00000138274	0.24469
10090.ENSMUSP00000025395	10090.ENSMUSP00000109623	0.39627
10090.ENSMUSP00000117521	10090.ENSMUSP00000108689	0.27516
10090.ENSMUSP00000066465	10090.ENSMUSP00000113739	0.9825
10090.ENSMUSP00000119291	10090.ENSMUSP00000112650	0.3304
10090.ENSMUSP00000062074	10090.ENSMUSP00000137895	0.38377
10090.ENSMUSP00000140928	10090.ENSMUSP00000055225	0.21506
10090.ENSMUSP00000016511	10090.ENSMUSP00000028704	0.26116
10090.ENSMUSP00000074143	10090.ENSMUSP00000060523	0.56151
10090.ENSMUSP00000118623	10090.ENSMUSP00000040486	0.30862
10090.ENSMUSP00000116301	10090.ENSMUSP00000023554	0.24096
10090.ENSMUSP00000103054	10090.ENSMUSP00000124412	0.59193
10090.ENSMUSP00000049722	10090.ENSMUSP00000101858	0.58076
10090.ENSMUSP00000130184	10090.ENSMUSP00000114977	0.29359
10090.ENSMUSP00000055451	10090.ENSMUSP00000061176	0.50843
10090.ENSMUSP00000113888	10090.ENSMUSP00000095263	0.24879
10090.ENSMUSP00000031731	10090.ENSMUSP00000134107	0.51014
10090.ENSMUSP00000104879	10090.ENSMUSP00000005975	0.2782
10090.ENSMUSP00000047522	10090.ENSMUSP00000139139	0.25374
10090.ENSMUSP00000127094	10090.ENSMUSP00000073560	0.50392
10090.ENSMUSP00000120547	10090.ENSMUSP00000137594	0.52042
10090.ENSMUSP00000076916	10090.ENSMUSP00000096153	0.30723
10090.ENSMUSP00000048740	10090.ENSMUSP00000112382	0.21777
10090.ENSMUSP00000122572	10090.ENSMUSP00000117734	0.38705
10090.ENSMUSP00000059751	10090.ENSMUSP00000122280	0.37562
10090.ENSMUSP00000129173	10090.ENSMUSP00000102437	0.374
10090.ENSMUSP00000141037	10090.ENSMUSP00000030078	0.19667
10090.ENSMUSP00000020990	10090.ENSMUSP00000124903	0.49576
10090.ENSMUSP00000120934	10090.ENSMUSP00000134465	0.38389
10090.ENSMUSP00000085499	10090.ENSMUSP00000138091	0.30643
10090.ENSMUSP00000015456	10090.ENSMUSP00000104428	0.22965
10090.ENSMUSP00000073558	10090.ENSMUSP00000025178	0.41126
10090.ENSMUSP00000133882	10090.ENSMUSP00000081001	0.63393
10090.ENSMUSP00000140358	10090.ENSMUSP00000079298	0.62068
10090.ENSMUSP00000037079	10090.ENSMUSP00000124983	0.33293
10090.ENSMUSP00000043566	10090.ENSMUSP00000056642	0.65238
10090.ENSMUSP00000009699	10090.ENSMUSP00000070070	0.32553
10090.ENSMUSP00000011302	10090.ENSMUSP00000043566	0.68993
10090.ENSMUSP00000031680	10090.ENSMUSP00000032071	0.22619
10090.ENSMUSP00000127711	10090.ENSMUSP00000064739	0.3112
10090.ENSMUSP00000090956	10090.ENSMUSP00000140029	0.13009
10090.ENSMUSP00000139467	10090.ENSMUSP00000106014	0.57068
10090.ENSMUSP00000114875	10090.ENSMUSP00000110631	0.38474
10090.ENSMUSP00000110445	10090.ENSMUSP00000039784	0.26165
10090.ENSMUSP00000137821	10090.ENSMUSP00000100634	0.20758
10090.ENSMUSP00000103761	10090.ENSMUSP00000000430	0.24056
10090.ENSMUSP00000110804	10090.ENSMUSP00000022048	0.24385
10090.ENSMUSP00000033717	10090.ENSMUSP00000127944	0.5709
10090.ENSMUSP00000040755	10090.ENSMUSP00000029712	0.45014
10090.ENSMUSP00000124245	10090.ENSMUSP00000107891	0.16215
10090.ENSMUSP00000116463	10090.ENSMUSP00000109837	0.54119
10090.ENSMUSP00000058455	10090.ENSMUSP00000120892	0.52328
10090.ENSMUSP00000107627	10090.ENSMUSP00000120436	0.6089
10090.ENSMUSP00000115439	10090.ENSMUSP00000108748	0.43435
10090.ENSMUSP00000083587	10090.ENSMUSP00000110962	0.25512
10090.ENSMUSP00000076334	10090.ENSMUSP00000038119	0.25824
10090.ENSMUSP00000020927	10090.ENSMUSP00000061475	0.19016
10090.ENSMUSP00000068349	10090.ENSMUSP00000023065	0.33467
10090.ENSMUSP00000121419	10090.ENSMUSP00000136887	0.55024
10090.ENSMUSP00000013949	10090.ENSMUSP00000080059	0.43706
10090.ENSMUSP00000138992	10090.ENSMUSP00000109558	0.33577
10090.ENSMUSP00000100779	10090.ENSMUSP00000134892	0.33228
10090.ENSMUSP00000023601	10090.ENSMUSP00000138974	0.24372
10090.ENSMUSP00000030154	10090.ENSMUSP00000119005	0.28301
10090.ENSMUSP00000066455	10090.ENSMUSP00000031779	0.32555
10090.ENSMUSP00000121900	10090.ENSMUSP00000112861	0.16986
10090.ENSMUSP00000105808	10090.ENSMUSP00000129121	0.32977
10090.ENSMUSP00000134753	10090.ENSMUSP00000101754	0.37648
10090.ENSMUSP00000052953	10090.ENSMUSP00000041419	0.19644
10090.ENSMUSP00000042658	10090.ENSMUSP00000127552	0.49071
10090.ENSMUSP00000090102	10090.ENSMUSP00000123575	0.31085
10090.ENSMUSP00000021166	10090.ENSMUSP00000121657	0.32309
10090.ENSMUSP00000111024	10090.ENSMUSP00000138934	0.54144
10090.ENSMUSP00000031768	10090.ENSMUSP00000103528	0.37651
10090.ENSMUSP00000117410	10090.ENSMUSP00000105679	0.41139
10090.ENSMUSP00000062245	10090.ENSMUSP00000066777	0.4858
10090.ENSMUSP00000103542	10090.ENSMUSP00000107747	0.25045
10090.ENSMUSP00000103979	10090.ENSMUSP00000136051	0.29565
10090.ENSMUSP00000113637	10090.ENSMUSP00000113543	0.51927
10090.ENSMUSP00000107224	10090.ENSMUSP00000128143	0.32673
10090.ENSMUSP00000049336	10090.ENSMUSP00000113809	0.2224
10090.ENSMUSP00000024858	10090.ENSMUSP00000121716	0.42692
10090.ENSMUSP00000052226	10090.ENSMUSP00000115488	0.19216
10090.ENSMUSP00000082960	10090.ENSMUSP00000107841	0.33392
10090.ENSMUSP00000075423	10090.ENSMUSP00000006579	0.40206
10090.ENSMUSP00000095778	10090.ENSMUSP00000097432	0.33565
10090.ENSMUSP00000136672	10090.ENSMUSP00000128511	0.50789
10090.ENSMUSP00000068772	10090.ENSMUSP00000072387	0.36877
10090.ENSMUSP00000117573	10090.ENSMUSP00000108156	0.48139
10090.ENSMUSP00000028951	10090.ENSMUSP00000085278	0.42145
10090.ENSMUSP00000027592	10090.ENSMUSP00000110294	0.33142
10090.ENSMUSP00000136279	10090.ENSMUSP00000058588	0.46057
10090.ENSMUSP00000027339	10090.ENSMUSP00000043597	0.21014
10090.ENSMUSP00000134411	10090.ENSMUSP00000130565	0.30714
10090.ENSMUSP00000018315	10090.ENSMUSP00000020016	0.40286
10090.ENSMUSP00000022135	10090.ENSMUSP00000092054	0.48632
10090.ENSMUSP00000022722	10090.ENSMUSP00000034411	0.26354
10090.ENSMUSP00000036853	10090.ENSMUSP00000121942	0.32938
10090.ENSMUSP00000107265	10090.ENSMUSP00000109357	0.2302
10090.ENSMUSP00000044556	10090.ENSMUSP00000131004	0.45743
10090.ENSMUSP00000119007	10090.ENSMUSP00000034299	0.338
10090.ENSMUSP00000009814	10090.ENSMUSP00000129404	0.81369
10090.ENSMUSP00000135798	10090.ENSMUSP00000071925	0.41393
10090.ENSMUSP00000118333	10090.ENSMUSP00000126205	0.30082
10090.ENSMUSP00000001975	10090.ENSMUSP00000117355	0.24308
10090.ENSMUSP00000131256	10090.ENSMUSP00000120829	0.7126
10090.ENSMUSP00000003574	10090.ENSMUSP00000099806	0.25706
10090.ENSMUSP00000023687	10090.ENSMUSP00000108084	0.38142
10090.ENSMUSP00000034172	10090.ENSMUSP00000126773	0.47631
10090.ENSMUSP00000090305	10090.ENSMUSP00000059976	0.57998
10090.ENSMUSP00000104508	10090.ENSMUSP00000137719	0.54003
10090.ENSMUSP00000112979	10090.ENSMUSP00000112133	0.31015
10090.ENSMUSP00000096870	10090.ENSMUSP00000118241	0.21375
10090.ENSMUSP00000134857	10090.ENSMUSP00000120461	0.47371
10090.ENSMUSP00000042792	10090.ENSMUSP00000107707	0.46119
10090.ENSMUSP00000024338	10090.ENSMUSP00000024159	0.16375
10090.ENSMUSP00000121574	10090.ENSMUSP00000133918	0.20024
10090.ENSMUSP00000095966	10090.ENSMUSP00000133257	0.29152
10090.ENSMUSP00000002699	10090.ENSMUSP00000109678	0.37371
10090.ENSMUSP00000024206	10090.ENSMUSP00000116273	0.28811
10090.ENSMUSP00000007257	10090.ENSMUSP00000137692	0.28201
10090.ENSMUSP00000119438	10090.ENSMUSP00000135050	0.47371
10090.ENSMUSP00000116743	10090.ENSMUSP00000085006	0.44421
10090.ENSMUSP00000134449	10090.ENSMUSP00000063317	0.38455
10090.ENSMUSP00000124461	10090.ENSMUSP00000112952	0.38299
10090.ENSMUSP00000111351	10090.ENSMUSP00000138847	0.2226
10090.ENSMUSP00000140417	10090.ENSMUSP00000111875	0.5756
10090.ENSMUSP00000075435	10090.ENSMUSP00000099497	0.36449
10090.ENSMUSP00000026324	10090.ENSMUSP00000112807	0.39423
10090.ENSMUSP00000073984	10090.ENSMUSP00000125714	0.52034
10090.ENSMUSP00000095827	10090.ENSMUSP00000103558	0.18339
10090.ENSMUSP00000024846	10090.ENSMUSP00000077774	0.32301
10090.ENSMUSP00000118534	10090.ENSMUSP00000127752	0.30467
10090.ENSMUSP00000065352	10090.ENSMUSP00000080998	0.255
10090.ENSMUSP00000099038	10090.ENSMUSP00000139848	0.21922
10090.ENSMUSP00000095427	10090.ENSMUSP00000036240	0.78144
10090.ENSMUSP00000091703	10090.ENSMUSP00000043480	0.53136
10090.ENSMUSP00000026288	10090.ENSMUSP00000055229	0.3109
10090.ENSMUSP00000077207	10090.ENSMUSP00000113266	0.50943
10090.ENSMUSP00000136570	10090.ENSMUSP00000113907	0.7847
10090.ENSMUSP00000081547	10090.ENSMUSP00000120496	0.58816
10090.ENSMUSP00000122930	10090.ENSMUSP00000127020	0.2185
10090.ENSMUSP00000024035	10090.ENSMUSP00000101565	0.26239
10090.ENSMUSP00000015267	10090.ENSMUSP00000020270	0.46775
10090.ENSMUSP00000037939	10090.ENSMUSP00000052856	0.59172
10090.ENSMUSP00000125014	10090.ENSMUSP00000014694	0.56339
10090.ENSMUSP00000106954	10090.ENSMUSP00000077828	0.49177
10090.ENSMUSP00000121327	10090.ENSMUSP00000138519	0.34868
10090.ENSMUSP00000097324	10090.ENSMUSP00000051222	0.49016
10090.ENSMUSP00000124585	10090.ENSMUSP00000124240	0.35226
10090.ENSMUSP00000137659	10090.ENSMUSP00000124299	0.19163
10090.ENSMUSP00000024880	10090.ENSMUSP00000114309	0.66506
10090.ENSMUSP00000036116	10090.ENSMUSP00000139791	0.2223
10090.ENSMUSP00000114213	10090.ENSMUSP00000140041	0.51602
10090.ENSMUSP00000107804	10090.ENSMUSP00000107129	0.2161
10090.ENSMUSP00000126083	10090.ENSMUSP00000115185	0.66761
10090.ENSMUSP00000037629	10090.ENSMUSP00000050077	0.27923
10090.ENSMUSP00000089312	10090.ENSMUSP00000003659	0.34915
10090.ENSMUSP00000002456	10090.ENSMUSP00000041119	0.33912
10090.ENSMUSP00000118972	10090.ENSMUSP00000127488	0.4906
10090.ENSMUSP00000109516	10090.ENSMUSP00000046890	0.56615
10090.ENSMUSP00000003643	10090.ENSMUSP00000068309	0.37487
10090.ENSMUSP00000120552	10090.ENSMUSP00000118980	0.41831
10090.ENSMUSP00000132509	10090.ENSMUSP00000096588	0.38677
10090.ENSMUSP00000136475	10090.ENSMUSP00000115508	0.17749
10090.ENSMUSP00000126766	10090.ENSMUSP00000045710	0.26897
10090.ENSMUSP00000123098	10090.ENSMUSP00000113081	0.47849
10090.ENSMUSP00000015920	10090.ENSMUSP00000034411	0.54631
10090.ENSMUSP00000090355	10090.ENSMUSP00000022140	0.22803
10090.ENSMUSP00000095153	10090.ENSMUSP00000050329	0.27752
10090.ENSMUSP00000048460	10090.ENSMUSP00000096777	0.51365
10090.ENSMUSP00000102251	10090.ENSMUSP00000135885	0.35118
10090.ENSMUSP00000059270	10090.ENSMUSP00000027064	0.38008
10090.ENSMUSP00000122802	10090.ENSMUSP00000039784	0.52331
10090.ENSMUSP00000133868	10090.ENSMUSP00000107266	0.26773
10090.ENSMUSP00000103916	10090.ENSMUSP00000120277	0.37823
10090.ENSMUSP00000070236	10090.ENSMUSP00000125831	0.33629
10090.ENSMUSP00000139421	10090.ENSMUSP00000073598	0.56771
10090.ENSMUSP00000137942	10090.ENSMUSP00000077112	0.19322
10090.ENSMUSP00000119502	10090.ENSMUSP00000042852	0.30861
10090.ENSMUSP00000086714	10090.ENSMUSP00000055137	0.21519
10090.ENSMUSP00000027571	10090.ENSMUSP00000030385	0.3198
10090.ENSMUSP00000020704	10090.ENSMUSP00000101556	0.32387
10090.ENSMUSP00000122156	10090.ENSMUSP00000122831	0.69871
10090.ENSMUSP00000080378	10090.ENSMUSP00000023133	0.1602
10090.ENSMUSP00000093442	10090.ENSMUSP00000045024	0.37041
10090.ENSMUSP00000105910	10090.ENSMUSP00000116184	0.27375
10090.ENSMUSP00000121787	10090.ENSMUSP00000040370	0.27745
10090.ENSMUSP00000083057	10090.ENSMUSP00000042224	0.25697
10090.ENSMUSP00000061511	10090.ENSMUSP00000117435	0.41444
10090.ENSMUSP00000104923	10090.ENSMUSP00000117117	0.23125
10090.ENSMUSP00000038719	10090.ENSMUSP00000125669	0.23971
10090.ENSMUSP00000097604	10090.ENSMUSP00000026078	0.17839
10090.ENSMUSP00000126493	10090.ENSMUSP00000079950	0.33279
10090.ENSMUSP00000097248	10090.ENSMUSP00000124565	0.23172
10090.ENSMUSP00000098059	10090.ENSMUSP00000025691	0.66423
10090.ENSMUSP00000106228	10090.ENSMUSP00000056959	0.15492
10090.ENSMUSP00000128476	10090.ENSMUSP00000123812	0.23317
10090.ENSMUSP00000098773	10090.ENSMUSP00000131020	0.36119
10090.ENSMUSP00000096549	10090.ENSMUSP00000041242	0.27826
10090.ENSMUSP00000120990	10090.ENSMUSP00000021164	0.54144
10090.ENSMUSP00000105419	10090.ENSMUSP00000110415	0.24771
10090.ENSMUSP00000120206	10090.ENSMUSP00000136248	0.39081
10090.ENSMUSP00000127532	10090.ENSMUSP00000115182	0.33498
10090.ENSMUSP00000042660	10090.ENSMUSP00000092424	0.24204
10090.ENSMUSP00000079030	10090.ENSMUSP00000046987	0.59157
10090.ENSMUSP00000078886	10090.ENSMUSP00000099716	0.29022
10090.ENSMUSP00000140356	10090.ENSMUSP00000120692	0.75213
10090.ENSMUSP00000016452	10090.ENSMUSP00000035808	0.15399
10090.ENSMUSP00000059732	10090.ENSMUSP00000066385	0.32887
10090.ENSMUSP00000138122	10090.ENSMUSP00000139989	0.40189
10090.ENSMUSP00000081004	10090.ENSMUSP00000122294	0.18154
10090.ENSMUSP00000125631	10090.ENSMUSP00000112406	0.30743
10090.ENSMUSP00000139109	10090.ENSMUSP00000079616	0.19143
10090.ENSMUSP00000076948	10090.ENSMUSP00000106836	0.28793
10090.ENSMUSP00000065225	10090.ENSMUSP00000121386	0.41394
10090.ENSMUSP00000119496	10090.ENSMUSP00000008273	0.56999
10090.ENSMUSP00000035075	10090.ENSMUSP00000133399	0.30372
10090.ENSMUSP00000025463	10090.ENSMUSP00000046476	0.21761
10090.ENSMUSP00000136950	10090.ENSMUSP00000045361	0.2849
10090.ENSMUSP00000115859	10090.ENSMUSP00000113951	0.22418
10090.ENSMUSP00000106449	10090.ENSMUSP00000104739	0.56224
10090.ENSMUSP00000095030	10090.ENSMUSP00000115096	0.19511
10090.ENSMUSP00000122734	10090.ENSMUSP00000129249	0.27428
10090.ENSMUSP00000097759	10090.ENSMUSP00000114928	0.24566
10090.ENSMUSP00000026252	10090.ENSMUSP00000064158	0.26761
10090.ENSMUSP00000131503	10090.ENSMUSP00000037121	0.23155
10090.ENSMUSP00000046534	10090.ENSMUSP00000125727	0.69716
10090.ENSMUSP00000027164	10090.ENSMUSP00000046794	0.20554
10090.ENSMUSP00000133465	10090.ENSMUSP00000125208	0.44259
10090.ENSMUSP00000135373	10090.ENSMUSP00000140706	0.21485
10090.ENSMUSP00000103740	10090.ENSMUSP00000053178	0.25065
10090.ENSMUSP00000103558	10090.ENSMUSP00000126801	0.15317
10090.ENSMUSP00000094130	10090.ENSMUSP00000123135	0.35281
10090.ENSMUSP00000134584	10090.ENSMUSP00000106819	0.40491
10090.ENSMUSP00000098628	10090.ENSMUSP00000001063	0.39702
10090.ENSMUSP00000119284	10090.ENSMUSP00000104189	0.61767
10090.ENSMUSP00000117460	10090.ENSMUSP00000022639	0.36702
10090.ENSMUSP00000141177	10090.ENSMUSP00000125012	0.39634
10090.ENSMUSP00000051895	10090.ENSMUSP00000102202	0.21346
10090.ENSMUSP00000038958	10090.ENSMUSP00000098096	0.22504
10090.ENSMUSP00000115801	10090.ENSMUSP00000022428	0.6171
10090.ENSMUSP00000122290	10090.ENSMUSP00000102067	0.26684
10090.ENSMUSP00000136764	10090.ENSMUSP00000120835	0.3104
10090.ENSMUSP00000113505	10090.ENSMUSP00000041260	0.22469
10090.ENSMUSP00000132751	10090.ENSMUSP00000084082	0.18003
10090.ENSMUSP00000139680	10090.ENSMUSP00000117871	0.1374
10090.ENSMUSP00000037194	10090.ENSMUSP00000125738	0.73235
10090.ENSMUSP00000133585	10090.ENSMUSP00000112449	0.21266
10090.ENSMUSP00000137044	10090.ENSMUSP00000059415	0.24177
10090.ENSMUSP00000107984	10090.ENSMUSP00000114097	0.216
10090.ENSMUSP00000087665	10090.ENSMUSP00000136438	0.2036
10090.ENSMUSP00000109878	10090.ENSMUSP00000099863	0.18378
10090.ENSMUSP00000026093	10090.ENSMUSP00000105094	0.27331
10090.ENSMUSP00000137853	10090.ENSMUSP00000037752	0.54144
10090.ENSMUSP00000117993	10090.ENSMUSP00000122876	0.2282
10090.ENSMUSP00000120701	10090.ENSMUSP00000037257	0.30407
10090.ENSMUSP00000029325	10090.ENSMUSP00000001046	0.59906
10090.ENSMUSP00000135747	10090.ENSMUSP00000127191	0.21297
10090.ENSMUSP00000122151	10090.ENSMUSP00000034920	0.31802
10090.ENSMUSP00000134729	10090.ENSMUSP00000106325	0.37539
10090.ENSMUSP00000031478	10090.ENSMUSP00000048802	0.28035
10090.ENSMUSP00000097911	10090.ENSMUSP00000023060	0.55676
10090.ENSMUSP00000068902	10090.ENSMUSP00000122552	0.18192
10090.ENSMUSP00000110037	10090.ENSMUSP00000091954	0.28199
10090.ENSMUSP00000118506	10090.ENSMUSP00000113209	0.21646
10090.ENSMUSP00000134395	10090.ENSMUSP00000028624	0.49499
10090.ENSMUSP00000116237	10090.ENSMUSP00000122348	0.2414
10090.ENSMUSP00000112908	10090.ENSMUSP00000105913	0.19651
10090.ENSMUSP00000125818	10090.ENSMUSP00000077733	0.40358
10090.ENSMUSP00000019911	10090.ENSMUSP00000033797	0.32295
10090.ENSMUSP00000097288	10090.ENSMUSP00000124038	0.17796
10090.ENSMUSP00000091389	10090.ENSMUSP00000133870	0.24523
10090.ENSMUSP00000124843	10090.ENSMUSP00000041524	0.36313
10090.ENSMUSP00000054778	10090.ENSMUSP00000118417	0.2564
10090.ENSMUSP00000062079	10090.ENSMUSP00000043480	0.32396
10090.ENSMUSP00000023363	10090.ENSMUSP00000094808	0.2837
10090.ENSMUSP00000116737	10090.ENSMUSP00000114028	0.40998
10090.ENSMUSP00000063190	10090.ENSMUSP00000046776	0.38347
10090.ENSMUSP00000075279	10090.ENSMUSP00000027185	0.31993
10090.ENSMUSP00000055861	10090.ENSMUSP00000122382	0.26983
10090.ENSMUSP00000052496	10090.ENSMUSP00000129433	0.22464
10090.ENSMUSP00000097971	10090.ENSMUSP00000052507	0.21321
10090.ENSMUSP00000116022	10090.ENSMUSP00000115518	0.40547
10090.ENSMUSP00000078659	10090.ENSMUSP00000019913	0.21168
10090.ENSMUSP00000139139	10090.ENSMUSP00000097372	0.39125
10090.ENSMUSP00000119754	10090.ENSMUSP00000026407	0.21451
10090.ENSMUSP00000102470	10090.ENSMUSP00000137486	0.28586
10090.ENSMUSP00000029722	10090.ENSMUSP00000071616	0.20878
10090.ENSMUSP00000113516	10090.ENSMUSP00000022416	0.31149
10090.ENSMUSP00000127608	10090.ENSMUSP00000028059	0.32387
10090.ENSMUSP00000036872	10090.ENSMUSP00000102851	0.19569
10090.ENSMUSP00000034830	10090.ENSMUSP00000137218	0.26369
10090.ENSMUSP00000116190	10090.ENSMUSP00000098096	0.35856
10090.ENSMUSP00000112457	10090.ENSMUSP00000072466	0.2479
10090.ENSMUSP00000138912	10090.ENSMUSP00000138774	0.19792
10090.ENSMUSP00000116692	10090.ENSMUSP00000139966	0.17081
10090.ENSMUSP00000124902	10090.ENSMUSP00000137989	0.5836
10090.ENSMUSP00000021453	10090.ENSMUSP00000102488	0.59483
10090.ENSMUSP00000097197	10090.ENSMUSP00000103682	0.28027
10090.ENSMUSP00000126061	10090.ENSMUSP00000019067	0.59565
10090.ENSMUSP00000033784	10090.ENSMUSP00000138951	0.28867
10090.ENSMUSP00000101556	10090.ENSMUSP00000032461	0.36656
10090.ENSMUSP00000128356	10090.ENSMUSP00000075266	0.20601
10090.ENSMUSP00000075802	10090.ENSMUSP00000102536	0.32027
10090.ENSMUSP00000096301	10090.ENSMUSP00000040217	0.33187
10090.ENSMUSP00000048303	10090.ENSMUSP00000039839	0.25012
10090.ENSMUSP00000131886	10090.ENSMUSP00000098859	0.56788
10090.ENSMUSP00000100595	10090.ENSMUSP00000119130	0.21245
10090.ENSMUSP00000105259	10090.ENSMUSP00000123724	0.39852
10090.ENSMUSP00000105230	10090.ENSMUSP00000118305	0.40066
10090.ENSMUSP00000114771	10090.ENSMUSP00000042219	0.66219
10090.ENSMUSP00000027783	10090.ENSMUSP00000103914	0.27637
10090.ENSMUSP00000099486	10090.ENSMUSP00000123112	0.27274
10090.ENSMUSP00000137841	10090.ENSMUSP00000103528	0.23266
10090.ENSMUSP00000112599	10090.ENSMUSP00000071641	0.26886
10090.ENSMUSP00000055225	10090.ENSMUSP00000106951	0.59751
10090.ENSMUSP00000055372	10090.ENSMUSP00000036983	0.17009
10090.ENSMUSP00000130073	10090.ENSMUSP00000134094	0.37306
10090.ENSMUSP00000131382	10090.ENSMUSP00000119930	0.25997
10090.ENSMUSP00000099702	10090.ENSMUSP00000130827	0.3256
10090.ENSMUSP00000108474	10090.ENSMUSP00000045007	0.59597
10090.ENSMUSP00000041380	10090.ENSMUSP00000063371	0.51218
10090.ENSMUSP00000021428	10090.ENSMUSP00000030734	0.22056
10090.ENSMUSP00000064624	10090.ENSMUSP00000123125	0.32187
10090.ENSMUSP00000107246	10090.ENSMUSP00000115340	0.28453
10090.ENSMUSP00000139968	10090.ENSMUSP00000133843	0.45514
10090.ENSMUSP00000106004	10090.ENSMUSP00000132005	0.29458
10090.ENSMUSP00000019323	10090.ENSMUSP00000103480	0.45535
10090.ENSMUSP00000118154	10090.ENSMUSP00000060323	0.61217
10090.ENSMUSP00000113817	10090.ENSMUSP00000067681	0.13249
10090.ENSMUSP00000022089	10090.ENSMUSP00000045527	0.52408
10090.ENSMUSP00000059751	10090.ENSMUSP00000054829	0.25353
10090.ENSMUSP00000138942	10090.ENSMUSP00000119218	0.36845
10090.ENSMUSP00000029722	10090.ENSMUSP00000121108	0.32404
10090.ENSMUSP00000095948	10090.ENSMUSP00000022782	0.38893
10090.ENSMUSP00000105266	10090.ENSMUSP00000067539	0.36622
10090.ENSMUSP00000136361	10090.ENSMUSP00000136975	0.34528
10090.ENSMUSP00000129004	10090.ENSMUSP00000043520	0.59562
10090.ENSMUSP00000079309	10090.ENSMUSP00000057095	0.28114
10090.ENSMUSP00000120745	10090.ENSMUSP00000115480	0.3287
10090.ENSMUSP00000088098	10090.ENSMUSP00000024869	0.31105
10090.ENSMUSP00000115247	10090.ENSMUSP00000108706	0.60294
10090.ENSMUSP00000051389	10090.ENSMUSP00000108162	0.19338
10090.ENSMUSP00000127343	10090.ENSMUSP00000046686	0.23138
10090.ENSMUSP00000124782	10090.ENSMUSP00000120874	0.20263
10090.ENSMUSP00000130518	10090.ENSMUSP00000129209	0.31487
10090.ENSMUSP00000087344	10090.ENSMUSP00000110501	0.72871
10090.ENSMUSP00000070791	10090.ENSMUSP00000019975	0.27795
10090.ENSMUSP00000139929	10090.ENSMUSP00000025354	0.34942
10090.ENSMUSP00000118119	10090.ENSMUSP00000103078	0.43327
10090.ENSMUSP00000043981	10090.ENSMUSP00000121108	0.49374
10090.ENSMUSP00000048244	10090.ENSMUSP00000113645	0.19671
10090.ENSMUSP00000121463	10090.ENSMUSP00000131938	0.47439
10090.ENSMUSP00000032839	10090.ENSMUSP00000099702	0.575
10090.ENSMUSP00000085322	10090.ENSMUSP00000034301	0.15924
10090.ENSMUSP00000014691	10090.ENSMUSP00000128418	0.39196
10090.ENSMUSP00000110105	10090.ENSMUSP00000115968	0.28174
10090.ENSMUSP00000124183	10090.ENSMUSP00000108700	0.32199
10090.ENSMUSP00000123918	10090.ENSMUSP00000028915	0.27923
10090.ENSMUSP00000119538	10090.ENSMUSP00000110807	0.24819
10090.ENSMUSP00000114977	10090.ENSMUSP00000023203	0.18846
10090.ENSMUSP00000130144	10090.ENSMUSP00000122985	0.27493
10090.ENSMUSP00000076311	10090.ENSMUSP00000138104	0.25734
10090.ENSMUSP00000138534	10090.ENSMUSP00000131489	0.19885
10090.ENSMUSP00000028663	10090.ENSMUSP00000107641	0.27091
10090.ENSMUSP00000047164	10090.ENSMUSP00000061571	0.41943
10090.ENSMUSP00000061227	10090.ENSMUSP00000135504	0.21308
10090.ENSMUSP00000030185	10090.ENSMUSP00000101869	0.3586
10090.ENSMUSP00000081369	10090.ENSMUSP00000138130	0.30294
10090.ENSMUSP00000113069	10090.ENSMUSP00000115809	0.28781
10090.ENSMUSP00000099358	10090.ENSMUSP00000090681	0.19183
10090.ENSMUSP00000055652	10090.ENSMUSP00000117845	0.33873
10090.ENSMUSP00000079093	10090.ENSMUSP00000138324	0.70662
10090.ENSMUSP00000118392	10090.ENSMUSP00000139094	0.22112
10090.ENSMUSP00000042473	10090.ENSMUSP00000127174	0.55702
10090.ENSMUSP00000047237	10090.ENSMUSP00000087633	0.32403
10090.ENSMUSP00000098848	10090.ENSMUSP00000121637	0.78343
10090.ENSMUSP00000040080	10090.ENSMUSP00000048555	0.52362
10090.ENSMUSP00000025218	10090.ENSMUSP00000120584	0.1989
10090.ENSMUSP00000024946	10090.ENSMUSP00000138519	0.32703
10090.ENSMUSP00000103342	10090.ENSMUSP00000048229	0.52229
10090.ENSMUSP00000070229	10090.ENSMUSP00000108375	0.20972
10090.ENSMUSP00000138725	10090.ENSMUSP00000018743	0.11987
10090.ENSMUSP00000029175	10090.ENSMUSP00000104088	0.23008
10090.ENSMUSP00000099096	10090.ENSMUSP00000090305	0.55465
10090.ENSMUSP00000099822	10090.ENSMUSP00000114541	0.21495
10090.ENSMUSP00000081849	10090.ENSMUSP00000135291	0.24111
10090.ENSMUSP00000056358	10090.ENSMUSP00000132955	0.5733
10090.ENSMUSP00000074818	10090.ENSMUSP00000130680	0.25833
10090.ENSMUSP00000103349	10090.ENSMUSP00000095270	0.19426
10090.ENSMUSP00000059719	10090.ENSMUSP00000110434	0.18062
10090.ENSMUSP00000108421	10090.ENSMUSP00000117782	0.48286
10090.ENSMUSP00000121524	10090.ENSMUSP00000115189	0.54763
10090.ENSMUSP00000102397	10090.ENSMUSP00000137977	0.3065
10090.ENSMUSP00000110325	10090.ENSMUSP00000139809	0.14477
10090.ENSMUSP00000116039	10090.ENSMUSP00000067018	0.2375
10090.ENSMUSP00000031103	10090.ENSMUSP00000103673	0.28265
10090.ENSMUSP00000105163	10090.ENSMUSP00000004343	0.31062
10090.ENSMUSP00000082055	10090.ENSMUSP00000117443	0.20052
10090.ENSMUSP00000071513	10090.ENSMUSP00000139725	0.2864
10090.ENSMUSP00000032561	10090.ENSMUSP00000083505	0.34554
10090.ENSMUSP00000125480	10090.ENSMUSP00000114080	0.20934
10090.ENSMUSP00000137503	10090.ENSMUSP00000104289	0.20057
10090.ENSMUSP00000117723	10090.ENSMUSP00000122586	0.32919
10090.ENSMUSP00000100898	10090.ENSMUSP00000127439	0.19389
10090.ENSMUSP00000132145	10090.ENSMUSP00000138445	0.15123
10090.ENSMUSP00000103711	10090.ENSMUSP00000098648	0.41123
10090.ENSMUSP00000101006	10090.ENSMUSP00000117289	0.15457
10090.ENSMUSP00000076562	10090.ENSMUSP00000031678	0.24095
10090.ENSMUSP00000117411	10090.ENSMUSP00000029920	0.24228
10090.ENSMUSP00000127071	10090.ENSMUSP00000139001	0.35688
10090.ENSMUSP00000032492	10090.ENSMUSP00000108651	0.37598
10090.ENSMUSP00000065278	10090.ENSMUSP00000034197	0.28644
10090.ENSMUSP00000037137	10090.ENSMUSP00000123508	0.46178
10090.ENSMUSP00000079566	10090.ENSMUSP00000136158	0.24842
10090.ENSMUSP00000064886	10090.ENSMUSP00000028814	0.29777
10090.ENSMUSP00000113140	10090.ENSMUSP00000115874	0.21961
10090.ENSMUSP00000112987	10090.ENSMUSP00000137701	0.21149
10090.ENSMUSP00000086520	10090.ENSMUSP00000041149	0.17205
10090.ENSMUSP00000017799	10090.ENSMUSP00000029803	0.24748
10090.ENSMUSP00000140083	10090.ENSMUSP00000113359	0.38726
10090.ENSMUSP00000097380	10090.ENSMUSP00000122702	0.44931
10090.ENSMUSP00000106602	10090.ENSMUSP00000105713	0.53249
10090.ENSMUSP00000061578	10090.ENSMUSP00000123195	0.609
10090.ENSMUSP00000136882	10090.ENSMUSP00000124037	0.21918
10090.ENSMUSP00000078059	10090.ENSMUSP00000032906	0.44943
10090.ENSMUSP00000055862	10090.ENSMUSP00000085137	0.26902
10090.ENSMUSP00000117468	10090.ENSMUSP00000131836	0.41584
10090.ENSMUSP00000133729	10090.ENSMUSP00000056182	0.30526
10090.ENSMUSP00000017530	10090.ENSMUSP00000122756	0.24544
10090.ENSMUSP00000116150	10090.ENSMUSP00000113608	0.26452
10090.ENSMUSP00000125540	10090.ENSMUSP00000070405	0.70299
10090.ENSMUSP00000018522	10090.ENSMUSP00000128643	0.39861
10090.ENSMUSP00000054856	10090.ENSMUSP00000090370	0.47062
10090.ENSMUSP00000086143	10090.ENSMUSP00000135521	0.34477
10090.ENSMUSP00000110572	10090.ENSMUSP00000107874	0.34823
10090.ENSMUSP00000139725	10090.ENSMUSP00000090585	0.22754
10090.ENSMUSP00000041967	10090.ENSMUSP00000133099	0.79162
10090.ENSMUSP00000084427	10090.ENSMUSP00000135952	0.33099
10090.ENSMUSP00000053489	10090.ENSMUSP00000096847	0.45591
10090.ENSMUSP00000023818	10090.ENSMUSP00000118213	0.51825
10090.ENSMUSP00000120403	10090.ENSMUSP00000137030	0.44416
10090.ENSMUSP00000028842	10090.ENSMUSP00000088676	0.63579
10090.ENSMUSP00000115808	10090.ENSMUSP00000134114	0.43806
10090.ENSMUSP00000113053	10090.ENSMUSP00000055901	0.35271
10090.ENSMUSP00000140782	10090.ENSMUSP00000108762	0.34433
10090.ENSMUSP00000116505	10090.ENSMUSP00000054834	0.50228
10090.ENSMUSP00000113672	10090.ENSMUSP00000118392	0.28192
10090.ENSMUSP00000065796	10090.ENSMUSP00000114022	0.28713
10090.ENSMUSP00000118374	10090.ENSMUSP00000001824	0.33959
10090.ENSMUSP00000038616	10090.ENSMUSP00000138900	0.71669
10090.ENSMUSP00000141073	10090.ENSMUSP00000116654	0.18906
10090.ENSMUSP00000022813	10090.ENSMUSP00000109297	0.31829
10090.ENSMUSP00000102157	10090.ENSMUSP00000134872	0.4389
10090.ENSMUSP00000095329	10090.ENSMUSP00000120861	0.36498
10090.ENSMUSP00000038638	10090.ENSMUSP00000116288	0.17083
10090.ENSMUSP00000063410	10090.ENSMUSP00000026078	0.31477
10090.ENSMUSP00000133276	10090.ENSMUSP00000113937	0.3683
10090.ENSMUSP00000046216	10090.ENSMUSP00000141060	0.48097
10090.ENSMUSP00000104049	10090.ENSMUSP00000006750	0.18557
10090.ENSMUSP00000031238	10090.ENSMUSP00000069844	0.23916
10090.ENSMUSP00000133026	10090.ENSMUSP00000036032	0.93021
10090.ENSMUSP00000102554	10090.ENSMUSP00000112746	0.3829
10090.ENSMUSP00000119882	10090.ENSMUSP00000124407	0.4393
10090.ENSMUSP00000090850	10090.ENSMUSP00000110501	0.75079
10090.ENSMUSP00000106623	10090.ENSMUSP00000031976	0.26668
10090.ENSMUSP00000103786	10090.ENSMUSP00000118907	0.21261
10090.ENSMUSP00000109372	10090.ENSMUSP00000099567	0.50422
10090.ENSMUSP00000058008	10090.ENSMUSP00000022518	0.35647
10090.ENSMUSP00000071406	10090.ENSMUSP00000081059	0.32278
10090.ENSMUSP00000036907	10090.ENSMUSP00000139730	0.33606
10090.ENSMUSP00000132735	10090.ENSMUSP00000135084	0.28391
10090.ENSMUSP00000049252	10090.ENSMUSP00000086356	0.50392
10090.ENSMUSP00000043818	10090.ENSMUSP00000116360	0.18388
10090.ENSMUSP00000080832	10090.ENSMUSP00000093959	0.18143
10090.ENSMUSP00000105303	10090.ENSMUSP00000031779	0.2103
10090.ENSMUSP00000064543	10090.ENSMUSP00000126602	0.71182
10090.ENSMUSP00000140509	10090.ENSMUSP00000118783	0.35123
10090.ENSMUSP00000058137	10090.ENSMUSP00000000756	0.56346
10090.ENSMUSP00000032648	10090.ENSMUSP00000033915	0.246
10090.ENSMUSP00000113175	10090.ENSMUSP00000128228	0.20576
10090.ENSMUSP00000136675	10090.ENSMUSP00000115922	0.35079
10090.ENSMUSP00000127752	10090.ENSMUSP00000114852	0.43385
10090.ENSMUSP00000115518	10090.ENSMUSP00000117785	0.60358
10090.ENSMUSP00000099705	10090.ENSMUSP00000125880	0.41558
10090.ENSMUSP00000114595	10090.ENSMUSP00000047347	0.34677
10090.ENSMUSP00000037867	10090.ENSMUSP00000135693	0.25797
10090.ENSMUSP00000124806	10090.ENSMUSP00000123589	0.20845
10090.ENSMUSP00000036580	10090.ENSMUSP00000113877	0.30575
10090.ENSMUSP00000000253	10090.ENSMUSP00000135199	0.27473
10090.ENSMUSP00000140276	10090.ENSMUSP00000025567	0.55343
10090.ENSMUSP00000130924	10090.ENSMUSP00000021495	0.28231
10090.ENSMUSP00000027089	10090.ENSMUSP00000021187	0.42044
10090.ENSMUSP00000001008	10090.ENSMUSP00000031895	0.69222
10090.ENSMUSP00000134368	10090.ENSMUSP00000020502	0.37208
10090.ENSMUSP00000033543	10090.ENSMUSP00000114835	0.66766
10090.ENSMUSP00000125139	10090.ENSMUSP00000129389	0.27643
10090.ENSMUSP00000132515	10090.ENSMUSP00000101962	0.3349
10090.ENSMUSP00000117463	10090.ENSMUSP00000029459	0.24575
10090.ENSMUSP00000140350	10090.ENSMUSP00000033585	0.55916
10090.ENSMUSP00000029780	10090.ENSMUSP00000104009	0.41514
10090.ENSMUSP00000126101	10090.ENSMUSP00000138549	0.48049
10090.ENSMUSP00000112914	10090.ENSMUSP00000065046	0.21124
10090.ENSMUSP00000030101	10090.ENSMUSP00000082459	0.47583
10090.ENSMUSP00000133852	10090.ENSMUSP00000113860	0.38233
10090.ENSMUSP00000103039	10090.ENSMUSP00000079957	0.6043
10090.ENSMUSP00000080468	10090.ENSMUSP00000058237	0.51775
10090.ENSMUSP00000102401	10090.ENSMUSP00000111277	0.76857
10090.ENSMUSP00000021381	10090.ENSMUSP00000033086	0.29479
10090.ENSMUSP00000135012	10090.ENSMUSP00000062903	0.33247
10090.ENSMUSP00000117803	10090.ENSMUSP00000110957	0.44841
10090.ENSMUSP00000117545	10090.ENSMUSP00000134656	0.42265
10090.ENSMUSP00000117737	10090.ENSMUSP00000113055	0.2604
10090.ENSMUSP00000097211	10090.ENSMUSP00000116935	0.245
10090.ENSMUSP00000112594	10090.ENSMUSP00000047597	0.70105
10090.ENSMUSP00000119281	10090.ENSMUSP00000114081	0.24106
10090.ENSMUSP00000115241	10090.ENSMUSP00000003826	0.19454
10090.ENSMUSP00000115361	10090.ENSMUSP00000138642	0.46924
10090.ENSMUSP00000061660	10090.ENSMUSP00000063198	0.22026
10090.ENSMUSP00000104441	10090.ENSMUSP00000122755	0.47632
10090.ENSMUSP00000033825	10090.ENSMUSP00000040255	0.42963
10090.ENSMUSP00000116574	10090.ENSMUSP00000036624	0.22622
10090.ENSMUSP00000074009	10090.ENSMUSP00000104219	0.49575
10090.ENSMUSP00000121587	10090.ENSMUSP00000110726	0.22644
10090.ENSMUSP00000101361	10090.ENSMUSP00000123164	0.22787
10090.ENSMUSP00000104906	10090.ENSMUSP00000006139	0.5873
10090.ENSMUSP00000130200	10090.ENSMUSP00000108192	0.47108
10090.ENSMUSP00000090747	10090.ENSMUSP00000028609	0.23007
10090.ENSMUSP00000025944	10090.ENSMUSP00000048041	0.34039
10090.ENSMUSP00000133830	10090.ENSMUSP00000085326	0.24858
10090.ENSMUSP00000120707	10090.ENSMUSP00000047775	0.28906
10090.ENSMUSP00000014698	10090.ENSMUSP00000081001	0.35076
10090.ENSMUSP00000057308	10090.ENSMUSP00000019169	0.18392
10090.ENSMUSP00000029574	10090.ENSMUSP00000037858	0.22328
10090.ENSMUSP00000066839	10090.ENSMUSP00000114325	0.64038
10090.ENSMUSP00000001818	10090.ENSMUSP00000057238	0.72871
10090.ENSMUSP00000131534	10090.ENSMUSP00000080966	0.55423
10090.ENSMUSP00000006435	10090.ENSMUSP00000120436	0.27311
10090.ENSMUSP00000027298	10090.ENSMUSP00000078050	0.28685
10090.ENSMUSP00000052619	10090.ENSMUSP00000038947	0.32005
10090.ENSMUSP00000084494	10090.ENSMUSP00000085163	0.2969
10090.ENSMUSP00000025399	10090.ENSMUSP00000130958	0.4545
10090.ENSMUSP00000119928	10090.ENSMUSP00000102140	0.50524
10090.ENSMUSP00000124477	10090.ENSMUSP00000049331	0.32062
10090.ENSMUSP00000077174	10090.ENSMUSP00000050295	0.41368
10090.ENSMUSP00000055416	10090.ENSMUSP00000099565	0.26854
10090.ENSMUSP00000119706	10090.ENSMUSP00000140005	0.21401
10090.ENSMUSP00000121372	10090.ENSMUSP00000120331	0.2494
10090.ENSMUSP00000104262	10090.ENSMUSP00000092748	0.40609
10090.ENSMUSP00000021405	10090.ENSMUSP00000058355	0.25635
10090.ENSMUSP00000001485	10090.ENSMUSP00000028852	0.33646
10090.ENSMUSP00000107833	10090.ENSMUSP00000120729	0.2685
10090.ENSMUSP00000085127	10090.ENSMUSP00000103800	0.34706
10090.ENSMUSP00000139054	10090.ENSMUSP00000118387	0.32102
10090.ENSMUSP00000120207	10090.ENSMUSP00000025864	0.72738
10090.ENSMUSP00000066859	10090.ENSMUSP00000123521	0.35079
10090.ENSMUSP00000123356	10090.ENSMUSP00000077897	0.22039
10090.ENSMUSP00000103369	10090.ENSMUSP00000079967	0.36337
10090.ENSMUSP00000116988	10090.ENSMUSP00000108537	0.25237
10090.ENSMUSP00000049832	10090.ENSMUSP00000023501	0.59468
10090.ENSMUSP00000134133	10090.ENSMUSP00000138940	0.24162
10090.ENSMUSP00000110578	10090.ENSMUSP00000116187	0.21045
10090.ENSMUSP00000138654	10090.ENSMUSP00000107965	0.31565
10090.ENSMUSP00000058697	10090.ENSMUSP00000113930	0.39881
10090.ENSMUSP00000032761	10090.ENSMUSP00000049132	0.48042
10090.ENSMUSP00000127520	10090.ENSMUSP00000046786	0.30032
10090.ENSMUSP00000140805	10090.ENSMUSP00000060218	0.36099
10090.ENSMUSP00000112733	10090.ENSMUSP00000119052	0.41269
10090.ENSMUSP00000068562	10090.ENSMUSP00000122639	0.27158
10090.ENSMUSP00000051206	10090.ENSMUSP00000067898	0.52282
10090.ENSMUSP00000097201	10090.ENSMUSP00000058450	0.27942
10090.ENSMUSP00000123715	10090.ENSMUSP00000101994	0.37608
10090.ENSMUSP00000137683	10090.ENSMUSP00000126985	0.20774
10090.ENSMUSP00000103641	10090.ENSMUSP00000069915	0.36624
10090.ENSMUSP00000042334	10090.ENSMUSP00000028151	0.32177
10090.ENSMUSP00000044603	10090.ENSMUSP00000061092	0.23377
10090.ENSMUSP00000125578	10090.ENSMUSP00000127196	0.3108
10090.ENSMUSP00000140067	10090.ENSMUSP00000102690	0.33063
10090.ENSMUSP00000034226	10090.ENSMUSP00000120109	0.49902
10090.ENSMUSP00000027351	10090.ENSMUSP00000037348	0.61374
10090.ENSMUSP00000071578	10090.ENSMUSP00000137259	0.39825
10090.ENSMUSP00000128400	10090.ENSMUSP00000033900	0.50213
10090.ENSMUSP00000136234	10090.ENSMUSP00000137948	0.55229
10090.ENSMUSP00000114621	10090.ENSMUSP00000025656	0.28297
10090.ENSMUSP00000124161	10090.ENSMUSP00000109159	0.22356
10090.ENSMUSP00000061597	10090.ENSMUSP00000062593	0.42075
10090.ENSMUSP00000121462	10090.ENSMUSP00000110311	0.30747
10090.ENSMUSP00000053275	10090.ENSMUSP00000123452	0.44164
10090.ENSMUSP00000101327	10090.ENSMUSP00000093476	0.30161
10090.ENSMUSP00000027581	10090.ENSMUSP00000096139	0.4048
10090.ENSMUSP00000026318	10090.ENSMUSP00000079030	0.60435
10090.ENSMUSP00000108010	10090.ENSMUSP00000116207	0.40672
10090.ENSMUSP00000062919	10090.ENSMUSP00000105362	0.22601
10090.ENSMUSP00000040860	10090.ENSMUSP00000103847	0.82472
10090.ENSMUSP00000050289	10090.ENSMUSP00000140468	0.29443
10090.ENSMUSP00000019911	10090.ENSMUSP00000100618	0.61113
10090.ENSMUSP00000121181	10090.ENSMUSP00000049975	0.27867
10090.ENSMUSP00000039820	10090.ENSMUSP00000137096	0.48066
10090.ENSMUSP00000108519	10090.ENSMUSP00000114402	0.24707
10090.ENSMUSP00000135440	10090.ENSMUSP00000044554	0.20939
10090.ENSMUSP00000122848	10090.ENSMUSP00000082763	0.46293
10090.ENSMUSP00000134927	10090.ENSMUSP00000106357	0.75079
10090.ENSMUSP00000096139	10090.ENSMUSP00000110965	0.52482
10090.ENSMUSP00000097373	10090.ENSMUSP00000096807	0.23715
10090.ENSMUSP00000112250	10090.ENSMUSP00000072616	0.7045
10090.ENSMUSP00000026420	10090.ENSMUSP00000073175	0.25961
10090.ENSMUSP00000112794	10090.ENSMUSP00000138542	0.33179
10090.ENSMUSP00000056862	10090.ENSMUSP00000130277	0.65363
10090.ENSMUSP00000087372	10090.ENSMUSP00000116813	0.23033
10090.ENSMUSP00000123297	10090.ENSMUSP00000137514	0.40971
10090.ENSMUSP00000137264	10090.ENSMUSP00000124932	0.18038
10090.ENSMUSP00000028838	10090.ENSMUSP00000104040	0.63849
10090.ENSMUSP00000121495	10090.ENSMUSP00000135727	0.4938
10090.ENSMUSP00000113715	10090.ENSMUSP00000137907	0.31307
10090.ENSMUSP00000023478	10090.ENSMUSP00000095558	0.21009
10090.ENSMUSP00000127093	10090.ENSMUSP00000128843	0.22317
10090.ENSMUSP00000101829	10090.ENSMUSP00000112600	0.29153
10090.ENSMUSP00000026841	10090.ENSMUSP00000102198	0.60063
10090.ENSMUSP00000001700	10090.ENSMUSP00000007799	0.34041
10090.ENSMUSP00000128799	10090.ENSMUSP00000040920	0.23607
10090.ENSMUSP00000141052	10090.ENSMUSP00000053192	0.23226
10090.ENSMUSP00000048816	10090.ENSMUSP00000105823	0.65828
10090.ENSMUSP00000133725	10090.ENSMUSP00000128127	0.5545
10090.ENSMUSP00000027498	10090.ENSMUSP00000130925	0.33216
10090.ENSMUSP00000127555	10090.ENSMUSP00000136010	0.56573
10090.ENSMUSP00000101519	10090.ENSMUSP00000068894	0.449
10090.ENSMUSP00000031175	10090.ENSMUSP00000116849	0.2952
10090.ENSMUSP00000108819	10090.ENSMUSP00000129379	0.43724
10090.ENSMUSP00000135837	10090.ENSMUSP00000084065	0.30858
10090.ENSMUSP00000080743	10090.ENSMUSP00000048754	0.54861
10090.ENSMUSP00000089014	10090.ENSMUSP00000113639	0.41352
10090.ENSMUSP00000110606	10090.ENSMUSP00000031971	0.29172
10090.ENSMUSP00000128415	10090.ENSMUSP00000086998	0.20997
10090.ENSMUSP00000043061	10090.ENSMUSP00000109948	0.34439
10090.ENSMUSP00000101858	10090.ENSMUSP00000125720	0.30881
10090.ENSMUSP00000031376	10090.ENSMUSP00000083655	0.23364
10090.ENSMUSP00000099901	10090.ENSMUSP00000054451	0.26325
10090.ENSMUSP00000132737	10090.ENSMUSP00000134713	0.32172
10090.ENSMUSP00000051805	10090.ENSMUSP00000069725	0.57413
10090.ENSMUSP00000110501	10090.ENSMUSP00000067190	0.38644
10090.ENSMUSP00000104132	10090.ENSMUSP00000117319	0.59481
10090.ENSMUSP00000115341	10090.ENSMUSP00000046536	0.19884
10090.ENSMUSP00000138047	10090.ENSMUSP00000115824	0.30041
10090.ENSMUSP00000134102	10090.ENSMUSP00000093581	0.24486
10090.ENSMUSP00000033483	10090.ENSMUSP00000132429	0.55941
10090.ENSMUSP00000136013	10090.ENSMUSP00000136767	0.40355
10090.ENSMUSP00000027291	10090.ENSMUSP00000103558	0.36971
10090.ENSMUSP00000120052	10090.ENSMUSP00000123190	0.18395
10090.ENSMUSP00000117418	10090.ENSMUSP00000049784	0.33066
10090.ENSMUSP00000022331	10090.ENSMUSP00000030455	0.33402
10090.ENSMUSP00000113623	10090.ENSMUSP00000020982	0.42539
10090.ENSMUSP00000134804	10090.ENSMUSP00000133247	0.21026
10090.ENSMUSP00000071255	10090.ENSMUSP00000134726	0.30179
10090.ENSMUSP00000021285	10090.ENSMUSP00000025961	0.16094
10090.ENSMUSP00000077873	10090.ENSMUSP00000118237	0.43104
10090.ENSMUSP00000040048	10090.ENSMUSP00000103386	0.38093
10090.ENSMUSP00000033418	10090.ENSMUSP00000119305	0.36562
10090.ENSMUSP00000141052	10090.ENSMUSP00000039879	0.30766
10090.ENSMUSP00000107140	10090.ENSMUSP00000125362	0.31896
10090.ENSMUSP00000115520	10090.ENSMUSP00000121381	0.22531
10090.ENSMUSP00000017692	10090.ENSMUSP00000020283	0.37468
10090.ENSMUSP00000122004	10090.ENSMUSP00000122070	0.21867
10090.ENSMUSP00000123551	10090.ENSMUSP00000106205	0.23083
10090.ENSMUSP00000135262	10090.ENSMUSP00000120122	0.39671
10090.ENSMUSP00000034203	10090.ENSMUSP00000101137	0.40654
10090.ENSMUSP00000116437	10090.ENSMUSP00000106600	0.25954
10090.ENSMUSP00000140721	10090.ENSMUSP00000115304	0.38889
10090.ENSMUSP00000137941	10090.ENSMUSP00000108210	0.46605
10090.ENSMUSP00000005820	10090.ENSMUSP00000074600	0.3129
10090.ENSMUSP00000123770	10090.ENSMUSP00000056196	0.39805
10090.ENSMUSP00000008812	10090.ENSMUSP00000033342	0.37714
10090.ENSMUSP00000140103	10090.ENSMUSP00000132811	0.39862
10090.ENSMUSP00000116378	10090.ENSMUSP00000091505	0.38426
10090.ENSMUSP00000109817	10090.ENSMUSP00000136448	0.53152
10090.ENSMUSP00000125029	10090.ENSMUSP00000135159	0.21321
10090.ENSMUSP00000117280	10090.ENSMUSP00000116868	0.49104
10090.ENSMUSP00000090873	10090.ENSMUSP00000013458	0.31658
10090.ENSMUSP00000097682	10090.ENSMUSP00000134714	0.39495
10090.ENSMUSP00000091488	10090.ENSMUSP00000120688	0.25433
10090.ENSMUSP00000120994	10090.ENSMUSP00000120580	0.31275
10090.ENSMUSP00000110235	10090.ENSMUSP00000041581	0.30667
10090.ENSMUSP00000070415	10090.ENSMUSP00000100935	0.41309
10090.ENSMUSP00000004949	10090.ENSMUSP00000135859	0.24915
10090.ENSMUSP00000112751	10090.ENSMUSP00000055637	0.58738
10090.ENSMUSP00000071583	10090.ENSMUSP00000097392	0.46891
10090.ENSMUSP00000110610	10090.ENSMUSP00000059224	0.21205
10090.ENSMUSP00000127034	10090.ENSMUSP00000052320	0.24584
10090.ENSMUSP00000108493	10090.ENSMUSP00000115125	0.24924
10090.ENSMUSP00000106853	10090.ENSMUSP00000136521	0.27266
10090.ENSMUSP00000030651	10090.ENSMUSP00000126447	0.22082
10090.ENSMUSP00000026557	10090.ENSMUSP00000133591	0.77108
10090.ENSMUSP00000077289	10090.ENSMUSP00000118857	0.28801
10090.ENSMUSP00000119165	10090.ENSMUSP00000101204	0.31853
10090.ENSMUSP00000095932	10090.ENSMUSP00000125086	0.32822
10090.ENSMUSP00000087477	10090.ENSMUSP00000045121	0.28818
10090.ENSMUSP00000117767	10090.ENSMUSP00000021870	0.19847
10090.ENSMUSP00000068184	10090.ENSMUSP00000004136	0.48905
10090.ENSMUSP00000116534	10090.ENSMUSP00000113456	0.55406
10090.ENSMUSP00000140952	10090.ENSMUSP00000118623	0.37599
10090.ENSMUSP00000095596	10090.ENSMUSP00000132833	0.47222
10090.ENSMUSP00000124369	10090.ENSMUSP00000108036	0.43206
10090.ENSMUSP00000121702	10090.ENSMUSP00000059834	0.36187
10090.ENSMUSP00000122712	10090.ENSMUSP00000064823	0.21484
10090.ENSMUSP00000095526	10090.ENSMUSP00000117692	0.39432
10090.ENSMUSP00000139210	10090.ENSMUSP00000131257	0.28209
10090.ENSMUSP00000031797	10090.ENSMUSP00000035110	0.36562
10090.ENSMUSP00000080511	10090.ENSMUSP00000112134	0.48231
10090.ENSMUSP00000107712	10090.ENSMUSP00000013615	0.38725
10090.ENSMUSP00000137942	10090.ENSMUSP00000120607	0.30332
10090.ENSMUSP00000131304	10090.ENSMUSP00000028426	0.31972
10090.ENSMUSP00000073973	10090.ENSMUSP00000133918	0.37564
10090.ENSMUSP00000004456	10090.ENSMUSP00000036849	0.39692
10090.ENSMUSP00000044877	10090.ENSMUSP00000020358	0.30466
10090.ENSMUSP00000102517	10090.ENSMUSP00000026506	0.56149
10090.ENSMUSP00000131743	10090.ENSMUSP00000068902	0.32319
10090.ENSMUSP00000062790	10090.ENSMUSP00000057670	0.46202
10090.ENSMUSP00000020657	10090.ENSMUSP00000023867	0.4399
10090.ENSMUSP00000104570	10090.ENSMUSP00000084097	0.17147
10090.ENSMUSP00000047441	10090.ENSMUSP00000029172	0.45193
10090.ENSMUSP00000127525	10090.ENSMUSP00000124099	0.30401
10090.ENSMUSP00000085122	10090.ENSMUSP00000050412	0.4183
10090.ENSMUSP00000109816	10090.ENSMUSP00000018755	0.38784
10090.ENSMUSP00000085457	10090.ENSMUSP00000135550	0.60131
10090.ENSMUSP00000106425	10090.ENSMUSP00000085523	0.25695
10090.ENSMUSP00000121288	10090.ENSMUSP00000129149	0.44061
10090.ENSMUSP00000033095	10090.ENSMUSP00000062344	0.26195
10090.ENSMUSP00000096496	10090.ENSMUSP00000068770	0.47298
10090.ENSMUSP00000134704	10090.ENSMUSP00000073371	0.39014
10090.ENSMUSP00000008088	10090.ENSMUSP00000032383	0.19874
10090.ENSMUSP00000127913	10090.ENSMUSP00000073789	0.27852
10090.ENSMUSP00000011776	10090.ENSMUSP00000140319	0.34415
10090.ENSMUSP00000058846	10090.ENSMUSP00000021888	0.26165
10090.ENSMUSP00000061523	10090.ENSMUSP00000133824	0.22466
10090.ENSMUSP00000117953	10090.ENSMUSP00000099412	0.29127
10090.ENSMUSP00000123281	10090.ENSMUSP00000108344	0.38837
10090.ENSMUSP00000022532	10090.ENSMUSP00000124305	0.25402
10090.ENSMUSP00000133345	10090.ENSMUSP00000133974	0.40435
10090.ENSMUSP00000119101	10090.ENSMUSP00000080717	0.22356
10090.ENSMUSP00000059494	10090.ENSMUSP00000072074	0.57971
10090.ENSMUSP00000122956	10090.ENSMUSP00000091678	0.25641
10090.ENSMUSP00000099733	10090.ENSMUSP00000119142	0.28667
10090.ENSMUSP00000016031	10090.ENSMUSP00000115620	0.27857
10090.ENSMUSP00000138184	10090.ENSMUSP00000136858	0.25924
10090.ENSMUSP00000099396	10090.ENSMUSP00000020681	0.31867
10090.ENSMUSP00000095828	10090.ENSMUSP00000055984	0.28735
10090.ENSMUSP00000118523	10090.ENSMUSP00000126316	0.39126
10090.ENSMUSP00000136031	10090.ENSMUSP00000089721	0.24308
10090.ENSMUSP00000007266	10090.ENSMUSP00000130777	0.68033
10090.ENSMUSP00000069371	10090.ENSMUSP00000131334	0.39996
10090.ENSMUSP00000110596	10090.ENSMUSP00000085549	0.22018
10090.ENSMUSP00000080659	10090.ENSMUSP00000086886	0.26677
10090.ENSMUSP00000120086	10090.ENSMUSP00000099673	0.58432
10090.ENSMUSP00000001818	10090.ENSMUSP00000101146	0.44079
10090.ENSMUSP00000020662	10090.ENSMUSP00000118350	0.25173
10090.ENSMUSP00000122364	10090.ENSMUSP00000125222	0.26152
10090.ENSMUSP00000098396	10090.ENSMUSP00000098807	0.3774
10090.ENSMUSP00000025635	10090.ENSMUSP00000100531	0.26648
10090.ENSMUSP00000048078	10090.ENSMUSP00000123324	0.22965
10090.ENSMUSP00000137632	10090.ENSMUSP00000019920	0.2585
10090.ENSMUSP00000039121	10090.ENSMUSP00000110373	0.27763
10090.ENSMUSP00000105823	10090.ENSMUSP00000134331	0.62964
10090.ENSMUSP00000029524	10090.ENSMUSP00000126403	0.26913
10090.ENSMUSP00000029014	10090.ENSMUSP00000021426	0.35219
10090.ENSMUSP00000034991	10090.ENSMUSP00000085115	0.31509
10090.ENSMUSP00000069159	10090.ENSMUSP00000008684	0.29804
10090.ENSMUSP00000039040	10090.ENSMUSP00000107716	0.08686
10090.ENSMUSP00000007161	10090.ENSMUSP00000113373	0.40839
10090.ENSMUSP00000116973	10090.ENSMUSP00000024338	0.27129
10090.ENSMUSP00000099542	10090.ENSMUSP00000114101	0.63481
10090.ENSMUSP00000046999	10090.ENSMUSP00000123175	0.449
10090.ENSMUSP00000133882	10090.ENSMUSP00000072395	0.16493
10090.ENSMUSP00000068770	10090.ENSMUSP00000075374	0.45128
10090.ENSMUSP00000034280	10090.ENSMUSP00000129122	0.32894
10090.ENSMUSP00000113186	10090.ENSMUSP00000047692	0.33565
10090.ENSMUSP00000120867	10090.ENSMUSP00000099644	0.25892
10090.ENSMUSP00000019854	10090.ENSMUSP00000119535	0.26075
10090.ENSMUSP00000130960	10090.ENSMUSP00000138429	0.2741
10090.ENSMUSP00000129585	10090.ENSMUSP00000048558	0.32271
10090.ENSMUSP00000130992	10090.ENSMUSP00000105772	0.3006
10090.ENSMUSP00000112755	10090.ENSMUSP00000127561	0.20321
10090.ENSMUSP00000101161	10090.ENSMUSP00000120934	0.47542
10090.ENSMUSP00000077106	10090.ENSMUSP00000114843	0.38518
10090.ENSMUSP00000117289	10090.ENSMUSP00000102287	0.3463
10090.ENSMUSP00000093614	10090.ENSMUSP00000117767	0.32808
10090.ENSMUSP00000061100	10090.ENSMUSP00000021729	0.21481
10090.ENSMUSP00000122459	10090.ENSMUSP00000029142	0.52276
10090.ENSMUSP00000073911	10090.ENSMUSP00000131374	0.2329
10090.ENSMUSP00000039718	10090.ENSMUSP00000074421	0.35466
10090.ENSMUSP00000039466	10090.ENSMUSP00000068203	0.24546
10090.ENSMUSP00000088935	10090.ENSMUSP00000098093	0.74598
10090.ENSMUSP00000097352	10090.ENSMUSP00000118160	0.3429
10090.ENSMUSP00000139961	10090.ENSMUSP00000022697	0.36435
10090.ENSMUSP00000098759	10090.ENSMUSP00000023105	0.30109
10090.ENSMUSP00000123125	10090.ENSMUSP00000107698	0.2061
10090.ENSMUSP00000106014	10090.ENSMUSP00000125651	0.42551
10090.ENSMUSP00000057563	10090.ENSMUSP00000092050	0.29107
10090.ENSMUSP00000076294	10090.ENSMUSP00000140074	0.21838
10090.ENSMUSP00000065233	10090.ENSMUSP00000140986	0.19805
10090.ENSMUSP00000140785	10090.ENSMUSP00000079239	0.29474
10090.ENSMUSP00000006046	10090.ENSMUSP00000130832	0.31225
10090.ENSMUSP00000088957	10090.ENSMUSP00000105527	0.30832
10090.ENSMUSP00000112541	10090.ENSMUSP00000123688	0.32014
10090.ENSMUSP00000114136	10090.ENSMUSP00000119414	0.38808
10090.ENSMUSP00000097373	10090.ENSMUSP00000136848	0.23362
10090.ENSMUSP00000076967	10090.ENSMUSP00000136235	0.22931
10090.ENSMUSP00000114200	10090.ENSMUSP00000085900	0.23032
10090.ENSMUSP00000100475	10090.ENSMUSP00000096495	0.54991
10090.ENSMUSP00000105997	10090.ENSMUSP00000139738	0.42859
10090.ENSMUSP00000134520	10090.ENSMUSP00000055934	0.59397
10090.ENSMUSP00000063266	10090.ENSMUSP00000071011	0.25403
10090.ENSMUSP00000100673	10090.ENSMUSP00000077606	0.22403
10090.ENSMUSP00000108082	10090.ENSMUSP00000119782	0.50178
10090.ENSMUSP00000068999	10090.ENSMUSP00000103183	0.50606
10090.ENSMUSP00000005953	10090.ENSMUSP00000015998	0.28581
10090.ENSMUSP00000120420	10090.ENSMUSP00000069567	0.60697
10090.ENSMUSP00000114192	10090.ENSMUSP00000120859	0.19844
10090.ENSMUSP00000037120	10090.ENSMUSP00000128585	0.30067
10090.ENSMUSP00000056043	10090.ENSMUSP00000127772	0.23542
10090.ENSMUSP00000035583	10090.ENSMUSP00000045024	0.32767
10090.ENSMUSP00000048222	10090.ENSMUSP00000028132	0.40197
10090.ENSMUSP00000058757	10090.ENSMUSP00000106735	0.25414
10090.ENSMUSP00000018795	10090.ENSMUSP00000134130	0.4833
10090.ENSMUSP00000072830	10090.ENSMUSP00000120636	0.69104
10090.ENSMUSP00000031971	10090.ENSMUSP00000124167	0.50091
10090.ENSMUSP00000031728	10090.ENSMUSP00000034473	0.19748
10090.ENSMUSP00000060137	10090.ENSMUSP00000103306	0.50789
10090.ENSMUSP00000024639	10090.ENSMUSP00000029142	0.33889
10090.ENSMUSP00000082543	10090.ENSMUSP00000022304	0.45125
10090.ENSMUSP00000112478	10090.ENSMUSP00000097150	0.45203
10090.ENSMUSP00000109704	10090.ENSMUSP00000091781	0.20014
10090.ENSMUSP00000037259	10090.ENSMUSP00000138736	0.21267
10090.ENSMUSP00000032447	10090.ENSMUSP00000140476	0.47405
10090.ENSMUSP00000119509	10090.ENSMUSP00000116966	0.21695
10090.ENSMUSP00000095561	10090.ENSMUSP00000125823	0.45459
10090.ENSMUSP00000056682	10090.ENSMUSP00000079100	0.20538
10090.ENSMUSP00000046337	10090.ENSMUSP00000054994	0.27151
10090.ENSMUSP00000134127	10090.ENSMUSP00000005452	0.18124
10090.ENSMUSP00000117970	10090.ENSMUSP00000104397	0.30084
10090.ENSMUSP00000120330	10090.ENSMUSP00000119575	0.51279
10090.ENSMUSP00000114101	10090.ENSMUSP00000093089	0.76111
10090.ENSMUSP00000092380	10090.ENSMUSP00000115677	0.19757
10090.ENSMUSP00000031341	10090.ENSMUSP00000125644	0.71592
10090.ENSMUSP00000092627	10090.ENSMUSP00000139962	0.36255
10090.ENSMUSP00000114015	10090.ENSMUSP00000125307	0.29259
10090.ENSMUSP00000022007	10090.ENSMUSP00000017751	0.63965
10090.ENSMUSP00000139580	10090.ENSMUSP00000048773	0.39024
10090.ENSMUSP00000031739	10090.ENSMUSP00000125101	0.45489
10090.ENSMUSP00000081799	10090.ENSMUSP00000134457	0.1386
10090.ENSMUSP00000121189	10090.ENSMUSP00000024930	0.28934
10090.ENSMUSP00000123760	10090.ENSMUSP00000039784	0.4362
10090.ENSMUSP00000126914	10090.ENSMUSP00000007993	0.38295
10090.ENSMUSP00000126480	10090.ENSMUSP00000135932	0.43349
10090.ENSMUSP00000102833	10090.ENSMUSP00000081451	0.0196
10090.ENSMUSP00000093059	10090.ENSMUSP00000023718	0.24415
10090.ENSMUSP00000139402	10090.ENSMUSP00000136490	0.22093
10090.ENSMUSP00000022637	10090.ENSMUSP00000111299	0.28406
10090.ENSMUSP00000135297	10090.ENSMUSP00000109413	0.29187
10090.ENSMUSP00000002303	10090.ENSMUSP00000062333	0.56658
10090.ENSMUSP00000120477	10090.ENSMUSP00000064355	0.5653
10090.ENSMUSP00000110736	10090.ENSMUSP00000077303	0.51993
10090.ENSMUSP00000131952	10090.ENSMUSP00000096087	0.24732
10090.ENSMUSP00000125364	10090.ENSMUSP00000082777	0.73203
10090.ENSMUSP00000139690	10090.ENSMUSP00000020273	0.8236
10090.ENSMUSP00000022446	10090.ENSMUSP00000022623	0.34771
10090.ENSMUSP00000115715	10090.ENSMUSP00000131773	0.50437
10090.ENSMUSP00000121687	10090.ENSMUSP00000118238	0.28852
10090.ENSMUSP00000050267	10090.ENSMUSP00000112627	0.24612
10090.ENSMUSP00000031045	10090.ENSMUSP00000138041	0.17457
10090.ENSMUSP00000129804	10090.ENSMUSP00000086568	0.25075
10090.ENSMUSP00000115932	10090.ENSMUSP00000122836	0.37939
10090.ENSMUSP00000087118	10090.ENSMUSP00000136792	0.48119
10090.ENSMUSP00000140332	10090.ENSMUSP00000038204	0.25811
10090.ENSMUSP00000018002	10090.ENSMUSP00000118240	0.40684
10090.ENSMUSP00000106052	10090.ENSMUSP00000103755	0.53628
10090.ENSMUSP00000117635	10090.ENSMUSP00000114575	0.31146
10090.ENSMUSP00000103548	10090.ENSMUSP00000078132	0.33235
10090.ENSMUSP00000035976	10090.ENSMUSP00000037018	0.24744
10090.ENSMUSP00000103937	10090.ENSMUSP00000101722	0.26797
10090.ENSMUSP00000079851	10090.ENSMUSP00000067623	0.53824
10090.ENSMUSP00000136383	10090.ENSMUSP00000076253	0.58249
10090.ENSMUSP00000063194	10090.ENSMUSP00000099717	0.27667
10090.ENSMUSP00000139665	10090.ENSMUSP00000137043	0.4164
10090.ENSMUSP00000070621	10090.ENSMUSP00000017878	0.56072
10090.ENSMUSP00000099822	10090.ENSMUSP00000041006	0.21852
10090.ENSMUSP00000136856	10090.ENSMUSP00000020375	0.35699
10090.ENSMUSP00000077867	10090.ENSMUSP00000113132	0.41176
10090.ENSMUSP00000017142	10090.ENSMUSP00000030251	0.70662
10090.ENSMUSP00000047571	10090.ENSMUSP00000132521	0.5885
10090.ENSMUSP00000119523	10090.ENSMUSP00000140338	0.40852
10090.ENSMUSP00000106461	10090.ENSMUSP00000137767	0.40836
10090.ENSMUSP00000116966	10090.ENSMUSP00000111442	0.4855
10090.ENSMUSP00000118723	10090.ENSMUSP00000134478	0.19627
10090.ENSMUSP00000004770	10090.ENSMUSP00000108255	0.24427
10090.ENSMUSP00000013262	10090.ENSMUSP00000137122	0.71052
10090.ENSMUSP00000122521	10090.ENSMUSP00000025075	0.22484
10090.ENSMUSP00000118254	10090.ENSMUSP00000041450	0.48648
10090.ENSMUSP00000097656	10090.ENSMUSP00000069562	0.43104
10090.ENSMUSP00000137274	10090.ENSMUSP00000065845	0.46905
10090.ENSMUSP00000102361	10090.ENSMUSP00000138425	0.35234
10090.ENSMUSP00000026559	10090.ENSMUSP00000135676	0.21893
10090.ENSMUSP00000027512	10090.ENSMUSP00000120277	0.2322
10090.ENSMUSP00000136794	10090.ENSMUSP00000039139	0.76467
10090.ENSMUSP00000077363	10090.ENSMUSP00000128195	0.22989
10090.ENSMUSP00000113310	10090.ENSMUSP00000125739	0.24316
10090.ENSMUSP00000044653	10090.ENSMUSP00000068823	0.19974
10090.ENSMUSP00000092806	10090.ENSMUSP00000062496	0.38526
10090.ENSMUSP00000110538	10090.ENSMUSP00000006611	0.44164
10090.ENSMUSP00000003521	10090.ENSMUSP00000114332	0.42822
10090.ENSMUSP00000124907	10090.ENSMUSP00000099760	0.30661
10090.ENSMUSP00000101489	10090.ENSMUSP00000034881	0.31394
10090.ENSMUSP00000092253	10090.ENSMUSP00000115986	0.34003
10090.ENSMUSP00000131551	10090.ENSMUSP00000138645	0.16169
10090.ENSMUSP00000124226	10090.ENSMUSP00000106737	0.30158
10090.ENSMUSP00000140662	10090.ENSMUSP00000138853	0.65941
10090.ENSMUSP00000006745	10090.ENSMUSP00000112449	0.52002
10090.ENSMUSP00000049044	10090.ENSMUSP00000028178	0.52944
10090.ENSMUSP00000029446	10090.ENSMUSP00000079660	0.46411
10090.ENSMUSP00000119447	10090.ENSMUSP00000082374	0.53471
10090.ENSMUSP00000057366	10090.ENSMUSP00000026239	0.55679
10090.ENSMUSP00000026744	10090.ENSMUSP00000138194	0.31464
10090.ENSMUSP00000120918	10090.ENSMUSP00000114124	0.3306
10090.ENSMUSP00000120152	10090.ENSMUSP00000036053	0.20005
10090.ENSMUSP00000137570	10090.ENSMUSP00000102690	0.20186
10090.ENSMUSP00000122445	10090.ENSMUSP00000096950	0.29892
10090.ENSMUSP00000126374	10090.ENSMUSP00000104064	0.20665
10090.ENSMUSP00000060835	10090.ENSMUSP00000002549	0.71293
10090.ENSMUSP00000031486	10090.ENSMUSP00000080414	0.20708
10090.ENSMUSP00000116376	10090.ENSMUSP00000127973	0.5995
10090.ENSMUSP00000117626	10090.ENSMUSP00000123303	0.33629
10090.ENSMUSP00000049109	10090.ENSMUSP00000122872	0.35827
10090.ENSMUSP00000078145	10090.ENSMUSP00000101182	0.29116
10090.ENSMUSP00000138741	10090.ENSMUSP00000123441	0.23344
10090.ENSMUSP00000114550	10090.ENSMUSP00000131049	0.71568
10090.ENSMUSP00000113541	10090.ENSMUSP00000113123	0.4383
10090.ENSMUSP00000075595	10090.ENSMUSP00000018087	0.25055
10090.ENSMUSP00000071358	10090.ENSMUSP00000133764	0.54245
10090.ENSMUSP00000106838	10090.ENSMUSP00000135220	0.79495
10090.ENSMUSP00000047024	10090.ENSMUSP00000115927	0.37962
10090.ENSMUSP00000110059	10090.ENSMUSP00000096494	0.45304
10090.ENSMUSP00000105153	10090.ENSMUSP00000054121	0.26282
10090.ENSMUSP00000129503	10090.ENSMUSP00000054533	0.17833
10090.ENSMUSP00000113741	10090.ENSMUSP00000121049	0.34241
10090.ENSMUSP00000029175	10090.ENSMUSP00000126796	0.17467
10090.ENSMUSP00000070037	10090.ENSMUSP00000123716	0.42304
10090.ENSMUSP00000131327	10090.ENSMUSP00000107141	0.3624
10090.ENSMUSP00000119684	10090.ENSMUSP00000097296	0.60097
10090.ENSMUSP00000066637	10090.ENSMUSP00000103976	0.66774
10090.ENSMUSP00000033711	10090.ENSMUSP00000078910	0.6183
10090.ENSMUSP00000054990	10090.ENSMUSP00000047123	0.37688
10090.ENSMUSP00000116596	10090.ENSMUSP00000003964	0.35402
10090.ENSMUSP00000051246	10090.ENSMUSP00000099826	0.34987
10090.ENSMUSP00000134513	10090.ENSMUSP00000075178	0.26121
10090.ENSMUSP00000049759	10090.ENSMUSP00000028985	0.39684
10090.ENSMUSP00000111285	10090.ENSMUSP00000101789	0.27487
10090.ENSMUSP00000118762	10090.ENSMUSP00000096332	0.39078
10090.ENSMUSP00000051652	10090.ENSMUSP00000135142	0.29383
10090.ENSMUSP00000135513	10090.ENSMUSP00000039188	0.33994
10090.ENSMUSP00000119604	10090.ENSMUSP00000112689	0.28735
10090.ENSMUSP00000056461	10090.ENSMUSP00000081011	0.40881
10090.ENSMUSP00000100980	10090.ENSMUSP00000088359	0.32144
10090.ENSMUSP00000125934	10090.ENSMUSP00000108264	0.47743
10090.ENSMUSP00000140437	10090.ENSMUSP00000105274	0.25862
10090.ENSMUSP00000135964	10090.ENSMUSP00000117845	0.57965
10090.ENSMUSP00000115361	10090.ENSMUSP00000105627	0.26404
10090.ENSMUSP00000029999	10090.ENSMUSP00000040083	0.25269
10090.ENSMUSP00000119142	10090.ENSMUSP00000040083	0.30162
10090.ENSMUSP00000139982	10090.ENSMUSP00000118916	0.41465
10090.ENSMUSP00000066040	10090.ENSMUSP00000036898	0.36215
10090.ENSMUSP00000117615	10090.ENSMUSP00000118895	0.18145
10090.ENSMUSP00000076751	10090.ENSMUSP00000107259	0.32808
10090.ENSMUSP00000137383	10090.ENSMUSP00000133951	0.53428
10090.ENSMUSP00000113119	10090.ENSMUSP00000116412	0.28209
10090.ENSMUSP00000016110	10090.ENSMUSP00000140440	0.34656
10090.ENSMUSP00000022678	10090.ENSMUSP00000136624	0.27857
10090.ENSMUSP00000108499	10090.ENSMUSP00000140068	0.31193
10090.ENSMUSP00000139285	10090.ENSMUSP00000139760	0.21591
10090.ENSMUSP00000137754	10090.ENSMUSP00000112979	0.66847
10090.ENSMUSP00000087800	10090.ENSMUSP00000106995	0.55075
10090.ENSMUSP00000126681	10090.ENSMUSP00000098254	0.51649
10090.ENSMUSP00000119411	10090.ENSMUSP00000021323	0.2424
10090.ENSMUSP00000132572	10090.ENSMUSP00000096786	0.3214
10090.ENSMUSP00000070280	10090.ENSMUSP00000138624	0.44374
10090.ENSMUSP00000106459	10090.ENSMUSP00000061062	0.28607
10090.ENSMUSP00000114232	10090.ENSMUSP00000026318	0.63689
10090.ENSMUSP00000122368	10090.ENSMUSP00000106931	0.35915
10090.ENSMUSP00000033210	10090.ENSMUSP00000108487	0.14994
10090.ENSMUSP00000003521	10090.ENSMUSP00000120880	0.32295
10090.ENSMUSP00000121578	10090.ENSMUSP00000140869	0.25615
10090.ENSMUSP00000103953	10090.ENSMUSP00000139832	0.39418
10090.ENSMUSP00000041796	10090.ENSMUSP00000043677	0.42489
10090.ENSMUSP00000058969	10090.ENSMUSP00000140893	0.50323
10090.ENSMUSP00000140749	10090.ENSMUSP00000128974	0.37015
10090.ENSMUSP00000123540	10090.ENSMUSP00000032853	0.81262
10090.ENSMUSP00000132390	10090.ENSMUSP00000030795	0.49054
10090.ENSMUSP00000133350	10090.ENSMUSP00000124066	0.18701
10090.ENSMUSP00000125148	10090.ENSMUSP00000103667	0.22836
10090.ENSMUSP00000140155	10090.ENSMUSP00000086443	0.73806
10090.ENSMUSP00000015680	10090.ENSMUSP00000029214	0.44725
10090.ENSMUSP00000118902	10090.ENSMUSP00000127947	0.72675
10090.ENSMUSP00000135358	10090.ENSMUSP00000134822	0.25091
10090.ENSMUSP00000115400	10090.ENSMUSP00000095426	0.79631
10090.ENSMUSP00000129789	10090.ENSMUSP00000042247	0.30066
10090.ENSMUSP00000073884	10090.ENSMUSP00000002683	0.17412
10090.ENSMUSP00000078275	10090.ENSMUSP00000109453	0.40903
10090.ENSMUSP00000121614	10090.ENSMUSP00000109042	0.34865
10090.ENSMUSP00000130563	10090.ENSMUSP00000111177	0.37759
10090.ENSMUSP00000124142	10090.ENSMUSP00000071022	0.48061
10090.ENSMUSP00000071344	10090.ENSMUSP00000048348	0.15905
10090.ENSMUSP00000118844	10090.ENSMUSP00000101443	0.24519
10090.ENSMUSP00000027165	10090.ENSMUSP00000135058	0.51525
10090.ENSMUSP00000113175	10090.ENSMUSP00000096721	0.22459
10090.ENSMUSP00000022344	10090.ENSMUSP00000106064	0.25099
10090.ENSMUSP00000134169	10090.ENSMUSP00000080162	0.46512
10090.ENSMUSP00000134988	10090.ENSMUSP00000060768	0.33859
10090.ENSMUSP00000043713	10090.ENSMUSP00000109948	0.22183
10090.ENSMUSP00000116058	10090.ENSMUSP00000119570	0.44594
10090.ENSMUSP00000009707	10090.ENSMUSP00000074917	0.43339
10090.ENSMUSP00000126474	10090.ENSMUSP00000027877	0.37523
10090.ENSMUSP00000032998	10090.ENSMUSP00000038352	0.66404
10090.ENSMUSP00000023105	10090.ENSMUSP00000129862	0.62
10090.ENSMUSP00000077573	10090.ENSMUSP00000108319	0.21279
10090.ENSMUSP00000121256	10090.ENSMUSP00000093005	0.47858
10090.ENSMUSP00000088938	10090.ENSMUSP00000092250	0.49752
10090.ENSMUSP00000027277	10090.ENSMUSP00000073907	0.32223
10090.ENSMUSP00000115649	10090.ENSMUSP00000074614	0.50445
10090.ENSMUSP00000087713	10090.ENSMUSP00000115683	0.31806
10090.ENSMUSP00000063114	10090.ENSMUSP00000117445	0.30557
10090.ENSMUSP00000026868	10090.ENSMUSP00000079946	0.56033
10090.ENSMUSP00000110129	10090.ENSMUSP00000023568	0.32106
10090.ENSMUSP00000106627	10090.ENSMUSP00000004964	0.30204
10090.ENSMUSP00000102268	10090.ENSMUSP00000088544	0.65889
10090.ENSMUSP00000041060	10090.ENSMUSP00000130459	0.52486
10090.ENSMUSP00000137366	10090.ENSMUSP00000126073	0.2971
10090.ENSMUSP00000100017	10090.ENSMUSP00000124197	0.30352
10090.ENSMUSP00000131873	10090.ENSMUSP00000078227	0.34509
10090.ENSMUSP00000123420	10090.ENSMUSP00000120602	0.38864
10090.ENSMUSP00000127202	10090.ENSMUSP00000055970	0.39374
10090.ENSMUSP00000047173	10090.ENSMUSP00000135009	0.21253
10090.ENSMUSP00000108349	10090.ENSMUSP00000134115	0.37609
10090.ENSMUSP00000124552	10090.ENSMUSP00000044570	0.19109
10090.ENSMUSP00000107457	10090.ENSMUSP00000064603	0.54251
10090.ENSMUSP00000059195	10090.ENSMUSP00000062333	0.36898
10090.ENSMUSP00000030361	10090.ENSMUSP00000130846	0.28002
10090.ENSMUSP00000087800	10090.ENSMUSP00000110134	0.34822
10090.ENSMUSP00000125226	10090.ENSMUSP00000129462	0.28217
10090.ENSMUSP00000075722	10090.ENSMUSP00000018651	0.28341
10090.ENSMUSP00000139043	10090.ENSMUSP00000138821	0.73312
10090.ENSMUSP00000103063	10090.ENSMUSP00000069772	0.34909
10090.ENSMUSP00000138658	10090.ENSMUSP00000128620	0.46796
10090.ENSMUSP00000133545	10090.ENSMUSP00000016678	0.32151
10090.ENSMUSP00000056182	10090.ENSMUSP00000062092	0.4795
10090.ENSMUSP00000025198	10090.ENSMUSP00000104228	0.34722
10090.ENSMUSP00000100046	10090.ENSMUSP00000073852	0.62349
10090.ENSMUSP00000117538	10090.ENSMUSP00000135940	0.91272
10090.ENSMUSP00000005651	10090.ENSMUSP00000136245	0.32484
10090.ENSMUSP00000031183	10090.ENSMUSP00000081745	0.32387
10090.ENSMUSP00000030087	10090.ENSMUSP00000118839	0.38677
10090.ENSMUSP00000003826	10090.ENSMUSP00000063358	0.39167
10090.ENSMUSP00000138706	10090.ENSMUSP00000123558	0.20207
10090.ENSMUSP00000043092	10090.ENSMUSP00000070153	0.45193
10090.ENSMUSP00000118279	10090.ENSMUSP00000101587	0.23716
10090.ENSMUSP00000053489	10090.ENSMUSP00000019386	0.42097
10090.ENSMUSP00000082374	10090.ENSMUSP00000106991	0.22046
10090.ENSMUSP00000110126	10090.ENSMUSP00000106564	0.46546
10090.ENSMUSP00000139467	10090.ENSMUSP00000136042	0.49464
10090.ENSMUSP00000014447	10090.ENSMUSP00000078682	0.21752
10090.ENSMUSP00000120728	10090.ENSMUSP00000088464	0.20069
10090.ENSMUSP00000023341	10090.ENSMUSP00000120277	0.40065
10090.ENSMUSP00000116398	10090.ENSMUSP00000128262	0.19348
10090.ENSMUSP00000115733	10090.ENSMUSP00000134586	0.22165
10090.ENSMUSP00000071351	10090.ENSMUSP00000029717	0.24414
10090.ENSMUSP00000136819	10090.ENSMUSP00000083557	0.48448
10090.ENSMUSP00000034287	10090.ENSMUSP00000130389	0.21124
10090.ENSMUSP00000027780	10090.ENSMUSP00000117869	0.18927
10090.ENSMUSP00000052871	10090.ENSMUSP00000030243	0.34135
10090.ENSMUSP00000107448	10090.ENSMUSP00000008284	0.31661
10090.ENSMUSP00000113173	10090.ENSMUSP00000126762	0.64774
10090.ENSMUSP00000136451	10090.ENSMUSP00000131497	0.40078
10090.ENSMUSP00000065277	10090.ENSMUSP00000130328	0.22123
10090.ENSMUSP00000041653	10090.ENSMUSP00000126554	0.24438
10090.ENSMUSP00000102939	10090.ENSMUSP00000060166	0.20675
10090.ENSMUSP00000093110	10090.ENSMUSP00000039012	0.48103
10090.ENSMUSP00000105447	10090.ENSMUSP00000077168	0.27239
10090.ENSMUSP00000060237	10090.ENSMUSP00000122599	0.56593
10090.ENSMUSP00000115042	10090.ENSMUSP00000102710	0.32875
10090.ENSMUSP00000026902	10090.ENSMUSP00000112333	0.30572
10090.ENSMUSP00000124765	10090.ENSMUSP00000101798	0.42018
10090.ENSMUSP00000080266	10090.ENSMUSP00000062638	0.28961
10090.ENSMUSP00000131917	10090.ENSMUSP00000031331	0.20914
10090.ENSMUSP00000103310	10090.ENSMUSP00000079493	0.47678
10090.ENSMUSP00000129247	10090.ENSMUSP00000140986	0.41069
10090.ENSMUSP00000120746	10090.ENSMUSP00000133866	0.21747
10090.ENSMUSP00000128583	10090.ENSMUSP00000032946	0.34609
10090.ENSMUSP00000025023	10090.ENSMUSP00000107796	0.2199
10090.ENSMUSP00000132739	10090.ENSMUSP00000075658	0.35603
10090.ENSMUSP00000035110	10090.ENSMUSP00000000632	0.21985
10090.ENSMUSP00000093980	10090.ENSMUSP00000101858	0.3908
10090.ENSMUSP00000031268	10090.ENSMUSP00000052871	0.21068
10090.ENSMUSP00000027066	10090.ENSMUSP00000133312	0.20895
10090.ENSMUSP00000003027	10090.ENSMUSP00000125243	0.23045
10090.ENSMUSP00000140181	10090.ENSMUSP00000068559	0.23956
10090.ENSMUSP00000080743	10090.ENSMUSP00000004910	0.38653
10090.ENSMUSP00000096400	10090.ENSMUSP00000118186	0.29686
10090.ENSMUSP00000054938	10090.ENSMUSP00000091390	0.30395
10090.ENSMUSP00000112510	10090.ENSMUSP00000118320	0.44164
10090.ENSMUSP00000023851	10090.ENSMUSP00000135436	0.69749
10090.ENSMUSP00000076216	10090.ENSMUSP00000124391	0.56309
10090.ENSMUSP00000113805	10090.ENSMUSP00000121883	0.31517
10090.ENSMUSP00000108808	10090.ENSMUSP00000001592	0.31511
10090.ENSMUSP00000077977	10090.ENSMUSP00000069832	0.17666
10090.ENSMUSP00000136460	10090.ENSMUSP00000126174	0.37606
10090.ENSMUSP00000115883	10090.ENSMUSP00000099569	0.52481
10090.ENSMUSP00000119946	10090.ENSMUSP00000077828	0.5061
10090.ENSMUSP00000119171	10090.ENSMUSP00000134818	0.37765
10090.ENSMUSP00000071401	10090.ENSMUSP00000108044	0.4347
10090.ENSMUSP00000072205	10090.ENSMUSP00000070592	0.30354
10090.ENSMUSP00000101569	10090.ENSMUSP00000123384	0.17545
10090.ENSMUSP00000106822	10090.ENSMUSP00000034245	0.49424
10090.ENSMUSP00000134531	10090.ENSMUSP00000129628	0.37361
10090.ENSMUSP00000107129	10090.ENSMUSP00000118026	0.2161
10090.ENSMUSP00000036625	10090.ENSMUSP00000120953	0.12279
10090.ENSMUSP00000043041	10090.ENSMUSP00000094167	0.23794
10090.ENSMUSP00000117134	10090.ENSMUSP00000059199	0.38506
10090.ENSMUSP00000135011	10090.ENSMUSP00000135704	0.23568
10090.ENSMUSP00000130128	10090.ENSMUSP00000131288	0.31798
10090.ENSMUSP00000132142	10090.ENSMUSP00000099541	0.57413
10090.ENSMUSP00000112971	10090.ENSMUSP00000119625	0.25204
10090.ENSMUSP00000117057	10090.ENSMUSP00000065282	0.31049
10090.ENSMUSP00000110279	10090.ENSMUSP00000105769	0.6193
10090.ENSMUSP00000097656	10090.ENSMUSP00000122701	0.35501
10090.ENSMUSP00000124344	10090.ENSMUSP00000029810	0.44578
10090.ENSMUSP00000096910	10090.ENSMUSP00000059461	0.28835
10090.ENSMUSP00000050374	10090.ENSMUSP00000034004	0.29846
10090.ENSMUSP00000124091	10090.ENSMUSP00000002099	0.19602
10090.ENSMUSP00000028430	10090.ENSMUSP00000127118	0.46435
10090.ENSMUSP00000026062	10090.ENSMUSP00000093955	0.29384
10090.ENSMUSP00000122793	10090.ENSMUSP00000140369	0.19268
10090.ENSMUSP00000115080	10090.ENSMUSP00000096378	0.67259
10090.ENSMUSP00000135664	10090.ENSMUSP00000111442	0.35392
10090.ENSMUSP00000125639	10090.ENSMUSP00000103486	0.2881
10090.ENSMUSP00000118458	10090.ENSMUSP00000096375	0.67049
10090.ENSMUSP00000048721	10090.ENSMUSP00000087466	0.36546
10090.ENSMUSP00000112777	10090.ENSMUSP00000115015	0.31103
10090.ENSMUSP00000062638	10090.ENSMUSP00000122585	0.23641
10090.ENSMUSP00000002683	10090.ENSMUSP00000023248	0.35068
10090.ENSMUSP00000059848	10090.ENSMUSP00000034534	0.26037
10090.ENSMUSP00000068895	10090.ENSMUSP00000047960	0.77866
10090.ENSMUSP00000115037	10090.ENSMUSP00000122799	0.53042
10090.ENSMUSP00000119889	10090.ENSMUSP00000107405	0.3023
10090.ENSMUSP00000108521	10090.ENSMUSP00000038671	0.34012
10090.ENSMUSP00000068713	10090.ENSMUSP00000122043	0.3013
10090.ENSMUSP00000073224	10090.ENSMUSP00000031556	0.32312
10090.ENSMUSP00000129239	10090.ENSMUSP00000117507	0.58263
10090.ENSMUSP00000115142	10090.ENSMUSP00000097339	0.28501
10090.ENSMUSP00000028826	10090.ENSMUSP00000120052	0.53037
10090.ENSMUSP00000105634	10090.ENSMUSP00000055145	0.27085
10090.ENSMUSP00000053849	10090.ENSMUSP00000061176	0.0
10090.ENSMUSP00000123813	10090.ENSMUSP00000087079	0.52352
10090.ENSMUSP00000038352	10090.ENSMUSP00000097490	0.70189
10090.ENSMUSP00000106918	10090.ENSMUSP00000060598	0.18893
10090.ENSMUSP00000108338	10090.ENSMUSP00000052056	0.30438
10090.ENSMUSP00000137398	10090.ENSMUSP00000037248	0.59904
10090.ENSMUSP00000123371	10090.ENSMUSP00000087110	0.22925
10090.ENSMUSP00000123738	10090.ENSMUSP00000048691	0.5583
10090.ENSMUSP00000137439	10090.ENSMUSP00000112164	0.27298
10090.ENSMUSP00000127977	10090.ENSMUSP00000001836	0.2396
10090.ENSMUSP00000114929	10090.ENSMUSP00000109768	0.17794
10090.ENSMUSP00000039418	10090.ENSMUSP00000052856	0.26811
10090.ENSMUSP00000030081	10090.ENSMUSP00000051246	0.37167
10090.ENSMUSP00000030051	10090.ENSMUSP00000052670	0.49716
10090.ENSMUSP00000022766	10090.ENSMUSP00000125279	0.39285
10090.ENSMUSP00000139628	10090.ENSMUSP00000030364	0.2264
10090.ENSMUSP00000119259	10090.ENSMUSP00000113740	0.17602
10090.ENSMUSP00000122690	10090.ENSMUSP00000117529	0.40223
10090.ENSMUSP00000140691	10090.ENSMUSP00000097433	0.70662
10090.ENSMUSP00000139151	10090.ENSMUSP00000088541	0.36985
10090.ENSMUSP00000101667	10090.ENSMUSP00000091691	0.26431
10090.ENSMUSP00000056476	10090.ENSMUSP00000135082	0.30196
10090.ENSMUSP00000050563	10090.ENSMUSP00000106790	0.1907
10090.ENSMUSP00000026554	10090.ENSMUSP00000122240	0.63701
10090.ENSMUSP00000130656	10090.ENSMUSP00000124758	0.49529
10090.ENSMUSP00000076967	10090.ENSMUSP00000106215	0.28537
10090.ENSMUSP00000124442	10090.ENSMUSP00000031839	0.52959
10090.ENSMUSP00000078388	10090.ENSMUSP00000116266	0.31694
10090.ENSMUSP00000030360	10090.ENSMUSP00000074958	0.21321
10090.ENSMUSP00000106864	10090.ENSMUSP00000062387	0.72685
10090.ENSMUSP00000049548	10090.ENSMUSP00000025549	0.49503
10090.ENSMUSP00000004965	10090.ENSMUSP00000005711	0.38193
10090.ENSMUSP00000029347	10090.ENSMUSP00000069631	0.49563
10090.ENSMUSP00000071132	10090.ENSMUSP00000105155	0.30531
10090.ENSMUSP00000077384	10090.ENSMUSP00000133069	0.32387
10090.ENSMUSP00000068471	10090.ENSMUSP00000123148	0.19138
10090.ENSMUSP00000041750	10090.ENSMUSP00000026398	0.41666
10090.ENSMUSP00000122052	10090.ENSMUSP00000117632	0.28064
10090.ENSMUSP00000140622	10090.ENSMUSP00000050907	0.27982
10090.ENSMUSP00000120146	10090.ENSMUSP00000038878	0.25555
10090.ENSMUSP00000034539	10090.ENSMUSP00000136813	0.41969
10090.ENSMUSP00000121477	10090.ENSMUSP00000118424	0.28356
10090.ENSMUSP00000008812	10090.ENSMUSP00000108519	0.20075
10090.ENSMUSP00000003413	10090.ENSMUSP00000112077	0.23141
10090.ENSMUSP00000052908	10090.ENSMUSP00000109214	0.59751
10090.ENSMUSP00000050658	10090.ENSMUSP00000046692	0.3405
10090.ENSMUSP00000105969	10090.ENSMUSP00000026583	0.70662
10090.ENSMUSP00000136224	10090.ENSMUSP00000124773	0.64293
10090.ENSMUSP00000053837	10090.ENSMUSP00000101186	0.24971
10090.ENSMUSP00000110705	10090.ENSMUSP00000139202	0.64594
10090.ENSMUSP00000081114	10090.ENSMUSP00000119535	0.25599
10090.ENSMUSP00000034512	10090.ENSMUSP00000042095	0.27814
10090.ENSMUSP00000099121	10090.ENSMUSP00000123536	0.43672
10090.ENSMUSP00000040741	10090.ENSMUSP00000116877	0.59685
10090.ENSMUSP00000039706	10090.ENSMUSP00000032125	0.18547
10090.ENSMUSP00000134137	10090.ENSMUSP00000105147	0.21038
10090.ENSMUSP00000031235	10090.ENSMUSP00000096518	0.20463
10090.ENSMUSP00000026036	10090.ENSMUSP00000135183	0.49464
10090.ENSMUSP00000120091	10090.ENSMUSP00000109451	0.32571
10090.ENSMUSP00000031078	10090.ENSMUSP00000081807	0.32637
10090.ENSMUSP00000101664	10090.ENSMUSP00000132273	0.16727
10090.ENSMUSP00000098906	10090.ENSMUSP00000077138	0.19496
10090.ENSMUSP00000037544	10090.ENSMUSP00000122126	0.31445
10090.ENSMUSP00000114040	10090.ENSMUSP00000136929	0.33013
10090.ENSMUSP00000116306	10090.ENSMUSP00000033934	0.26152
10090.ENSMUSP00000131300	10090.ENSMUSP00000122122	0.37914
10090.ENSMUSP00000034282	10090.ENSMUSP00000090318	0.31505
10090.ENSMUSP00000062011	10090.ENSMUSP00000141171	0.49264
10090.ENSMUSP00000113296	10090.ENSMUSP00000133048	0.23395
10090.ENSMUSP00000028981	10090.ENSMUSP00000129729	0.22695
10090.ENSMUSP00000075079	10090.ENSMUSP00000099753	0.2429
10090.ENSMUSP00000077867	10090.ENSMUSP00000139188	0.26925
10090.ENSMUSP00000098839	10090.ENSMUSP00000030797	0.12681
10090.ENSMUSP00000115388	10090.ENSMUSP00000049285	0.27213
10090.ENSMUSP00000123468	10090.ENSMUSP00000120730	0.73681
10090.ENSMUSP00000097022	10090.ENSMUSP00000084745	0.53971
10090.ENSMUSP00000124747	10090.ENSMUSP00000115151	0.50053
10090.ENSMUSP00000018399	10090.ENSMUSP00000081339	0.1901
10090.ENSMUSP00000110565	10090.ENSMUSP00000002883	0.63876
10090.ENSMUSP00000029530	10090.ENSMUSP00000114411	0.34027
10090.ENSMUSP00000133471	10090.ENSMUSP00000096983	0.72506
10090.ENSMUSP00000137031	10090.ENSMUSP00000116172	0.86948
10090.ENSMUSP00000035498	10090.ENSMUSP00000090727	0.37197
10090.ENSMUSP00000118308	10090.ENSMUSP00000076961	0.35759
10090.ENSMUSP00000138265	10090.ENSMUSP00000115637	0.34992
10090.ENSMUSP00000003386	10090.ENSMUSP00000117461	0.32922
10090.ENSMUSP00000098585	10090.ENSMUSP00000080235	0.30076
10090.ENSMUSP00000136030	10090.ENSMUSP00000135899	0.29464
10090.ENSMUSP00000023677	10090.ENSMUSP00000003469	0.17914
10090.ENSMUSP00000095129	10090.ENSMUSP00000021527	0.50303
10090.ENSMUSP00000084882	10090.ENSMUSP00000121083	0.30346
10090.ENSMUSP00000059135	10090.ENSMUSP00000093962	0.37282
10090.ENSMUSP00000031034	10090.ENSMUSP00000109006	0.21727
10090.ENSMUSP00000125830	10090.ENSMUSP00000100984	0.48906
10090.ENSMUSP00000104979	10090.ENSMUSP00000122407	0.49986
10090.ENSMUSP00000009174	10090.ENSMUSP00000114690	0.21539
10090.ENSMUSP00000136249	10090.ENSMUSP00000108875	0.23286
10090.ENSMUSP00000027792	10090.ENSMUSP00000035157	0.531
10090.ENSMUSP00000059320	10090.ENSMUSP00000031304	0.48622
10090.ENSMUSP00000031077	10090.ENSMUSP00000026989	0.34194
10090.ENSMUSP00000034521	10090.ENSMUSP00000125146	0.18251
10090.ENSMUSP00000028672	10090.ENSMUSP00000021818	0.35268
10090.ENSMUSP00000020640	10090.ENSMUSP00000080766	0.36641
10090.ENSMUSP00000113686	10090.ENSMUSP00000136573	0.21267
10090.ENSMUSP00000119640	10090.ENSMUSP00000025719	0.57765
10090.ENSMUSP00000032263	10090.ENSMUSP00000121980	0.51287
10090.ENSMUSP00000002551	10090.ENSMUSP00000100771	0.22904
10090.ENSMUSP00000121151	10090.ENSMUSP00000105817	0.44886
10090.ENSMUSP00000099437	10090.ENSMUSP00000114738	0.36029
10090.ENSMUSP00000069833	10090.ENSMUSP00000026256	0.23823
10090.ENSMUSP00000115983	10090.ENSMUSP00000004784	0.19229
10090.ENSMUSP00000004949	10090.ENSMUSP00000130492	0.85057
10090.ENSMUSP00000140016	10090.ENSMUSP00000093831	0.42965
10090.ENSMUSP00000094133	10090.ENSMUSP00000128698	0.38128
10090.ENSMUSP00000116526	10090.ENSMUSP00000127661	0.26585
10090.ENSMUSP00000112498	10090.ENSMUSP00000101443	0.19996
10090.ENSMUSP00000064132	10090.ENSMUSP00000099776	0.45196
10090.ENSMUSP00000112177	10090.ENSMUSP00000079398	0.41619
10090.ENSMUSP00000098286	10090.ENSMUSP00000091870	0.22123
10090.ENSMUSP00000058990	10090.ENSMUSP00000124358	0.45806
10090.ENSMUSP00000133481	10090.ENSMUSP00000117469	0.23904
10090.ENSMUSP00000085594	10090.ENSMUSP00000043034	0.83421
10090.ENSMUSP00000067768	10090.ENSMUSP00000130213	0.49167
10090.ENSMUSP00000115578	10090.ENSMUSP00000108479	0.59643
10090.ENSMUSP00000008016	10090.ENSMUSP00000039121	0.66877
10090.ENSMUSP00000103298	10090.ENSMUSP00000101227	0.32367
10090.ENSMUSP00000101722	10090.ENSMUSP00000116096	0.29752
10090.ENSMUSP00000026188	10090.ENSMUSP00000054558	0.19352
10090.ENSMUSP00000125868	10090.ENSMUSP00000120347	0.59282
10090.ENSMUSP00000139953	10090.ENSMUSP00000132572	0.25784
10090.ENSMUSP00000121873	10090.ENSMUSP00000131860	0.68624
10090.ENSMUSP00000046601	10090.ENSMUSP00000131162	0.64173
10090.ENSMUSP00000129059	10090.ENSMUSP00000132402	0.29294
10090.ENSMUSP00000116222	10090.ENSMUSP00000022897	0.43562
10090.ENSMUSP00000116512	10090.ENSMUSP00000119967	0.40601
10090.ENSMUSP00000138953	10090.ENSMUSP00000053775	0.54122
10090.ENSMUSP00000026119	10090.ENSMUSP00000067057	0.48555
10090.ENSMUSP00000099893	10090.ENSMUSP00000127900	0.53639
10090.ENSMUSP00000113241	10090.ENSMUSP00000140522	0.71491
10090.ENSMUSP00000115844	10090.ENSMUSP00000114254	0.23107
10090.ENSMUSP00000093830	10090.ENSMUSP00000124595	0.24315
10090.ENSMUSP00000107247	10090.ENSMUSP00000049938	0.23258
10090.ENSMUSP00000116543	10090.ENSMUSP00000074675	0.40368
10090.ENSMUSP00000087477	10090.ENSMUSP00000068487	0.24497
10090.ENSMUSP00000067539	10090.ENSMUSP00000113411	0.52114
10090.ENSMUSP00000140161	10090.ENSMUSP00000026827	0.3683
10090.ENSMUSP00000114382	10090.ENSMUSP00000032481	0.26088
