6239.C26F1.3.1	6239.F38B2.1b	0.53042
6239.F40E10.6.2	6239.F28G4.4	0.14091
6239.Y116A8A.9a.2	6239.AC3.2	0.15608
6239.Y116A8C.34b	6239.F46B6.11a	0.07419
6239.F47F6.1c	6239.B0024.13	0.31689
6239.C01G12.5	6239.C16B8.2	0.41802
6239.C54F6.15	6239.F35C8.5	0.47655
6239.C35A5.6b	6239.Y102A5B.2a	0.23838
6239.T05E12.4	6239.F32H5.6c	0.21479
6239.C29E4.13c.2	6239.K09C8.6	0.47573
6239.ZK112.3	6239.K09A11.5	0.56211
6239.Y73B6BL.13	6239.Y54E2A.9	0.26801
6239.R11H6.3a	6239.Y67H2A.10a	0.25765
6239.F34D6.1	6239.W02H5.2	0.31022
6239.F36H5.4	6239.F23A7.4.1	0.54333
6239.T20B3.1	6239.Y55F3C.3f	0.13622
6239.Y57G11C.12b.3	6239.C17D12.3	0.5221
6239.Y37E11B.2.2	6239.B0513.3a	0.11671
6239.K02A4.2.2	6239.Y71H2B.7.1	0.75367
6239.T27E4.3	6239.ZK662.6	0.27244
6239.F15A8.5c	6239.M04C7.1.1	0.18462
6239.F01D4.5a	6239.C08G5.3b.1	0.30605
6239.Y57G11C.30b.1	6239.C24A1.2b.2	0.16102
6239.Y39G10AR.7	6239.T06E4.7	0.15621
6239.ZK632.14	6239.F40G9.17	0.18392
6239.ZK20.3.2	6239.T25B9.10b	0.17585
6239.K02B7.3a	6239.W09C3.2	0.5415
6239.T01B11.5	6239.Y113G7B.5b	0.28075
6239.W07G4.8	6239.T12D8.8.2	0.67128
6239.F08F3.4	6239.K09A9.5	0.24829
6239.C34E10.1.1	6239.C36C5.6	0.35594
6239.R13A5.12	6239.F08A10.1c	0.19733
6239.Y105E8B.7	6239.F21C3.1b.1	0.29338
6239.C04E12.4	6239.C27C12.5b	0.22122
6239.M04D5.1	6239.B0286.4a.2	0.20211
6239.H27D07.4	6239.D1009.2a	0.10107
6239.F46F11.10	6239.T05D4.4b	0.28625
6239.D1009.4b	6239.F36H5.5b	0.41018
6239.C16D2.3	6239.F13B10.2a.2	0.73842
6239.C30H7.2b	6239.F23F1.5	0.21393
6239.C14A4.10	6239.K11D12.2.4	0.4552
6239.C06C3.8b	6239.ZK328.8.1	0.33136
6239.T27E9.1d.8	6239.F58F6.6	0.13913
6239.F57C2.5a.1	6239.C31B8.16	0.21941
6239.Y54E10A.9c.1	6239.C23G10.1a	0.25403
6239.R144.10	6239.Y61B8A.2	0.30803
6239.T10G3.6b	6239.C35E7.2a	0.8275
6239.F45D11.15	6239.ZK1128.6b.2	0.19954
6239.F45E12.6	6239.T02G5.13a	0.67112
6239.T12B5.4	6239.F42G8.10b.1	0.2885
6239.F33G12.3	6239.Y105C5B.10	0.16028
6239.F49E10.5b	6239.T04C12.1	0.74505
6239.Y42H9B.1	6239.T09D3.9	0.55566
6239.Y41D4A.4c.2	6239.F20D12.6a	0.42721
6239.K04H4.6a.2	6239.R09E12.4	0.17877
6239.F59A6.6a	6239.ZC64.3a	0.33993
6239.F25B4.4	6239.C51E3.3	0.28386
6239.C01F6.6f	6239.F45E12.5b.2	0.48495
6239.C46F4.2.2	6239.F40G12.4	0.4816
6239.Y62H9A.1	6239.Y42H9B.1	0.07236
6239.F30F8.10a	6239.ZC97.1b	0.17322
6239.F57G4.1	6239.F55H12.2	0.73354
6239.C29F7.3	6239.K07A1.2.3	0.45866
6239.H16D19.3	6239.Y73B6BL.12	0.17443
6239.ZC410.5a	6239.LLC1.2c.3	0.2472
6239.Y47D3B.10	6239.C34E7.1b	0.1034
6239.F46H5.3a.2	6239.F56D6.10	0.79379
6239.ZK1086.1b	6239.F44C8.6b	0.35116
6239.Y116A8C.28e.3	6239.ZC410.5a	0.30394
6239.W05H12.2	6239.ZC513.11	0.13681
6239.Y48A5A.3a	6239.Y42A5A.4c	0.58054
6239.F29B9.1	6239.T15D6.1	0.17601
6239.C56E6.1	6239.T06C12.2	0.39485
6239.B0410.2b	6239.F09B12.5	0.18689
6239.C18D1.4	6239.F59F3.4.1	0.2231
6239.F26A1.11	6239.M04D8.7	0.20939
6239.C44B9.3	6239.K05B2.5a.1	0.41758
6239.F45E6.2	6239.T05H4.13a.2	0.16199
6239.K02B2.5	6239.Y71F9AL.13b.4	0.35773
6239.D2085.2	6239.R07B1.8	0.43755
6239.F58B3.9	6239.Y57G11C.16	0.22705
6239.F26G1.7	6239.Y105E8B.1e.2	0.29037
6239.B0412.4	6239.F37F2.2.3	0.41796
6239.ZC412.3.1	6239.F02D8.9	0.44751
6239.T10E9.4.2	6239.ZC434.6b	0.16214
6239.C41G7.5b	6239.Y47G6A.2.2	0.2283
6239.H23N18.6	6239.F55C9.3.2	0.24754
6239.Y111B2A.18.1	6239.F57B10.8	0.09177
6239.T28A8.3.1	6239.F54B11.8	0.47945
6239.C10F3.2	6239.C17B7.12	0.38203
6239.Y71F9AL.13b.3	6239.C23H4.1.1	0.31233
6239.C24A3.2b.2	6239.C32H11.10	0.61323
6239.Y22D7AL.13	6239.F29F11.2	0.81179
6239.Y49E10.10.2	6239.T10C6.6d.1	0.06966
6239.Y9C9A.4b	6239.C09G9.2a	0.12139
6239.F57E7.1a	6239.F46B6.8	0.58229
6239.F28B1.8	6239.Y73B3A.18a	0.23736
6239.K01G5.7.2	6239.F49C12.11	0.70186
6239.C27A7.8b	6239.C26E1.2b	0.61717
6239.F07C4.10	6239.C08F8.6	0.21145
6239.VZK822L.1a.1	6239.Y54G11A.1	0.27991
6239.M05B5.6	6239.B0393.6	0.12493
6239.F56A4.9	6239.K05B2.4	0.16121
6239.H02I12.5	6239.F57A8.2a	0.09767
6239.Y39C12A.1	6239.F57B9.6a.2	0.12314
6239.W09C5.6b.5	6239.ZK512.4	0.23047
6239.ZC443.6	6239.Y39A1A.17	0.22516
6239.C14C6.1	6239.ZK84.4	0.55566
6239.T23F4.4	6239.T23G4.3	0.17987
6239.F28D1.7.1	6239.Y94A7B.9	0.39022
6239.C42D8.4b	6239.C54H2.3	0.23125
6239.F37C4.5a.2	6239.T25E12.9	0.22072
6239.Y77E11A.7h	6239.E01A2.1b	0.36636
6239.Y106G6H.2c.5	6239.Y49E10.15	0.75409
6239.C47A10.6	6239.F40F8.5e	0.1179
6239.R09B5.7b	6239.R11G10.2	0.29341
6239.T26E4.1	6239.Y56A3A.12a.1	0.30209
6239.C56C10.11	6239.K02F3.3	0.53258
6239.F09F7.4b.3	6239.Y54F10AM.2c.1	0.26925
6239.F46C5.7	6239.R107.7.2	0.10911
6239.F42G10.1.2	6239.Y54E5A.4	0.0764
6239.T04A11.7a	6239.F26G5.12	0.23561
6239.C01H6.7b.2	6239.Y105E8A.17a	0.2108
6239.Y37E11AR.1	6239.ZC513.1	0.30527
6239.Y53F4B.15	6239.C18F3.4b	0.23845
6239.Y39E4A.2b	6239.C16B8.1.2	0.20481
6239.C24B5.2b	6239.R05D3.8	0.26422
6239.F08A8.5b	6239.C18F10.4	0.22596
6239.F58A4.9.2	6239.T28A8.7	0.69682
6239.T26H2.9a	6239.F28B1.8	0.21441
6239.Y62E10A.2.1	6239.F40F4.5	0.54983
6239.C53B4.7b	6239.T27A1.6	0.16909
6239.T07D3.9a.1	6239.Y39F10C.3	0.56165
6239.R07G3.2	6239.H23L24.5	0.35366
6239.ZK896.9a	6239.C55B6.4	0.40241
6239.F15A8.5b	6239.B0024.13	0.26614
6239.T06D4.2	6239.Y43F8B.13	0.1378
6239.Y47D3A.32b	6239.C16C10.1	0.41949
6239.R144.9	6239.Y62F5A.1a	0.33135
6239.F12E12.1	6239.C32H11.12	0.45715
6239.T26A5.7b	6239.T21C9.11	0.10815
6239.C34E7.3	6239.ZC239.9	0.18235
6239.T02B11.4	6239.E02H9.4.2	0.29413
6239.F08G12.5	6239.F25H9.6	0.17638
6239.B0218.7	6239.D1022.2	0.44778
6239.Y53C12B.7	6239.F21C3.7	0.18626
6239.C15H9.6.1	6239.C47D2.2	0.58435
6239.R13H4.5	6239.W08E12.4	0.29531
6239.F35A5.4	6239.C44C10.7	0.18356
6239.F31F4.1	6239.Y54F10BM.12	0.25349
6239.ZK228.7	6239.ZK39.2	0.19191
6239.T04G9.7	6239.R06F6.1	0.4556
6239.Y55F3AM.12	6239.Y56A3A.20	0.10734
6239.F48E8.2	6239.T27F6.5d	0.10691
6239.F57B10.4	6239.ZK1053.4	0.12857
6239.T27E9.1d.23	6239.T12A2.8.2	0.23108
6239.C08H9.14	6239.F40D4.7	0.21833
6239.C14B9.2	6239.R11F4.2a	0.23164
6239.Y69H2.3i	6239.Y45G12B.1b	0.13513
6239.K08A2.1.2	6239.C30F2.3	0.06303
6239.C44C1.5b.2	6239.R12B2.1b.1	0.26767
6239.B0261.4b	6239.C27A7.5c	0.48927
6239.C28H8.12	6239.Y53F4B.22a	0.16817
6239.F09C6.12	6239.F02D8.2	0.49517
6239.B0213.17	6239.F28B1.4	0.88473
6239.F32D8.12b.2	6239.B0304.9	0.18421
6239.Y47D7A.13	6239.Y95B8A.6b	0.07075
6239.C06A5.4	6239.ZK892.3	0.43276
6239.Y116A8C.467	6239.F14F11.1f	0.74745
6239.C08F11.4	6239.C06B8.2a.2	0.2271
6239.F52D2.12	6239.F54B8.3	0.34414
6239.F40F9.2	6239.R06C7.4.3	0.07632
6239.C04F12.4.2	6239.F37F2.2.3	0.1615
6239.C25D7.16	6239.ZK697.6a	0.30889
6239.Y57A10A.24	6239.K04B12.2b.3	0.21228
6239.Y56A3A.7a	6239.MTCE.25	0.04529
6239.F11A10.7	6239.W02C12.3g.2	0.15993
6239.Y44A6D.5	6239.F35C12.2a	0.22286
6239.F33G12.6a	6239.ZC416.8b	0.1764
6239.F46B3.8	6239.T27F2.3.1	0.1532
6239.R13A5.1e.2	6239.C53C9.3a	0.23991
6239.T08A9.9.1	6239.T25B2.2b	0.61667
6239.F47F2.3	6239.C10A4.7	0.15351
6239.Y25C1A.7c.1	6239.H23N18.4	0.17024
6239.C36A4.9a.2	6239.Y113G7B.24c	0.48148
6239.C17H12.11.1	6239.C08B6.4b	0.44065
6239.C41C4.7a	6239.Y39A1C.1	0.48927
6239.Y11D7A.10b	6239.Y105C5B.15	0.74723
6239.T05B4.4	6239.F29C4.1b	0.4567
6239.C44C11.1a	6239.F47D2.1	0.18325
6239.C53A5.9	6239.F09F9.4	0.26798
6239.F39C12.2a	6239.Y39A3CL.5b	0.14041
6239.ZK1248.13	6239.Y54E2A.12b.1	0.30702
6239.C53A5.13b	6239.T19H12.6	0.14627
6239.K01A6.4	6239.H18N23.2a	0.05374
6239.F53C11.4b.1	6239.F09A5.4g.1	0.24809
6239.Y39A1A.20	6239.C15H11.2a	0.53346
6239.F08C6.6	6239.K09C4.4	0.18073
6239.C46H3.1	6239.W02G9.4	0.20792
6239.C43C3.1	6239.F15H10.2	0.37116
6239.F44G3.8a	6239.F18A12.3	0.2335
6239.F42G10.2	6239.Y105C5B.23	0.18591
6239.C13B9.4b.1	6239.F22A3.1b	0.2117
6239.C07G1.3b	6239.F41H10.4	0.16051
6239.W03F9.10	6239.Y57A10A.19	0.21929
6239.Y49F6B.14	6239.Y54E10BL.6	0.33694
6239.Y50D7A.6	6239.Y38H6C.12	0.30851
6239.ZK1236.6	6239.C53B4.7b	0.24735
6239.Y46G5A.36	6239.C30F12.4	0.26674
6239.F08F3.10	6239.F11C7.5	0.10742
6239.Y53C12A.6b	6239.Y54H5A.1.1	0.80987
6239.H03A11.1	6239.F55A3.5	0.6287
6239.Y105E8A.28	6239.C34E10.6.2	0.37451
6239.B0513.3b	6239.ZK512.4	0.15886
6239.C25E10.17b	6239.F41E7.2.1	0.66731
6239.M02H5.1	6239.F26C11.1	0.14606
6239.Y43F8B.11	6239.ZK863.3	0.51171
6239.Y46G5A.22a	6239.Y43F4B.9b.1	0.13368
6239.C08F8.7	6239.E01F3.1c	0.50439
6239.C31C9.3	6239.Y46C8AL.11	0.86121
6239.ZC434.9b	6239.AH6.6	0.30355
6239.F47C10.2	6239.F53H4.2.1	0.18549
6239.Y45G5AM.5	6239.F58G4.6	0.31373
6239.B0495.9	6239.F47F6.1c	0.34368
6239.C38C6.2a	6239.F10E7.7.2	0.72557
6239.C06B8.2c.2	6239.W05H9.1b.1	0.10291
6239.R10D12.14b	6239.C04G6.7	0.0
6239.F14D7.12	6239.K08F11.1b	0.21919
6239.F47G4.5	6239.C09H5.9	0.12343
6239.B0207.4	6239.F38H4.9.1	0.14344
6239.W06F12.1b	6239.Y46E12A.4	0.33862
6239.C28H8.11b.1	6239.ZC416.1	0.13295
6239.F52E1.7a	6239.Y53F4B.43.1	0.21282
6239.C18E3.5	6239.F40F4.2.2	0.33567
6239.K02F6.1	6239.F11A1.3d	0.11665
6239.F30B5.1	6239.C46C2.2.1	0.23606
6239.R102.5a	6239.T26E4.4	0.1113
6239.F26D2.15	6239.R07C3.9	0.11931
6239.K07B1.3	6239.C09G12.6	0.157
6239.C50H11.12	6239.F55E10.7	0.27695
6239.Y46H3C.1	6239.T26E4.15.2	0.20433
6239.F23D12.11	6239.K02B12.6	0.16365
6239.W04G3.6d	6239.T06C12.2	0.31009
6239.C02F5.12	6239.C35A5.11a	0.40241
6239.B0250.1	6239.F26F2.4b	0.30561
6239.Y41C4A.14	6239.C33A12.8	0.15118
6239.F58F12.1	6239.W10G11.13	0.15834
6239.ZK909.2i	6239.C26D10.5b	0.19522
6239.K10B2.2a	6239.Y42G9A.4d	0.19358
6239.Y60A3A.4b	6239.C45B11.5	0.43581
6239.C47G2.4	6239.B0554.7	0.2102
6239.T03D8.1e	6239.Y87G2A.19	0.7667
6239.T06C12.14	6239.Y70C5A.2	0.18195
6239.F08D12.8	6239.F01G10.4	0.2027
6239.F53G12.8	6239.R13F6.6a	0.59763
6239.Y37E11AL.3a.1	6239.T19E7.2a	0.32624
6239.Y70D2A.1	6239.T07A9.15	0.70145
6239.ZK673.1b	6239.Y57A10C.6	0.36281
6239.Y116A8B.4	6239.K09D9.13	0.576
6239.C10G11.10	6239.F45C12.3	0.3538
6239.ZK1098.12	6239.K11E8.1i.3	0.60467
6239.F44D12.19	6239.C12D5.7	0.80366
6239.Y38H8A.1	6239.F54C9.3	0.52429
6239.C26E6.6	6239.K08E4.5b	0.12178
6239.B0336.10.2	6239.Y37E3.7.2	0.10679
6239.F25B5.2.2	6239.C37C3.13.2	0.66436
6239.F20D6.2	6239.F38C2.8	0.31919
6239.T27F6.6	6239.W02F12.2	0.29672
6239.C14F11.4b	6239.Y57G11A.2	0.27385
6239.F56D2.4	6239.K12C11.2	0.37369
6239.W03G1.6h	6239.F58B6.3a	0.1709
6239.M03F8.3b	6239.M88.6c	0.17118
6239.F59A3.6	6239.B0244.8	0.3033
6239.T08H10.1	6239.Y48E1B.13c	0.26812
6239.T13F2.8c	6239.C05E11.6	0.22856
6239.R09E12.9	6239.Y73B6BL.25	0.51584
6239.F37B4.12	6239.F52B5.6.2	0.35865
6239.W10G11.5	6239.Y116A8C.21	0.18667
6239.H22K11.1	6239.R102.5b	0.08503
6239.E03H12.4	6239.C44H9.1	0.50367
6239.ZK1320.12a	6239.T19A6.3a	0.51692
6239.F07F6.4	6239.Y53F4B.22a	0.21684
6239.T16G1.5	6239.R02C2.1	0.26001
6239.Y104H12A.1b.1	6239.F44G3.2	0.27205
6239.Y56A3A.4a	6239.T15B7.3	0.16391
6239.C36F7.1	6239.T27E9.1a.2	0.14106
6239.F35G12.4b	6239.B0207.9	0.62894
6239.W04C9.6	6239.F35E8.7	0.33687
6239.C03H5.5	6239.T16G1.11	0.43628
6239.K07C11.3.2	6239.F40H3.1a	0.44955
6239.F10A3.8	6239.C06E2.3	0.27893
6239.F11C1.7b	6239.C24H12.4a	0.58469
6239.C36B7.7	6239.C14A6.7	0.15111
6239.M03F4.2b.3	6239.Y73F8A.34d	0.18153
6239.B0213.15c	6239.ZK355.3	0.4387
6239.B0222.4	6239.F26F4.13	0.59443
6239.D1054.9h	6239.C34F11.6	0.6562
6239.C12D12.2b	6239.T05E11.6	0.24129
6239.F59B1.6	6239.ZK945.2.2	0.17359
6239.Y53F4B.12a	6239.C09B8.7b	0.17294
6239.DC2.7a	6239.F09B9.1	0.17367
6239.Y32G9B.1b	6239.Y49C4A.8a.1	0.13995
6239.Y41E3.10a.1	6239.F31F4.17	0.1603
6239.F07G11.8	6239.F09E10.7a.2	0.4104
6239.C48D1.2b	6239.Y46H3A.1b	0.21049
6239.T09A12.4b	6239.R03G8.6	0.11876
6239.T20B12.2.1	6239.W03F9.5.3	0.15947
6239.C41H7.8	6239.Y48G10A.3	0.1425
6239.C52E4.7	6239.C24F3.4a	0.47602
6239.K07G5.6.1	6239.K01F9.2	0.23311
6239.C35A5.10	6239.R186.2a	0.16381
6239.F22F7.7.2	6239.C55C2.4	0.092
6239.Y41C4A.12b	6239.F55B11.4	0.27824
6239.E02C12.4	6239.C05C9.1	0.55797
6239.C01B10.6a.2	6239.F21D5.6	0.18212
6239.F58H1.7a	6239.F13B10.2c	0.3459
6239.F18A1.5	6239.R01H10.1	0.1765
6239.F56B6.5b	6239.Y71D11A.2a.1	0.24446
6239.C37H5.9c.2	6239.C34G6.7a	0.1851
6239.C24H11.9	6239.Y71H2B.6	0.23264
6239.C33D12.6	6239.Y37D8A.1	0.57854
6239.F47B8.4b	6239.F39E9.3	0.15115
6239.F19D8.1c	6239.F57A10.1	0.21544
6239.F55B12.3a	6239.R12H7.5	0.52829
6239.C23H4.8	6239.F54D7.3b	0.31611
6239.Y41C4A.10	6239.ZK287.5.1	0.1305
6239.F26B1.7	6239.D2096.13	0.36756
6239.C31H5.3b	6239.F32D1.6a	0.48655
6239.F36D4.5a	6239.R13A5.1a.2	0.34068
6239.T03F7.7a	6239.W03D8.9.1	0.14844
6239.F38B6.2	6239.Y69A2AR.32c	0.15074
6239.C15H11.8.1	6239.C14C11.7	0.20764
6239.F18E3.4a	6239.H23N18.1	0.23998
6239.ZK909.6	6239.T07C12.15	0.16763
6239.M05D6.5a	6239.Y87G2A.3b	0.5547
6239.VC27A7L.1	6239.M01G12.13	0.19207
6239.Y22D7AL.16	6239.F49E8.7b.2	0.4097
6239.K02D10.3	6239.M04B2.6	0.15351
6239.Y39B6A.43c	6239.C26F1.3.2	0.5757
6239.C24B9.11	6239.Y22D7AL.6b	0.1918
6239.F58D5.6	6239.Y17G7B.23b	0.455
6239.T20G5.8	6239.D2089.1b.2	0.72182
6239.T26C11.7	6239.F57A8.8	0.59227
6239.C38C10.6	6239.K07F5.5	0.08213
6239.AC8.4	6239.Y43F8B.11	0.18054
6239.M04F3.1.2	6239.Y56A3A.27	0.42862
6239.M88.6a	6239.F32D8.11.2	0.85315
6239.T06E6.2a.2	6239.C32B5.7b	0.27831
6239.F11C7.3a	6239.Y39A3CR.1a	0.27208
6239.ZC262.2b	6239.Y71H2AR.1	0.25942
6239.F46C8.5	6239.F58A3.1a.2	0.32547
6239.C07D8.5	6239.Y54G2A.16a	0.27238
6239.E04F6.5b.1	6239.Y71F9AL.1	0.231
6239.ZC239.16	6239.M03A1.3	0.39116
6239.AC7.1b	6239.T20D4.6	0.17525
6239.T22A3.3b.3	6239.C07G2.3b.1	0.16747
6239.K11D12.2.4	6239.R02D3.3b	0.26788
6239.C09G9.1c	6239.C28G1.6	0.19373
6239.B0250.1	6239.ZK1010.1	0.32754
6239.B0041.4	6239.C42C1.14.1	0.54232
6239.Y41D4A.6a	6239.F41F3.4	0.22068
6239.K11H3.3	6239.C56A3.4a	0.21977
6239.C50F4.14b	6239.F35E12.2a	0.18642
6239.W02D9.3	6239.Y74C9A.4b	0.27377
6239.Y18D10A.12	6239.B0462.4	0.24281
6239.Y39A1A.3	6239.R07E5.2	0.14643
6239.T07E3.3	6239.T01D1.2c	0.39565
6239.H06I04.4b	6239.W01D2.1.1	0.29825
6239.ZC47.3	6239.F56D6.19	0.65649
6239.C01G10.10a	6239.Y17D7C.1a	0.64811
6239.C06E2.1	6239.T26E3.3a.2	0.15439
6239.F47B10.5	6239.T07D4.2a	0.52582
6239.W05H5.1	6239.F45F2.6	0.32618
6239.T12A7.4b	6239.K08D8.12c	0.59487
6239.C53C11.1	6239.C53D6.11	0.10467
6239.Y26G10.2	6239.ZK112.1	0.2882
6239.C38C3.5c.2	6239.W03F8.2	0.32981
6239.ZK678.8	6239.F52F12.5	0.32785
6239.C42C1.11b	6239.Y71F9B.14	0.22953
6239.F56A11.7	6239.R11G1.2	0.27565
6239.Y106G6H.3c.1	6239.K11E8.1k.2	0.71046
6239.F47H4.4	6239.W03D2.6	0.52879
6239.W03G11.4.1	6239.Y48C3A.17c	0.16066
6239.C17H11.4	6239.B0041.1	0.08677
6239.Y54G2A.16a	6239.C46F11.5b	0.35222
6239.Y66C5A.1	6239.C17G10.1.1	0.71665
6239.K03D10.3	6239.K06C4.10	0.64486
6239.R04F11.2.2	6239.B0496.11	0.22545
6239.R10E4.2g.1	6239.F45E10.2a	0.10043
6239.K07A1.3	6239.F36H12.13	0.59599
6239.Y110A7A.11	6239.W10D5.3c.2	0.44928
6239.F58D5.1b.1	6239.Y111B2A.18.1	0.42379
6239.K04G11.4	6239.F59B1.10	0.14364
6239.C29E4.14	6239.C17G1.3b.2	0.65532
6239.K08E5.6	6239.B0213.5	0.08677
6239.F44G4.6a	6239.Y45F10B.4.1	0.37387
6239.F14D12.6a	6239.M01H9.4f	0.27759
6239.C09B7.1b	6239.R10E4.2l.1	0.06797
6239.Y69A2AR.30a	6239.C30F12.5a.1	0.27223
6239.Y44F5A.1	6239.T20B3.3	0.11377
6239.C26B9.1a	6239.Y71F9AL.4	0.23996
6239.F55H2.7.2	6239.ZK1321.4a	0.14267
6239.F14B6.1	6239.C02A12.2	0.27455
6239.W05H5.1	6239.F53F1.2	0.12474
6239.C14C10.6	6239.R07E5.10a	0.34863
6239.K06G5.1a.1	6239.F36A4.10	0.24799
6239.F31B12.4	6239.Y44A6C.1	0.54405
6239.C44C10.1	6239.B0403.4	0.21947
6239.W10D9.5	6239.Y66A7A.6.2	0.56491
6239.C49A1.5	6239.B0261.9	0.56238
6239.T21B10.2b.3	6239.R12C12.6a	0.28002
6239.F26D12.1c	6239.F45F2.1	0.17135
6239.F37D6.2b	6239.ZK488.10	0.50664
6239.C06E2.7	6239.C52D10.6.2	0.19475
6239.Y32F6A.1.2	6239.W03H9.2b	0.36168
6239.F07B10.7a	6239.F21H7.2.1	0.19523
6239.F41B5.7	6239.K11G9.1	0.22554
6239.F19G12.2	6239.Y59A8B.10c	0.23999
6239.Y104H12BR.1a	6239.Y22D7AL.14	0.14348
6239.F54H12.7	6239.K08E3.5c	0.57463
6239.T19A6.2c	6239.T21H8.5	0.55749
6239.Y45F10D.12.2	6239.C33H5.19.1	0.13056
6239.R05G9.2b	6239.H01G02.4.3	0.37456
6239.ZK488.5	6239.T19H12.6	0.15717
6239.C45H4.14b	6239.Y62E10A.17a	0.28984
6239.VY35H6BL.1	6239.T09A12.2b	0.28193
6239.F53G12.10.2	6239.F56E10.4.2	0.49687
6239.F54B3.3	6239.W01D2.2a.3	0.20579
6239.F55C9.13	6239.F09E10.3	0.15418
6239.B0212.2	6239.Y105E8B.1g	0.14883
6239.K08F8.1d.2	6239.Y69A2AR.30a	0.42529
6239.Y46D2A.1	6239.F18A11.1.1	0.22017
6239.Y116A8C.42	6239.K07E8.9	0.40241
6239.Y48A6B.1	6239.F11A5.15	0.38416
6239.T05H10.6b	6239.C09B7.2.1	0.48591
6239.B0284.3	6239.C16C8.17	0.36499
6239.W02D9.4	6239.R05H5.5	0.09357
6239.B0205.11	6239.K02F3.8	0.41187
6239.T23G11.3.3	6239.F55D12.2b	0.22241
6239.Y62E10A.15a	6239.C15F1.5b	0.20283
6239.Y39A1A.1d	6239.R10E4.2r	0.17115
6239.Y46G5A.8	6239.C28C12.9a.2	0.50472
6239.C05C8.2	6239.C48B6.2	0.34052
6239.F56D6.14	6239.F21A3.1	0.50888
6239.M04D8.7	6239.F32B6.6	0.24007
6239.F52E1.1	6239.M88.6c	0.36721
6239.C26C6.4b	6239.D1054.9c	0.20268
6239.C48D5.3	6239.F01G10.8b	0.39361
6239.R07E3.7	6239.F42A6.1	0.26838
6239.ZK909.2l	6239.F30F8.10b	0.40241
6239.Y40C7B.5	6239.F58F9.6	0.32258
6239.F35H12.3	6239.R10H10.4	0.66375
6239.K09B11.5b	6239.C25F9.14b	0.54405
6239.F57F4.1	6239.R90.3	0.54467
6239.B0303.15	6239.C55B6.7	0.40241
6239.C06E2.3	6239.Y49F6B.9b	0.33185
6239.T23F4.2	6239.F56H11.2b	0.16718
6239.F22F4.3c	6239.C23H3.9d	0.16975
6239.R08A2.3	6239.F55A8.2c.2	0.79591
6239.F40E10.1	6239.C03B1.3	0.68016
6239.T26E3.6	6239.ZC302.1.2	0.72105
6239.F44E7.7	6239.ZK228.8	0.29681
6239.K09D9.12.1	6239.F26F4.8	0.19087
6239.C42C1.14.1	6239.Y50E8A.9a	0.37337
6239.D1054.14	6239.F33G12.4.2	0.23271
6239.H03E18.2a	6239.F52C12.2.2	0.12983
6239.C04B4.1.2	6239.W10D5.2.1	0.38198
6239.W04A8.1a	6239.C05D11.6a	0.28784
6239.C33E10.8	6239.R07C3.7	0.23086
6239.K03B4.2	6239.C30G7.3	0.31336
6239.K01G5.9.1	6239.F02A9.2b	0.31146
6239.H01G02.1a	6239.M117.2a.2	0.30266
6239.H09F14.1b	6239.F58G1.2a.1	0.14968
6239.F13B9.6	6239.T09A5.11.2	0.1634
6239.C08F8.3b	6239.Y116A8A.9c.2	0.15331
6239.C16C10.5	6239.K08D10.4	0.31642
6239.T19F4.1b	6239.F58E6.7	0.83383
6239.Y87G2A.17	6239.T05H4.15c	0.36114
6239.F46C8.1	6239.C56A3.3d	0.46441
6239.C52A10.3	6239.F09C6.10	0.41569
6239.T27A1.5a.1	6239.Y71H10A.2.4	0.18381
6239.Y70C5C.6b	6239.B0024.9b	0.39439
6239.R04B5.5	6239.F38A6.3e	0.36224
6239.B0304.5	6239.C04G6.10	0.21698
6239.ZK354.7	6239.F09G2.2	0.18073
6239.E04D5.4a	6239.R03A10.6.2	0.46474
6239.C10E2.4	6239.K07B1.6c	0.11947
6239.C25H3.15	6239.Y59A8B.23c.1	0.52477
6239.F35B12.10b	6239.F42C5.9.2	0.28507
6239.F29B9.4a	6239.F19G12.10	0.88823
6239.C34C6.7b	6239.F52G2.1b	0.35648
6239.T05H4.4	6239.T23E1.3a	0.2062
6239.R13A1.8	6239.C46F11.2a	0.20627
6239.F40F8.10	6239.Y48B6A.2.2	0.32901
6239.C54F6.13b	6239.R01H2.5	0.36092
6239.F17E9.13	6239.ZK1320.12a	0.53273
6239.ZK858.7	6239.F13G3.10a	0.67161
6239.C06A1.6	6239.T08D10.4	0.1808
6239.Y9C9A.2	6239.T13F2.1a.2	0.23344
6239.F19B10.9	6239.Y48G1A.6b	0.28347
6239.ZK1307.6	6239.W06F12.2a	0.14807
6239.T27F6.2	6239.Y71G10AR.4	0.19617
6239.F47B10.4	6239.C03F11.4.1	0.59706
6239.C50D2.5	6239.Y47G6A.20c	0.64649
6239.W03G11.4.3	6239.C45G9.12	0.66468
6239.F42A9.6a	6239.C32E12.2	0.61128
6239.R12E2.4a	6239.Y71F9AM.5a	0.47023
6239.K10G9.2	6239.R13H8.1f	0.4145
6239.T24D8.3	6239.Y49E10.1	0.53051
6239.T21B4.4a	6239.C12D12.2a	0.2131
6239.F54C9.6a.1	6239.H17B01.1a	0.15276
6239.C05E4.1.1	6239.F26A3.2c	0.35462
6239.ZK688.8	6239.W06G6.13	0.28695
6239.T05F1.7	6239.K09A11.1	0.22741
6239.C33D9.3a	6239.Y45F3A.5	0.55656
6239.Y71G12B.21	6239.F56C11.3	0.02184
6239.ZC412.3.3	6239.Y51A2D.10a	0.34474
6239.ZK930.5	6239.W02B12.10	0.21352
6239.T05E11.3b.4	6239.B0563.6c	0.28197
6239.F02D10.5	6239.Y17G9B.7a	0.35187
6239.F47D12.5	6239.C44B12.5	0.30854
6239.K08E3.5c	6239.H20J04.8	0.37601
6239.Y51B9A.14	6239.K03E6.5a	0.45259
6239.H22K11.4a	6239.E02H4.1	0.25848
6239.T18D3.7a.2	6239.Y51H7BR.8	0.41167
6239.Y69A2AR.23	6239.W04G3.5a	0.37498
6239.T26E3.10	6239.C25D7.7	0.29624
6239.Y39A1A.23.1	6239.F59H6.7	0.55114
6239.Y53C12A.4.2	6239.T27E9.1d.16	0.18462
6239.R11G1.4a	6239.ZK121.2	0.17242
6239.F36D1.6	6239.R09H10.3b.1	0.3938
6239.R11A5.6	6239.Y51F10.2	0.48464
6239.C45H4.7	6239.Y116A8C.30a	0.25818
6239.C08B11.8	6239.B0218.1a.4	0.15301
6239.B0285.6	6239.F56D12.1d.2	0.1275
6239.Y53H1A.1a	6239.B0491.3	0.35724
6239.M03B6.4b	6239.C56A3.7a	0.1775
6239.T28F3.4a	6239.T27A3.7	0.24203
6239.Y24D9A.8a.1	6239.Y47G6A.30	0.55955
6239.Y73B6BL.2	6239.W06D11.3	0.44628
6239.Y47G6A.20c	6239.ZK652.1	0.82602
6239.ZK185.2	6239.R05H11.1	0.10287
6239.Y113G7B.18b.3	6239.ZK970.3	0.58551
6239.Y34F4.1a	6239.Y39A3B.5d	0.5168
6239.F26A1.13	6239.T21B10.2a.2	0.12619
6239.F43H9.3	6239.C03A3.3	0.21725
6239.C13B9.3	6239.F55A4.1	0.39562
6239.T04A8.11.2	6239.EEED8.18	0.52376
6239.R02D5.6b	6239.C49H3.11.2	0.159
6239.B0393.1.1	6239.C37A2.7	0.37527
6239.F18A1.5	6239.R02D5.6a	0.3147
6239.C34B7.1	6239.R11H6.3b	0.18747
6239.C26C6.6	6239.K12D12.5	0.66503
6239.ZK899.1	6239.K12H6.4	0.26129
6239.R07G3.2	6239.F47D2.4	0.18255
6239.C14E2.11	6239.K10D2.4	0.65335
6239.F11A5.17	6239.E02H4.6	0.26385
6239.K08E3.5e	6239.Y48G10A.2b	0.23282
6239.F45E1.7a.1	6239.T01C3.9	0.29292
6239.K04G2.2	6239.C18H7.5	0.46368
6239.T23B3.1b	6239.ZK355.6	0.19638
6239.C52D10.1	6239.F55A4.3	0.62641
6239.Y82E9BR.3.1	6239.ZC262.5	0.28948
6239.F38E11.7b	6239.Y105C5B.4	0.33265
6239.R09E10.1.3	6239.R01H10.3a	0.31746
6239.C35B1.1	6239.Y54E10BR.3	0.22848
6239.T04F8.8b	6239.C09G4.5	0.37425
6239.F33A8.2.2	6239.C50B6.3a	0.73092
6239.F09E10.3	6239.C09B8.7c	0.35206
6239.C26B2.2	6239.C38D9.9	0.25253
6239.K01C8.10.2	6239.C26C6.3	0.14268
6239.K07A1.16a	6239.Y50D4B.2	0.21373
6239.T14G10.4	6239.F19H8.5	0.60441
6239.W08F4.3	6239.W04G3.6a.1	0.40495
6239.T24H10.1	6239.F17C8.6	0.15574
6239.R10E4.2a.4	6239.ZK829.1	0.22143
6239.C39F7.4	6239.C43E11.11.1	0.48739
6239.Y105E8B.1i.1	6239.F02H6.71	0.46329
6239.C31G12.1	6239.C54H2.3	0.27983
6239.Y71A12B.9	6239.E04D5.4a	0.50883
6239.M02G9.4b	6239.F55G7.2	0.77153
6239.C50F2.8	6239.Y54G11A.10a	0.3899
6239.ZK637.14	6239.Y47G6A.7a.2	0.37174
6239.F54H12.1c.2	6239.K08B5.2	0.46182
6239.C53D5.5.1	6239.Y76A2B.6	0.17239
6239.C09E8.2a	6239.ZK863.9	0.25945
6239.F52C12.5.2	6239.C18E3.6.1	0.17532
6239.F40F8.5f	6239.C18A11.3	0.23555
6239.Y54G2A.17b	6239.T19B4.3	0.50286
6239.R06B9.1	6239.T25D3.4	0.22049
6239.ZC513.1	6239.H37A05.2	0.25517
6239.C07A12.4c.1	6239.C28H8.11a.1	0.18264
6239.F17C11.13a	6239.C39E9.4	0.32646
6239.K06A4.6	6239.D1007.6.1	0.34342
6239.Y116F11B.7	6239.Y105C5B.28c.2	0.15768
6239.Y73F8A.22	6239.Y45G5AM.9b	0.25579
6239.F28B1.5	6239.D1086.18	0.70722
6239.ZK1248.5	6239.Y113G7A.1	0.12185
6239.Y39A3A.4	6239.Y54E2A.3	0.1835
6239.F44E5.1.2	6239.C25G6.5	0.57366
6239.F42A10.2b	6239.M01D7.1	0.34468
6239.Y73B3A.12	6239.F23F1.8b	0.56011
6239.Y59A8B.11b	6239.C09G9.6	0.17897
6239.R07C12.3	6239.D2089.4b.2	0.39165
6239.C09H5.1	6239.T02D1.6	0.53089
6239.F57B1.1	6239.Y25C1A.8a	0.03627
6239.R10E8.5	6239.Y56A3A.18	0.38199
6239.ZC247.2	6239.C10C6.2	0.29506
6239.F02C12.5a	6239.K10D11.1	0.25934
6239.C27A12.7b.2	6239.C28H8.5a	0.32068
6239.C10A4.5	6239.F07G11.8	0.20023
6239.C45H4.18	6239.Y38F2AR.3c	0.12715
6239.C52B9.1a	6239.Y22D7AL.13	0.78323
6239.F42G8.6	6239.C13D9.2	0.16627
6239.T22E5.5.2	6239.C48B6.9	0.11202
6239.T05E11.1	6239.C09H10.3	0.38443
6239.Y39E4B.12a.1	6239.F42H10.2	0.79631
6239.F30F8.3	6239.F47B8.5b	0.1701
6239.B0336.11b	6239.Y59E9AR.3	0.34112
6239.T07H3.4	6239.M163.11	0.18311
6239.C34C6.5c	6239.C54E4.5	0.29193
6239.F41G3.1	6239.T20C4.1	0.63
6239.C46F4.1b.2	6239.F37C4.6a.2	0.20759
6239.Y43F8C.17	6239.T26H10.1b	0.39319
6239.C41G7.3	6239.R02D3.4c	0.34847
6239.R05H11.2.1	6239.VW02B12L.4	0.16448
6239.ZK637.13.2	6239.K08F8.3.2	0.49189
6239.C05C8.6	6239.C41D7.1	0.82602
6239.C17H1.5	6239.F58D5.2b.2	0.24949
6239.Y110A2AR.2	6239.F13H8.11	0.36378
6239.C06E2.7	6239.Y37H2C.2	0.29557
6239.F18G5.4	6239.R02E12.8	0.27103
6239.F49E12.2	6239.T24F1.7	0.31678
6239.T27A3.2	6239.Y37E11AR.2	0.313
6239.ZK430.2	6239.C30G4.6	0.14662
6239.Y39G10AR.32	6239.T07D3.9a.2	0.55547
6239.C06H5.8a	6239.K07A3.3a	0.35272
6239.C46G7.1	6239.C41G7.15	0.11202
6239.Y22D7AR.5	6239.R193.3	0.21024
6239.C07G3.2	6239.ZK643.6	0.18462
6239.F45H11.2	6239.F56B3.12	0.34207
6239.T28A11.7	6239.B0563.18	0.51533
6239.C33D9.13	6239.K10C9.9	0.51916
6239.C33E10.5	6239.F40D4.1	0.27248
6239.Y37E11AM.2b.1	6239.F56D12.5b	0.29506
6239.F48C1.11	6239.C54G6.1a	0.12082
6239.Y73B6BL.289	6239.Y54E10BR.7	0.78276
6239.JC8.5b	6239.F47B8.18	0.07113
6239.ZK381.1.2	6239.C30G4.7	0.44061
6239.ZC178.1	6239.C08B6.8a	0.35576
6239.K10D11.3a	6239.T19B10.11	0.52418
6239.T06G6.4	6239.C06E4.2	0.48031
6239.F10C1.7e	6239.Y44E3A.4	0.10781
6239.C23H5.8d	6239.F49F1.7a	0.17067
6239.M70.5	6239.R05H10.1	0.40124
6239.F45E4.8.1	6239.Y75B8A.35c	0.59599
6239.Y71F9B.13a	6239.C35A5.6a	0.11598
6239.Y55F3AM.2	6239.Y47D7A.14b	0.2596
6239.VZK822L.1b.1	6239.C05D2.1c.2	0.369
6239.F35G12.12	6239.C17E4.19	0.44565
6239.T23F2.3	6239.T15D6.7	0.66222
6239.C17G10.9b	6239.T16G1.11	0.43386
6239.W08G11.1	6239.T10C6.6e	0.19115
6239.C26F1.4.2	6239.T27C10.8	0.06892
6239.K07E3.9	6239.T22C8.7	0.38945
6239.B0035.18	6239.T02H6.3	0.28948
6239.T26E4.14	6239.F02C12.4	0.15068
6239.Y51H7C.15	6239.F37H8.2	0.55504
6239.W06H8.4	6239.ZK1321.4b	0.18483
6239.C39E9.5	6239.F01D5.7b	0.27736
6239.ZK355.5	6239.R90.3	0.59729
6239.F25H5.1e	6239.Y51H4A.3	0.54911
6239.C50A2.2b	6239.C44C1.3	0.51947
6239.T27A8.3	6239.T21E8.4	0.15379
6239.T22C8.6	6239.Y46H3C.1	0.14629
6239.Y71G12B.12b	6239.Y73E7A.7	0.21973
6239.C02B10.5.2	6239.Y39B6A.3a	0.52654
6239.T21C9.8	6239.E03A3.4	0.10986
6239.C33H5.17	6239.F11E6.6	0.23071
6239.C45B11.1b	6239.ZK470.5b.3	0.22744
6239.ZK1025.9	6239.R02D3.7	0.2653
6239.Y18D10A.3	6239.C37C3.2b.1	0.18212
6239.W10G11.10	6239.AH6.6	0.12085
6239.F57G12.2a	6239.Y4C6B.4a	0.20387
6239.C23H4.1.4	6239.C17H11.5	0.3988
6239.C54D2.4a	6239.Y105C5A.12	0.81123
6239.R11G10.1c	6239.ZK678.1	0.12175
6239.K03B8.1	6239.C43D7.4	0.51743
6239.F10G7.4	6239.K07C11.2.1	0.33649
6239.ZK673.11a	6239.F25H9.1	0.15085
6239.Y43F8C.14	6239.ZC404.8.2	0.36352
6239.B0564.11.1	6239.T22F3.8	0.27284
6239.T20H4.1	6239.F48E3.7	0.10717
6239.F46B3.9	6239.C08F11.2	0.25595
6239.T21C9.5a	6239.C26H9A.3	0.21826
6239.F46F11.8	6239.Y37E3.10	0.11202
6239.F35H10.11	6239.T15B12.2	0.52379
6239.Y71G12B.31	6239.R11E3.7a	0.39154
6239.F53F1.7	6239.W03F9.9	0.12551
6239.Y73F8A.34d	6239.B0336.2.2	0.42807
6239.C03G5.1	6239.C34C6.7a	0.28166
6239.R11A5.7	6239.Y52E8A.1	0.53922
6239.F14D2.2.2	6239.C34C6.5d.1	0.43503
6239.B0035.9	6239.K07A1.12	0.53773
6239.F36A2.1a	6239.K04F10.3a	0.39797
6239.C15C8.3b.2	6239.R07E5.15	0.2773
6239.K04H4.5	6239.Y105E8B.8c	0.38852
6239.R12B2.4	6239.Y54E2A.8a	0.11262
6239.T28D9.2b	6239.F47G4.5	0.20137
6239.T22C1.9	6239.F41G3.20	0.06288
6239.F21A10.1c	6239.F42E11.4	0.13406
6239.C36B1.3	6239.F01F1.7	0.40035
6239.F25H2.5.1	6239.T28D9.3c.2	0.39861
6239.C46F4.3	6239.F36A4.8	0.20479
6239.M03D4.1c	6239.C41D7.1	0.86701
6239.F46G10.7a	6239.C30F2.4	0.67619
6239.Y46C8AL.9b	6239.C03G6.6	0.37403
6239.T01C3.6.2	6239.B0546.4c.3	0.15236
6239.ZC410.5c.3	6239.T27E9.1d.20	0.32063
6239.C13B9.3	6239.W02D7.7	0.4067
6239.Y43F8B.23	6239.F26E4.2	0.25192
6239.F18G5.6	6239.F22E12.1	0.70159
6239.F55A12.9c	6239.F58G1.9	0.47451
6239.K08D12.1	6239.Y46G5A.38	0.34628
6239.F28H1.4b.2	6239.C29G2.1	0.26576
6239.F21E9.3	6239.C14E2.1	0.13604
6239.T19E7.3	6239.ZK563.5	0.25175
6239.C08B6.5	6239.K02D10.3	0.59323
6239.Y119C1B.10a	6239.Y53F4B.27b	0.32415
6239.B0336.9d	6239.H34C03.1	0.24446
6239.T21C12.1i	6239.H06I04.1c.2	0.10757
6239.Y47C4A.1	6239.C17E7.12	0.41576
6239.D2030.1.1	6239.Y81G3A.5a	0.2235
6239.C33A12.1	6239.Y54F10AM.5	0.18365
6239.Y39E4B.10	6239.Y51F10.2	0.33576
6239.F36G9.6	6239.F21H7.5	0.03611
6239.W05G11.6a.1	6239.F28B3.10	0.63471
6239.ZK1307.6	6239.Y32H12A.7.2	0.15058
6239.C30C11.4.1	6239.T21B10.2c.2	0.28313
6239.F14D7.1	6239.C24B9.6	0.30836
6239.C56G3.1a.1	6239.ZK355.8	0.78323
6239.F02D8.4	6239.T20D4.20	0.4234
6239.K03B8.4	6239.T04C9.4b	0.08178
6239.F45D3.2a	6239.F37A8.1	0.33186
6239.T07D4.2c.2	6239.F52C6.12.3	0.71512
6239.F59A1.13	6239.F44F4.15	0.54333
6239.ZK546.6	6239.T19B10.1	0.63105
6239.B0564.9	6239.R12C12.2	0.18547
6239.H42K12.3.2	6239.F08B4.4	0.5933
6239.C47G2.5a	6239.Y53H1A.4b	0.83375
6239.Y47H9C.1	6239.F46F2.2a.2	0.18289
6239.Y95B8A.12c	6239.R06C7.4.3	0.32583
6239.Y42H9AR.1.1	6239.C03F11.3	0.13785
6239.Y39B6A.20.4	6239.K08F4.7	0.34629
6239.C49H3.8	6239.VW02B12L.3	0.15961
6239.T20F10.5	6239.F01E11.5b	0.13046
6239.AC8.3	6239.F10D11.2	0.1193
6239.B0205.3.2	6239.T20F5.2	0.23565
6239.K08A2.5a.2	6239.C27H5.7b	0.14643
6239.C32E8.3	6239.T24B8.3a.1	0.32497
6239.F58D5.1b.1	6239.W02B12.2	0.36417
6239.K01D12.9	6239.C35B1.8	0.2026
6239.F20D12.4.2	6239.T01H3.1.1	0.52317
6239.Y46E12BL.4c	6239.C14C10.1	0.21896
6239.H20J04.4a	6239.T26H10.1a	0.09436
6239.Y6B3B.5b	6239.C12D8.9a	0.66438
6239.Y54G9A.6	6239.ZK973.10.1	0.34466
6239.T05H4.13c.1	6239.M176.7.2	0.13319
6239.C44C1.5a.2	6239.W06B3.2c	0.22973
6239.F02E9.10c.2	6239.F18A1.3m	0.24171
6239.F55H2.7.2	6239.C10C6.3b	0.17134
6239.R08E3.4b	6239.Y113G7B.23a	0.23181
6239.Y92H12BL.5	6239.K10C8.3b	0.40047
6239.ZK1127.10.1	6239.C35D10.11	0.56491
6239.F57G8.7	6239.T08G11.5.2	0.55757
6239.C54G4.6	6239.C24G6.6.2	0.44663
6239.JC8.7a	6239.W05F2.3	0.21536
6239.ZC239.6.2	6239.Y39B6A.33	0.26509
6239.C17E4.1a	6239.T08A9.12	0.57831
6239.C18A3.2.2	6239.C09G1.1	0.12722
6239.C37E2.1.2	6239.W03C9.7a.3	0.17562
6239.H38K22.5b.2	6239.F09E8.6	0.20208
6239.W01D2.5a.1	6239.Y43F8B.1d	0.18963
6239.Y73F8A.21c	6239.C33A12.12	0.16863
6239.K03E5.2b	6239.Y44A6D.3a	0.13359
6239.F15B10.1a	6239.Y48A6B.13a	0.2599
6239.F43E2.1.1	6239.T11F8.1	0.32008
6239.F01G10.3	6239.Y17G7B.10a.6	0.16823
6239.F41B5.10	6239.C36E8.1.2	0.29112
6239.F49E12.10	6239.F19C7.7	0.06837
6239.K08B5.2	6239.C01H6.8b	0.23338
6239.E02D9.1a	6239.B0496.6	0.33652
6239.C02C6.3c.1	6239.Y48A6B.13d	0.2277
6239.C15B12.2	6239.F17C11.12b.1	0.18113
6239.B0331.2	6239.H04M03.8	0.32729
6239.F29F11.2	6239.M199.8	0.87562
6239.F25B3.3b	6239.Y102F5A.1	0.27963
6239.Y52E8A.2	6239.C36E8.1.1	0.54003
6239.R01E6.4	6239.ZC477.4	0.64923
6239.Y44A6B.2a	6239.F49E10.5a	0.33788
6239.C49A9.7	6239.K02E10.5	0.4662
6239.W05H7.4c	6239.T27A3.4	0.47536
6239.Y75B8A.5	6239.F14B8.7	0.22065
6239.C27A2.2a	6239.R151.3.2	0.31306
6239.F46B6.10	6239.B0491.3	0.28808
6239.C35D10.9b	6239.Y47H9C.6	0.64892
6239.F43G6.6	6239.C02B8.3	0.62947
6239.T23D5.9	6239.R07C3.4	0.3737
6239.C35A5.10	6239.F08B1.1a.3	0.39834
6239.H12I13.1	6239.T15H9.4	0.22117
6239.Y42G9A.3a	6239.R07B7.4a	0.16468
6239.T27F2.3.2	6239.ZK1290.11	0.14762
6239.Y5F2A.3	6239.T27E9.1d.44	0.13906
6239.F54C8.6c	6239.R11D1.1c	0.31306
6239.ZK856.6	6239.ZK563.2	0.52802
6239.C08F8.8	6239.K04F1.14a	0.1909
6239.C53B4.7a.2	6239.C06A6.4b.1	0.17752
6239.F25D7.1.2	6239.H40L08.1	0.29455
6239.F54E12.5b	6239.ZK1037.8	0.32932
6239.C24F3.2	6239.T09E11.2	0.21024
6239.F38A5.2a	6239.R07B1.3	0.1737
6239.F38A1.9	6239.R07G3.7a	0.37014
6239.F22D6.1	6239.Y32F6B.2	0.26347
6239.ZK265.7	6239.Y18D10A.4	0.29765
6239.W09D6.3	6239.K06H7.7	0.14326
6239.K02E11.11	6239.F39E9.4	0.65928
6239.K11D12.13	6239.C09B7.2.1	0.17276
6239.F17B5.3a	6239.C24B9.1	0.19586
6239.F53F8.5	6239.F26F2.10b	0.41949
6239.Y39A3CL.6	6239.C01G10.11f.2	0.18366
6239.K04F1.9	6239.F58B6.1	0.43792
6239.F08B6.4c.2	6239.T17A3.4	0.28625
6239.ZK637.15	6239.R07G3.6	0.16632
6239.F08C6.3	6239.T13F2.8a	0.44659
6239.Y71G12B.15.2	6239.T04H1.6	0.29844
6239.C07H4.1	6239.C05D11.6b	0.35183
6239.F57B9.10b	6239.Y37E11B.1a.2	0.45979
6239.C48D1.2a	6239.F43C1.2b	0.165
6239.T12F5.5a	6239.C14C11.1	0.31764
6239.M03C11.1	6239.Y46G5A.19b.2	0.16836
6239.F38A1.13	6239.C02A12.10	0.50108
6239.Y51A2D.11.1	6239.F13E9.9a	0.36611
6239.F53F1.7	6239.C34C6.3	0.23697
6239.F17E9.9	6239.C32B5.7a	0.28578
6239.K12C11.2	6239.Y54E5B.4	0.262
6239.K04F10.6b	6239.T27F6.4	0.3136
6239.F19H6.2	6239.F25B5.3c.1	0.25516
6239.Y26D4A.12	6239.Y55F3C.3d	0.80359
6239.T18D3.3	6239.ZK973.10.2	0.32816
6239.Y57G11C.1130	6239.H22K11.4a	0.56121
6239.T05G5.9b	6239.ZK622.3d.4	0.19962
6239.B0041.4	6239.ZK652.4.1	0.44254
6239.T10F2.4	6239.Y116A8C.42	0.56681
6239.F17C11.4b	6239.K04C1.5	0.12945
6239.C44B12.5	6239.F34D6.8	0.4458
6239.K04A8.3	6239.H02K04.1	0.23612
6239.Y50D4C.1a	6239.B0222.1	0.16908
6239.T01G9.6b.1	6239.C33A12.10	0.23436
6239.K08C7.7a	6239.ZK381.1.1	0.13298
6239.C42C1.9b.1	6239.F33H2.7	0.301
6239.PDB1.1a	6239.ZK1248.4	0.59851
6239.T27E9.1d.2	6239.C41H7.4	0.13332
6239.B0336.9a	6239.C17C3.18	0.7803
6239.T25B9.4	6239.F02A9.4b	0.16255
6239.M110.3	6239.D1081.5	0.22111
6239.F42G4.3e.1	6239.ZK856.6	0.53454
6239.ZC404.11	6239.T18H9.1	0.17337
6239.F28B1.5	6239.F14D2.5	0.82775
6239.D2062.13	6239.W03C9.3.1	0.10213
6239.Y54G2A.28a	6239.T22C1.1.1	0.42766
6239.ZK512.1	6239.Y9D1A.2	0.21202
6239.W01B6.7	6239.ZK1248.5	0.05511
6239.Y65A5A.2b	6239.C15A11.5	0.04494
6239.C33H5.15	6239.C27H6.4c.2	0.14891
6239.C23H3.9c	6239.Y87G2A.1	0.21247
6239.F10D7.1	6239.Y41E3.7d	0.20949
6239.Y54E5B.3a	6239.H41C03.3.3	0.36338
6239.K09F5.5	6239.Y41D4B.12a	0.32505
6239.C05C10.4.2	6239.ZK354.3	0.04967
6239.C02A12.10	6239.W04E12.9b	0.21096
6239.F02E8.2b	6239.C18H7.2b.2	0.13867
6239.F08G12.4	6239.ZK856.1	0.62603
6239.Y73F8A.24a	6239.F46A9.5.2	0.4585
6239.K05F6.2	6239.Y43C5A.4	0.21059
6239.F42A6.6c	6239.E01A2.6.2	0.11735
6239.F47F2.1a.1	6239.Y23H5B.7c.1	0.32844
6239.C37C3.8a.1	6239.F42G9.9a.2	0.12613
6239.C43G2.1.2	6239.T06E6.3	0.2807
6239.T05B11.2	6239.ZK856.11	0.3211
6239.C34E10.6.1	6239.D1086.10a	0.4054
6239.W01G7.4	6239.ZC404.8.2	0.22077
6239.T07A9.8	6239.C08C3.4b	0.17293
6239.F49H6.12	6239.F09B9.2b	0.67396
6239.Y43F8B.25	6239.W05F2.5.1	0.23402
6239.F11D11.3	6239.F54B8.2	0.26353
6239.F07B10.5	6239.T10E10.3	0.20882
6239.R13H9.5	6239.F59D6.4	0.29596
6239.Y17G7B.23b	6239.F42G4.6	0.1175
6239.C14A11.1	6239.T23D8.2	0.26848
6239.Y81G3A.5a	6239.D1007.1	0.16226
6239.D2005.3	6239.Y48B6A.10	0.54536
6239.C39E9.13	6239.F40F12.7.1	0.29588
6239.C01F1.1	6239.Y37E3.3	0.72746
6239.C17G10.9b	6239.Y54E2A.11a.1	0.26289
6239.Y47D3A.31	6239.C08C3.2	0.31648
6239.C16D2.1a	6239.T09B4.5b	0.24973
6239.F10C2.2	6239.T03F6.7	0.15587
6239.B0273.2.2	6239.R03D7.7	0.25862
6239.F59A1.7	6239.Y57G11C.7	0.23186
6239.ZK742.6	6239.F01F1.1a	0.90251
6239.D1054.15a	6239.Y116A8C.42	0.52838
6239.W07G4.4	6239.C35E7.8	0.23257
6239.Y45G5AM.3	6239.Y50D4C.3	0.22605
6239.F46H5.3b.2	6239.ZK1236.9	0.37936
6239.Y38F2AR.1a	6239.F38H4.3	0.16984
6239.H14E04.5	6239.H25P06.2b	0.26779
6239.Y57G11C.1	6239.C45E5.6b	0.13874
6239.R08E5.1.1	6239.C30E1.7	0.24384
6239.Y32B12A.1	6239.Y53C12B.5a	0.24491
6239.C05E11.6	6239.R11G10.1a	0.57434
6239.C40A11.2.1	6239.F56F11.3.1	0.4174
6239.ZK1055.4	6239.F49H6.3	0.34882
6239.T21F2.1a	6239.ZC308.4a	0.27354
6239.F55C9.3.2	6239.Y106G6H.2a.5	0.49456
6239.F12F3.1a	6239.K08F8.1e.2	0.13537
6239.Y34D9A.8a	6239.ZC395.7	0.12671
6239.ZK622.2	6239.F14F4.1	0.13537
6239.C16C10.13.2	6239.F23F12.3	0.35967
6239.C01F6.6e.3	6239.F57A8.5	0.26876
6239.F52G2.1b	6239.C38C6.2b	0.19595
6239.F35E12.5	6239.F26F4.10a.1	0.37108
6239.ZK1037.10	6239.ZK792.7a	0.25382
6239.R05G6.7	6239.K10G4.10	0.16025
6239.R53.1d	6239.T02E9.6	0.32608
6239.T27E9.1c.1	6239.Y57G11C.14	0.15642
6239.F44B9.4c.2	6239.F47B3.2	0.52526
6239.M04D8.1	6239.T03G6.3	0.65458
6239.T12G3.1a.2	6239.Y54E5A.7d	0.15638
6239.K10C8.3c.1	6239.F42G8.10b.2	0.36871
6239.T03D3.6	6239.C06E1.8	0.16337
6239.F11D11.8	6239.F10G7.1.1	0.42405
6239.T09E11.12	6239.F52D10.5	0.1925
6239.B0035.10	6239.F32E10.6.2	0.3533
6239.Y5H2B.4	6239.C55H1.1	0.14199
6239.Y61A9LA.1	6239.Y105C5B.28a	0.22578
6239.C52E2.3	6239.C17C3.12a.1	0.21249
6239.PAR2.3a	6239.Y111B2A.8	0.14695
6239.Y56A3A.29b	6239.C54G10.3b	0.41991
6239.R02F2.1b.3	6239.F18E9.3	0.14284
6239.ZK550.1	6239.T05A8.4	0.41759
6239.M01D7.6.3	6239.ZK180.3b.1	0.4269
6239.Y56A3A.22	6239.ZK1307.1b	0.1065
6239.Y45F10D.10a	6239.F56B6.5b	0.4135
6239.C46F11.5a	6239.R10D12.14d	0.30996
6239.Y45F10D.9	6239.C18E9.10	0.3122
6239.F55A8.2a.1	6239.C27A2.7	0.60941
6239.Y105E8B.1b.2	6239.AH10.4	0.38627
6239.T27E9.1d.19	6239.ZK1321.2e	0.2698
6239.W09G12.10	6239.F16B12.4	0.33999
6239.ZK909.2b	6239.T26H8.2	0.29507
6239.R06B9.2	6239.Y105C5A.9	0.42336
6239.ZK112.1	6239.D2085.6	0.21274
6239.K08C9.6	6239.F26H11.1	0.12286
6239.F14B8.3	6239.Y54G2A.16b	0.37014
6239.B0546.2b.3	6239.T20G5.11	0.1256
6239.Y65B4BR.6b	6239.F26G1.11	0.17783
6239.R07B5.3c	6239.C06C6.3	0.21001
6239.R13A1.9	6239.C52E4.2c	0.48478
6239.F46C3.7	6239.T05A8.1.1	0.31469
6239.C34F6.4	6239.ZK1053.1	0.1425
6239.C17E4.10a.1	6239.C18H7.9	0.44879
6239.W01D2.2b.3	6239.Y71A12B.11	0.2095
6239.F11F1.1a	6239.C17G1.3b.1	0.17996
6239.T09F5.12b	6239.ZK262.7	0.45365
6239.F07A11.2b.4	6239.T18H9.6	0.28097
6239.Y62E10A.2.2	6239.H01M10.3	0.12319
6239.W08F4.8b	6239.Y39B6A.2a	0.18552
6239.F56H9.1	6239.F16G10.5	0.55706
6239.F40F9.7b.3	6239.R148.6	0.33075
6239.D1025.2	6239.C14F5.5	0.26703
6239.F58E10.3a.5	6239.Y67H2A.1	0.19225
6239.F23F1.6	6239.M28.2	0.16681
6239.T22C1.8	6239.C02F5.10	0.6267
6239.C52D10.11	6239.H41C03.3.2	0.58333
6239.W03D2.2	6239.R07B7.2b	0.40241
6239.F42G4.3e.2	6239.T21D12.4	0.2909
6239.Y73C8C.9	6239.R11A5.3	0.28625
6239.Y45F10A.7b	6239.C09G12.6	0.31637
6239.F28C6.4a.1	6239.F08H9.7	0.34523
6239.ZK688.3.1	6239.C33G8.12	0.28571
6239.Y39A1A.6	6239.T05B4.10	0.11319
6239.ZK1055.6a	6239.F01D5.6	0.2139
6239.Y23H5B.3	6239.F55B11.4	0.25221
6239.C50C10.1	6239.F18E3.5	0.2001
6239.K01H12.4	6239.Y73B3A.1	0.35121
6239.F36A2.6.2	6239.K02F3.11	0.2851
6239.C42C1.15	6239.C05C9.1	0.27955
6239.C33A11.1.1	6239.W10G11.13	0.44408
6239.Y45F10D.10b	6239.C25A1.11b	0.48194
6239.Y48E1B.13b	6239.M110.5b.1	0.11557
6239.AH6.5	6239.F35C11.7	0.54876
6239.F36F12.5	6239.Y48C3A.20	0.36074
6239.ZK909.6	6239.F19B6.1d	0.62019
6239.F12E12.8	6239.B0286.4a.1	0.23674
6239.R08C7.10a	6239.F26A10.1	0.90925
6239.F56D12.1a.2	6239.F19B10.5	0.32448
6239.Y59A8B.14b	6239.F13B9.5.1	0.19297
6239.F08F8.6	6239.F36H9.7	0.3494
6239.C37H5.13b	6239.C43D7.9	0.23677
6239.C06A5.7b	6239.T03D3.6	0.12973
6239.K12H6.6b	6239.F58G6.6a	0.21695
6239.ZC250.3	6239.F22F7.1b	0.20235
6239.ZK512.6a	6239.F47B7.5	0.48623
6239.T06A1.4	6239.F26E4.9.3	0.23082
6239.F16H6.7	6239.K06B4.10	0.36944
6239.W03G11.3	6239.B0238.8.1	0.29117
6239.T05B11.1	6239.C24F3.6.2	0.05115
6239.M57.2b	6239.C53B7.4	0.60412
6239.C30B5.4	6239.F42A6.7d.2	0.15145
6239.F21D5.7	6239.F28D1.7.1	0.59532
6239.R03H10.6	6239.ZK867.2	0.1667
6239.B0041.6a	6239.F33C8.4	0.23025
6239.F41E6.2	6239.Y70C5B.1	0.29422
6239.C43E11.6c	6239.F07C4.7	0.43144
6239.F37B4.1	6239.F23B12.6.1	0.1901
6239.R03D7.4	6239.ZK637.10.1	0.14682
6239.F44C8.9b	6239.F42G8.3b	0.14556
6239.T24C2.3	6239.R90.5b	0.14914
6239.Y69F12A.2b.2	6239.F47D12.1d	0.19408
6239.F47F2.1b	6239.R09G11.2a.1	0.15726
6239.C01F1.1	6239.C49F8.1	0.11773
6239.R05D8.5	6239.ZK867.1d	0.2426
6239.Y43C5A.6a	6239.T20F5.8	0.3833
6239.H27C11.1a	6239.Y19D10A.15	0.21237
6239.M01D1.2b	6239.F35H8.12	1.0
6239.Y71H2AM.6a	6239.T07D3.9b.2	0.29024
6239.ZK688.6a.1	6239.Y57G11C.9d	0.12072
6239.T02C12.5	6239.C10A4.8	0.42018
6239.F57B1.2	6239.C04C3.2	0.13894
6239.F54E7.2.1	6239.Y54E10BR.4	0.419
6239.C09G9.2a	6239.Y113G7B.24b.1	0.31555
6239.C26F1.4.1	6239.Y71A12B.1a	0.32869
6239.T19A6.3b	6239.M01B2.12	0.38809
6239.Y40B10A.3	6239.C42C1.6	0.18878
6239.C36A4.9b	6239.F27D9.5	0.1654
6239.Y57G11C.17a	6239.C03B1.9	0.42649
6239.F13C5.5	6239.T25C12.1b	0.39312
6239.ZK1058.4.1	6239.Y39B6A.20.2	0.11129
6239.F52C12.6b	6239.C50D2.8	0.17721
6239.ZC308.4a	6239.F58E6.7	0.70523
6239.Y106G6D.6	6239.T11F9.11	0.46048
6239.C06E2.7	6239.F17A9.4	0.48856
6239.C54E4.12a	6239.F18E3.4a	0.63282
6239.T05C12.1	6239.T21E8.5	0.50019
6239.C03G6.12	6239.T13C5.2	0.30123
6239.F47D12.4c.2	6239.B0432.5c	0.42959
6239.C56C10.6	6239.R03G5.1a.1	0.15125
6239.Y105E8A.32	6239.Y41E3.7e.1	0.52824
6239.Y39A1A.27	6239.W07B8.4	0.72044
6239.F28C6.7b.1	6239.T08B2.10	0.17233
6239.C43H6.6	6239.C14C10.1	0.24417
6239.F47D12.4b	6239.ZK688.9	0.18369
6239.Y113G7B.9	6239.C34C6.7a	0.15632
6239.M18.3	6239.T23G11.6a	0.23001
6239.C03A7.6	6239.T14G10.7	0.26523
6239.F58D5.5	6239.F37B1.5	0.13211
6239.Y39E4B.9d	6239.Y41G9A.10	0.26212
6239.Y94H6A.11b	6239.C43E11.12b.2	0.17673
6239.ZK809.9	6239.F53F4.4b	0.21786
6239.F52G2.1b	6239.F59G1.1c.2	0.28193
6239.C02E7.5	6239.K07D4.6	0.1265
6239.Y51H7C.5.1	6239.C51E3.10a	0.69279
6239.F47E1.5	6239.T22E5.2	0.56983
6239.C26B9.7	6239.C06B8.11	0.40628
6239.C03H12.1f	6239.C18B10.7	0.36165
6239.B0041.8.1	6239.C43C3.2b	0.39657
6239.C34E7.3	6239.F53A2.1	0.23793
6239.F29C6.1a	6239.T09A5.2a	0.47919
6239.F30A10.1	6239.F58B6.3a	0.46597
6239.F43A11.1	6239.Y39E4B.9b	0.2195
6239.F47G4.7.2	6239.T12D8.8.2	0.14043
6239.F55H2.1a	6239.F56C11.6a	0.4208
6239.F44E2.7b.1	6239.Y44A6E.1b	0.11696
6239.F32B6.8b.1	6239.C01G6.6a.2	0.22876
6239.C44C10.9c	6239.Y105E8B.1b.2	0.15049
6239.Y39A3B.4	6239.C54D2.4a	0.27205
6239.H05C05.4	6239.K08D8.4b	0.63851
6239.F28B1.6	6239.F52E1.2	0.26576
6239.M01F1.2.2	6239.Y37E3.7.2	0.29776
6239.Y67H2A.10c	6239.F49E11.6	0.42064
6239.Y39C12A.8	6239.F37C12.10	0.40471
6239.C32B5.14	6239.F54C1.7.5	0.45651
6239.K07A1.16b	6239.F56F3.6	0.39703
6239.C47D2.1	6239.ZK470.2c	0.37262
6239.F08A8.6	6239.Y37D8A.1	0.34052
6239.Y73E7A.1b	6239.T15B7.1	0.24094
6239.C18A3.5c	6239.ZK287.5.1	0.5476
6239.F40F8.11b.2	6239.C24A11.8b.1	0.21538
6239.C26B2.6	6239.Y47H10A.3	0.12162
6239.D2030.2b.2	6239.K11D2.3a.1	0.22006
6239.T23F1.6	6239.C03G6.8	0.10587
6239.F21F8.9	6239.Y37H2A.6	0.09489
6239.F22D6.10	6239.T27E9.4a.2	0.32452
6239.W01F3.2	6239.T20B3.15	0.18013
6239.CD4.7b	6239.C29F9.12	0.51013
6239.T07C4.9b.2	6239.F28B12.3.1	0.15059
6239.K06A9.2	6239.T05A8.2.2	0.37704
6239.C39B5.11	6239.W10D9.2	0.34507
6239.ZC410.4b	6239.R08E3.3a	0.23583
6239.C03A7.9	6239.Y39A3B.5e	0.36239
6239.F55A8.2f.1	6239.C10A4.4	0.55667
6239.ZK593.6b.2	6239.K08F8.1b.1	0.56547
6239.T28D9.3c.2	6239.F40E10.6.1	0.16231
6239.Y87G2A.13	6239.T05B4.7	0.20007
6239.T28D9.3e.1	6239.C35A5.2	0.24505
6239.F58F12.3	6239.Y25C1A.12	0.25307
6239.W04E12.5a	6239.K08F8.1c.2	0.38387
6239.CD4.5	6239.C50B6.8b.2	0.19897
6239.T05B11.4	6239.F42A6.1	0.20498
6239.F08F3.3.1	6239.Y77E11A.23	0.48239
6239.F53E10.6	6239.C02C2.1	0.46322
6239.R10E4.2b.2	6239.Y56A3A.3.1	0.54635
6239.T14C1.3	6239.C52D10.13	0.14613
6239.F54D8.2.2	6239.R03C1.3b	0.31393
6239.Y17G7B.6d	6239.M117.2b.2	0.22209
6239.F45H10.3	6239.ZK973.10.2	0.15005
6239.Y69E1A.3	6239.T11G6.2b.2	0.13169
6239.F18A1.2b.2	6239.F36A2.10.2	0.44087
6239.F45C12.12	6239.E01A2.5	0.13068
6239.F22A3.5	6239.K08F4.8	0.41612
6239.Y38A10A.3	6239.ZK218.7	0.19723
6239.ZK757.4d	6239.T02G5.13b.2	0.10256
6239.C44C3.9	6239.Y48A6B.10c	0.16663
6239.R11H6.3c	6239.C06A12.4a	0.38311
6239.F55A4.7	6239.F18E3.5	0.47112
6239.T19A6.1c	6239.C05D10.3	0.35676
6239.K10D11.2	6239.C29F3.5	0.36347
6239.F45C12.1	6239.K09H9.6.1	0.1415
6239.F46E10.9.1	6239.Y22D7AL.5b.1	0.40123
6239.ZC262.9	6239.F22D6.2.1	0.03404
6239.M01F1.2.1	6239.ZK228.5	0.2299
6239.Y116A8C.5	6239.K03A1.5	0.20728
6239.R74.5b.3	6239.Y38H8A.2b	0.1701
6239.Y48A6C.3	6239.ZK1248.14	0.43652
6239.Y49C4A.3	6239.C04E7.5	0.32439
6239.T02C5.1a	6239.T23F11.1.2	0.17238
6239.R06C7.7b	6239.C29E4.10	0.16232
6239.C02F12.1b	6239.T28A8.6	0.35959
6239.F36D3.2	6239.C18E9.3c.1	0.23176
6239.C36B1.4.1	6239.F25H2.9.2	0.29468
6239.T10B10.2	6239.T01B10.4a.1	0.09345
6239.F44G3.1	6239.C34B4.7b	0.14457
6239.R13F6.6b	6239.C18F10.6	0.37529
6239.F26A3.4	6239.C34H4.5a.1	0.25079
6239.C15H11.2b	6239.W03D2.7	0.40872
6239.Y54G2A.14.2	6239.F35C11.1.1	0.2277
6239.ZK770.3.1	6239.ZC178.1	0.13694
6239.F21D5.9	6239.F54H5.3	0.27997
6239.K02G10.3.2	6239.F59A6.6c	0.30291
6239.Y54E2A.7	6239.F47F2.2	0.56426
6239.Y37E11AR.6b	6239.F45C12.11	0.11619
6239.Y41G9A.10	6239.Y37E11AL.7a	0.30281
6239.F10E9.3	6239.F26F4.3	0.11366
6239.F40D4.9a	6239.C17E4.10b	0.13694
6239.Y52E8A.5	6239.E03H12.1	0.16873
6239.C08A9.10	6239.K11D12.8	0.1747
6239.F49E2.4a	6239.F21H7.11	0.26521
6239.R08C7.4	6239.F48E8.5.1	0.19795
6239.F40F9.4	6239.Y70G10A.3.2	0.37277
6239.W04E12.6	6239.F27C8.1	0.25224
6239.Y105E8B.1i.2	6239.C06C3.9	0.12139
6239.F57C9.1b	6239.W02C12.3a.1	0.22081
6239.W03D8.9.1	6239.F32A7.3a	0.16391
6239.F36H9.4	6239.C38C3.8	0.48431
6239.C09G12.9	6239.F44D12.5	0.57557
6239.T01B4.2b	6239.T01D1.2b.1	0.17326
6239.F26F12.6b	6239.C31A11.10	0.24166
6239.K06A5.1.1	6239.F28F8.5a	0.50878
6239.M142.2.1	6239.F27D9.5	0.2029
6239.W09C5.6b.5	6239.ZK652.4.1	0.12631
6239.F33A8.9	6239.C48A7.2.2	0.24798
6239.Y105E8A.1b	6239.C24D10.5	0.06819
6239.T27C5.12	6239.Y37D8A.16	0.33827
6239.F55C10.2	6239.C01B12.4	0.10814
6239.C07B5.3	6239.T01B11.1	0.55786
6239.T19C3.6	6239.C09G12.6	0.21893
6239.ZC97.1b	6239.C05D2.6a	0.34321
6239.F36H12.7	6239.M01D1.8	0.42527
6239.R01H10.6	6239.T09A5.6.2	0.33359
6239.C25H3.9b	6239.F56H6.2	0.3462
6239.M60.4b.2	6239.F35E2.1	0.39524
6239.T21C12.2	6239.W02B12.8b.2	0.18148
6239.Y39B6A.32	6239.F54D7.4	0.23248
6239.T05G11.6	6239.T03F1.8a	0.23033
6239.Y23H5A.4	6239.Y60A3A.16	0.43308
6239.K01A2.8a	6239.C01G10.12	0.13858
6239.F40F8.7.1	6239.H16D19.3	0.19355
6239.K11E8.1s	6239.Y73B6BL.6a.2	0.38826
6239.ZK622.1	6239.Y54E10BR.7	0.27212
6239.C41C4.10	6239.C10G8.7	0.19769
6239.B0344.2	6239.C05C8.3	0.3668
6239.E02C12.11	6239.D1007.9	0.17381
6239.F59E12.2.1	6239.F47D12.9b.1	0.22125
6239.F09F7.5c.2	6239.T24A6.14	0.21824
6239.F10B5.1.1	6239.Y71F9AL.13b.4	0.13238
6239.ZC247.2	6239.Y9C9A.1	0.32613
6239.F45H7.4.1	6239.F39B2.8	0.2075
6239.W04H10.3b.2	6239.C17E4.5	0.57238
6239.C25B8.4b	6239.C52D10.8	0.22683
6239.B0403.2	6239.ZK856.1	0.13875
6239.R07G3.9	6239.K11D2.3a.2	0.43425
6239.F10C1.3	6239.Y82E9BR.16b	0.6868
6239.C34B2.7.1	6239.C27D8.2	0.17823
6239.Y67D8B.2	6239.H13N06.6a	0.32432
6239.C06E7.1b	6239.C24A11.5	0.45868
6239.C47F8.7	6239.F19C7.6	0.12319
6239.F37C4.4c	6239.M01F1.2.1	0.18103
6239.F53C11.3	6239.Y41E3.7d	0.22057
6239.T08A9.9.2	6239.F59F4.1	0.7097
6239.C08B6.11	6239.T04C12.2b	0.23976
6239.F59E12.4a	6239.T11B7.3a	0.28704
6239.H34I24.2	6239.T22B7.1b.1	0.12471
6239.F33A8.7	6239.C17F4.10	0.32808
6239.Y113G7A.1	6239.T27A1.1	0.30728
6239.F07C4.5	6239.F08A7.1a	0.29975
6239.C56E10.3b	6239.C18G1.1	0.43674
6239.F33D4.6a	6239.C44B11.6	0.85671
6239.F39D8.3a	6239.Y105C5B.1413	0.4816
6239.K01A11.2	6239.C45G7.13	0.39226
6239.R102.6	6239.Y92C3B.2b.1	0.34382
6239.C14A6.3	6239.Y51A2D.1a	0.61128
6239.R02D3.4c	6239.Y113G7A.14	0.57891
6239.F49E11.6	6239.F42H10.7a	0.41503
6239.C31H1.5	6239.C41H7.6	0.10096
6239.F58E6.7	6239.R03D7.6b	0.45633
6239.Y57G11C.51.1	6239.Y53G8AM.7	0.09206
6239.F53C3.5	6239.E03H12.2	0.27636
6239.T23F2.4	6239.C03A7.6	0.72845
6239.Y106G6H.2c.5	6239.Y18D10A.17	0.37508
6239.T03G11.6	6239.W03A5.4.1	0.09229
6239.Y25C1A.3	6239.R10H1.2a	0.0602
6239.M01G12.9	6239.M01H9.4a	0.34891
6239.T25B9.10c	6239.F29C12.4	0.31771
6239.K10C2.4.1	6239.Y48G9A.12	0.28122
6239.T15B7.13	6239.W10D5.3c.1	0.31381
6239.M03F8.3b	6239.Y17G7B.9	0.27134
6239.ZK809.4c	6239.B0353.1b	0.2982
6239.DY3.8	6239.C54F6.14	0.16327
6239.C55B7.4b.4	6239.T07C4.7.1	0.42793
6239.ZK1321.1	6239.T10G3.4a	0.37193
6239.F25H8.1a	6239.F25E5.4	0.23424
6239.F42H10.2	6239.C41G7.2	0.66501
6239.D1054.15a	6239.T10C6.5	0.37337
6239.F46F11.4	6239.Y116F11B.6	0.70074
6239.Y105E8A.16.2	6239.C56G7.1	0.25597
6239.C31H5.1	6239.F59E12.3	0.41064
6239.C28C12.7b	6239.Y47G6A.8	0.15079
6239.Y37A1B.15	6239.F45C12.12	0.18996
6239.C43E11.9	6239.C50F2.7	0.20676
6239.C24H12.5b	6239.T19C3.9	0.6253
6239.T11A5.6b	6239.W02B12.10	0.50449
6239.C54H2.5.2	6239.R04D3.10	0.14033
6239.R74.7	6239.C49H3.5b	0.36018
6239.F08D12.2	6239.ZC155.1.2	0.22978
6239.Y53F4B.25a	6239.C06G3.1b.1	0.21762
6239.C33A11.2	6239.R07E5.17	0.27704
6239.T11F1.5	6239.F22E10.5b	0.1736
6239.K03H9.2	6239.ZK757.1a	0.08961
6239.B0495.6	6239.Y34D9A.3	0.86635
6239.H09G03.1	6239.T22B7.7	0.18773
6239.T25E12.14	6239.B0507.7	0.17621
6239.Y73B6A.2.1	6239.B0507.8	0.33236
6239.C07B5.5	6239.C44B12.8	0.15494
6239.C45G7.2	6239.Y37E11B.2.2	0.22398
6239.F33D11.10	6239.F53A2.6b.2	0.29933
6239.F58F9.10	6239.R12C12.9a.2	0.1371
6239.M01E11.2	6239.T06G6.3b	0.15408
6239.K02F3.6	6239.ZK637.7b	0.27734
6239.C01G10.14	6239.F46G11.3	0.6018
6239.C52B11.4	6239.JC8.6b	0.69633
6239.C18E9.4	6239.F37C12.3.1	0.21634
6239.F52B11.1d.1	6239.T21D12.7	0.22978
6239.C18D4.4b	6239.F11H8.1.1	0.67766
6239.Y54G2A.44	6239.R144.5	0.37241
6239.F36F12.5	6239.F29C4.4.1	0.46429
6239.ZK858.4b	6239.F20D6.4b	0.14628
6239.F35C8.7b	6239.C29F7.5	0.30101
6239.C08B11.7	6239.F10G7.8.1	0.26943
6239.T27E9.1d.26	6239.B0546.4c.2	0.24549
6239.T04F3.4	6239.M04G12.4b.2	0.59904
6239.F33E11.1	6239.F15D4.6.1	0.66199
6239.F57G8.1	6239.C27D9.2	0.31547
6239.C56A3.6b	6239.M6.4	0.39342
6239.C34D10.2b.2	6239.B0285.4	0.38497
6239.Y54E2A.11a.1	6239.Y102A5C.24	0.51161
6239.C25A8.2	6239.F35C11.2	0.40435
6239.T12D8.8.2	6239.C24F3.4b.1	0.27029
6239.Y46D2A.2	6239.F49C12.11	0.60204
6239.Y49E10.10.1	6239.Y105E8B.1e.2	0.12736
6239.F38A1.7a	6239.F34D6.8	0.67276
6239.K08H2.6	6239.M163.3	0.08993
6239.F44A2.1a	6239.F55A8.1a.1	0.33805
6239.H20E11.1b	6239.T26H5.3	0.22996
6239.ZK262.10	6239.Y102A5C.15	0.16403
6239.Y97E10AR.3	6239.K08C7.7b	0.15393
6239.F37C12.13a	6239.T21D12.5	0.23555
6239.F30B5.4a	6239.E01A2.7	0.23229
6239.W09H1.6b	6239.EEED8.3	0.25722
6239.F40A3.5	6239.F56H11.4a	0.20479
6239.C43E11.6a.2	6239.Y73F4A.3	0.58233
6239.F36A2.6.2	6239.Y106G6H.3c.2	0.16253
6239.B0228.1	6239.C47B2.5.2	0.13147
6239.R12E2.12	6239.Y57G11C.34	0.24646
6239.Y76A2B.6	6239.F47D2.11	0.44132
6239.F28D1.7.1	6239.B0302.5	0.11609
6239.F53G2.1	6239.D2024.3a	0.30094
6239.R13H8.1b.2	6239.M60.7	0.18462
6239.F46C8.7	6239.Y57G11C.30b.1	0.12555
6239.F52D2.6	6239.M163.8.2	0.06868
6239.K08F8.1e.3	6239.R10E11.7	0.22644
6239.Y119D3B.12a.1	6239.Y106G6E.4	0.2262
6239.C31C9.3	6239.F55G1.8.1	0.30767
6239.Y63D3A.7	6239.C46C2.6c	0.33297
6239.Y39B6A.46	6239.T09F5.12b	0.31059
6239.C49C8.3	6239.Y116A8C.18	0.42963
6239.Y106G6D.2	6239.T05A6.2a.2	0.09446
6239.F58B4.3b	6239.M151.5	0.39079
6239.B0507.1	6239.D2021.4a	0.34907
6239.K03B4.2	6239.F19B10.8	0.2998
6239.F36D1.15	6239.Y4C6B.5	0.65686
6239.B0310.6	6239.C52B9.6	0.64999
6239.MTCE.35	6239.F36D4.2	0.36481
6239.R01E6.4	6239.T04H1.8	0.16522
6239.C52E4.3.3	6239.Y57A10A.19	0.41717
6239.Y71A12B.1c.2	6239.W08E12.7.1	0.2643
6239.K04F10.7	6239.K04F1.15	0.26564
6239.C10A4.4	6239.Y56A3A.2	0.54306
6239.F23D12.6	6239.K07B1.1.3	0.51453
6239.F53F1.7	6239.B0416.11	0.53243
6239.ZK1127.10.2	6239.F56B3.11a	0.33969
6239.C25A1.2.1	6239.ZK337.2	0.46078
6239.R04B3.3	6239.C06B8.8.3	0.78405
6239.W01B11.6a	6239.F36A4.4	0.28785
6239.F07B7.14	6239.R07G3.2	0.22495
6239.C27A2.3.2	6239.F07C4.9	0.23819
6239.F07C3.3	6239.T13F2.8c	0.5013
6239.T05B4.10	6239.C55C3.4	0.21656
6239.ZK856.7.2	6239.Y105E8B.8b.1	0.62799
6239.H11E01.2	6239.C53A5.8	0.2605
6239.Y17G9B.1	6239.VZK822L.1a.2	0.22167
6239.F32A5.7	6239.Y62E10A.12.2	0.13195
6239.Y4C6B.3	6239.T15B7.11	0.16356
6239.Y105E8A.1a	6239.C50H2.7	0.14732
6239.ZC64.2.2	6239.C49H3.8	0.41834
6239.H38K22.5d	6239.F41G4.1	0.38098
6239.R151.7a.2	6239.B0285.10	0.31482
6239.C42C1.11c.2	6239.R03G8.4	0.277
6239.C09G1.5.2	6239.F38B2.1b	0.65254
6239.Y87G2A.9	6239.F45F2.7	0.55955
6239.T03G11.4	6239.F21H7.2.1	0.17147
6239.Y94H6A.4	6239.F18E3.10	0.32866
6239.F13C5.6a	6239.C50D2.10.1	0.75367
6239.Y71G12B.23b	6239.T23G5.6	0.19007
6239.F59A3.9	6239.VY35H6BL.2	0.58479
6239.M02D8.6	6239.F42A10.3	0.43467
6239.C17E4.5	6239.F28H1.5	0.22556
6239.K07H8.2c.1	6239.T01B10.4b	0.13672
6239.F13B9.8b	6239.Y48E1B.7.1	0.59856
6239.C39B5.8	6239.R08H2.1.1	0.18121
6239.Y73F8A.34b.1	6239.C08G5.6	0.38007
6239.F40D4.13a	6239.T05H4.6b.2	0.28455
6239.T05A6.1	6239.F32H2.11	0.32981
6239.T12G3.7	6239.C35B8.3b	0.22585
6239.T22F3.2b	6239.C42D4.5	0.14064
6239.F21F8.1	6239.ZK1290.2b	0.26762
6239.C44C8.2	6239.R06A4.7	0.35517
6239.R07G3.1	6239.W02B12.8a	0.44649
6239.H41C03.1	6239.T13G4.4.3	0.22187
6239.Y46C8AL.8	6239.F36H9.3	0.32331
6239.B0281.4	6239.F32H2.8	0.49327
6239.Y73F8A.15	6239.F13G3.10c	0.20277
6239.C03A7.10	6239.C36E6.1a	0.34127
6239.C39E9.9	6239.F11A5.8	0.35296
6239.R07E3.2	6239.C03A7.6	0.08915
6239.F26G1.2a	6239.T06F4.1a	0.15626
6239.F55G7.3	6239.C41D11.4	0.20339
6239.Y54F10BM.3	6239.Y113G7A.6c	0.29695
6239.W05F2.5.1	6239.C06B3.3	0.39748
6239.F07G11.3	6239.K08E3.10	0.48971
6239.K08F8.1c.1	6239.M02G9.2	0.18134
6239.F54D7.3a	6239.C34D1.4b	0.26548
6239.C16C2.2b.1	6239.ZK1251.1	0.46849
6239.Y71F9B.13b	6239.Y54E10BL.3	0.13998
6239.F59A1.11a	6239.Y37H9A.5.3	0.73344
6239.F54E7.2.1	6239.Y71F9AL.13b.4	0.25307
6239.C25E10.9b.2	6239.Y40C7B.4	0.0604
6239.F54C9.14	6239.Y48E1C.1d.2	0.47439
6239.C54D2.4b.1	6239.R06B9.3	0.14801
6239.Y37E11B.2.2	6239.K07A1.1	0.25197
6239.F47E1.3	6239.T05E11.3a.2	0.17517
6239.E01A2.2b.1	6239.F26D10.3.2	0.18598
6239.C28H8.12	6239.R11A5.2	0.16653
6239.Y9D1A.2	6239.C29E4.15	0.10049
6239.K05F6.7	6239.M02G9.2	0.12594
6239.M01A8.1a	6239.C44C10.8	0.10689
6239.C56G2.15	6239.ZC487.3	0.38035
6239.K01D12.9	6239.K10H10.6	0.50097
6239.F13B12.7	6239.C27D6.3	0.10218
6239.H10D18.3	6239.F14D2.1	0.22371
6239.C32F10.6	6239.Y110A2AL.6	0.46411
6239.F47D12.1e	6239.R02F2.8.1	0.19667
6239.F35C5.11	6239.K06G5.3	0.29419
6239.F47B10.1	6239.T24A6.15	0.4797
6239.Y49E10.4	6239.F19F10.1	0.31001
6239.B0507.5b	6239.C24B5.1	0.33185
6239.F17C11.4b	6239.T02C5.3b	0.38963
6239.C39E9.10	6239.T19A6.4	0.27494
6239.M04G7.3a	6239.W08A12.1b.2	0.129
6239.T28F2.2	6239.C38C3.5c.1	0.17176
6239.F32A6.5a	6239.K10H10.4b	0.21292
6239.Y44A6D.2	6239.ZC168.3b	0.62401
6239.F30A10.4	6239.F33H2.8a	0.25722
6239.W06D4.4	6239.M01F1.1	0.2828
6239.Y9C9A.15	6239.C18A3.10	0.64371
6239.ZK593.8	6239.F59G1.1d.4	0.14662
6239.T28D9.3d	6239.C27C12.2	0.18584
6239.Y26D4A.12	6239.F52B5.5a.1	0.88383
6239.M02B7.4b	6239.C56A3.3a	0.31791
6239.F27C1.3	6239.T04B2.2a	0.22397
6239.K07C11.4	6239.C42D4.19	0.44708
6239.R09B5.13	6239.ZK354.11	0.29422
6239.C07G2.2b	6239.Y41D4B.13a	0.32018
6239.Y113G7B.3	6239.Y111B2A.21	0.37715
6239.C35D10.14	6239.C49C8.5.1	0.1737
6239.F55G1.3	6239.ZK973.9	0.13799
6239.T21D12.7	6239.F29B9.5	0.63894
6239.Y18D10A.26	6239.F10A3.13	0.17985
6239.K07D4.3	6239.R12E2.3	0.21347
6239.T22E5.3	6239.Y45G12B.2b	0.32817
6239.Y69E1A.3	6239.T16H12.13	0.48007
6239.Y44A6B.2a	6239.F15B9.3a	0.31331
6239.Y32F6A.5b.1	6239.Y37D8A.4	0.36659
6239.C04G6.1a	6239.ZK1307.4	0.74581
6239.K07C6.4	6239.K08H2.8	0.23617
6239.C54D2.4b.1	6239.T16H12.2	0.44733
6239.T05B4.11	6239.C24D10.2.2	0.25268
6239.F07C4.13	6239.Y106G6H.6h.2	0.13912
6239.C30F12.7	6239.F54H12.1b	0.37827
6239.F54C9.1.1	6239.F49E11.6	0.12285
6239.Y34D9B.1b	6239.F57C9.6	0.20459
6239.T13C2.4	6239.R11D1.11	0.19752
6239.C05D11.4	6239.F08B12.4b	0.56974
6239.Y37D8A.16	6239.F21G4.1	0.64469
6239.F46B6.8	6239.C32E8.5.2	0.19943
6239.F09D12.2	6239.F47B10.6	0.58542
6239.K01G5.9.1	6239.F56C4.2	0.28421
6239.F10A3.13	6239.T03D3.2	0.25765
6239.C35B8.4	6239.E01G6.2	0.29496
6239.AH9.4	6239.Y41D4B.24	0.17345
6239.ZK180.6b	6239.M03D4.3	0.81583
6239.ZC434.6a	6239.C10G8.6	0.46366
6239.M110.5d.2	6239.Y71F9AL.16	0.15644
6239.F54C1.3a	6239.C08C3.4b	0.47527
6239.F39H12.3	6239.Y51F10.5	0.44389
6239.C06A12.4a	6239.Y67D8B.1	0.35538
6239.F02H6.3b	6239.T28C6.10	0.65822
6239.Y37A1B.10	6239.K02E11.10	0.01684
6239.F21F8.4.1	6239.T05A1.5b	0.14519
6239.JC8.8	6239.Y25C1A.9	0.37084
6239.F28B12.2d	6239.T27E4.9	0.50191
6239.Y75B8A.23	6239.C43C3.2d	0.67253
6239.T12A2.16b	6239.C25F9.12	0.26339
6239.K03H1.4.1	6239.W04G3.6a.3	0.6457
6239.D1007.12.1	6239.F09E5.7.2	0.291
6239.C32D5.14	6239.C15F1.5a	0.50754
6239.C01H6.8a	6239.H25P06.2b	0.41252
6239.Y105C5A.1	6239.C48D1.1a	0.17911
6239.F44C8.8	6239.Y54G2A.8b	0.17568
6239.ZK849.1	6239.T01D1.2f.4	0.2673
6239.F53A2.4	6239.Y26E6A.1	0.22092
6239.C37A5.7.2	6239.C14F5.4	0.1803
6239.C02F5.7b.1	6239.F22D3.6	0.27155
6239.H12I19.4	6239.F26B1.1	0.57631
6239.Y57E12AL.2	6239.T22B7.7	0.5104
6239.Y43F8B.2e.1	6239.Y73E7A.3a	0.20821
6239.D2085.6	6239.B0546.3c	0.13991
6239.F55C9.11	6239.F18C5.10.2	0.60618
6239.T26C5.5.2	6239.Y43B11AR.1	0.07915
6239.K09C8.7	6239.F22B7.2a	0.27368
6239.D1081.11	6239.Y43C5A.1.1	0.33603
6239.F56C4.3a	6239.F14B6.6a	0.28391
6239.R04B5.5	6239.C32E8.7	0.17646
6239.C50F4.10	6239.F56C4.4b	0.46366
6239.C18H7.3	6239.C31H1.7	0.39595
6239.F08G12.11	6239.ZC204.11	0.25404
6239.T11G6.2b.2	6239.F45B8.3	0.28794
6239.Y39G10AR.11.1	6239.K07A1.15	0.69517
6239.C25H3.6c	6239.W03G9.8	0.77513
6239.Y39B6A.17b	6239.Y60A3A.21d	0.55969
6239.F58E6.10c	6239.R12C12.8a	0.21923
6239.F16G10.9	6239.F28D1.5	0.18844
6239.F19D8.1b	6239.R06B10.5.2	0.15332
6239.C09H5.6	6239.F20C5.1b	0.3868
6239.C54G4.7.2	6239.T27C5.10	0.48952
6239.T27F7.3	6239.C54D10.7	0.59155
6239.F40G12.9	6239.Y67H2A.10b	0.5476
6239.B0554.2	6239.ZK863.8	0.71403
6239.F25H2.8	6239.R10A10.2	0.5113
6239.B0286.4c.4	6239.Y56A3A.20	0.27127
6239.ZK970.2a	6239.Y57A10C.1	0.13042
6239.F39F10.3	6239.T11F9.2a	0.26793
6239.Y5H2B.2b	6239.F32D8.2	0.23091
6239.T18D3.7b.1	6239.Y39E4B.9d	0.25668
6239.C32H11.9	6239.Y49E10.17b	0.18128
6239.C50F4.16	6239.F57A10.4	0.40522
6239.C49A9.9a.1	6239.W09C2.1a	0.15545
6239.F56F10.3	6239.Y39G10AR.12b	0.34127
6239.R05D7.4	6239.T07A9.11.1	0.39354
6239.F54C9.6b.3	6239.R07H5.3a	0.27247
6239.C17H1.2	6239.T06A4.1a	0.7803
6239.T08G11.5.2	6239.C16C10.7	0.31714
6239.F53G12.4	6239.F27D9.4	0.32624
6239.C49A1.6	6239.F47B8.11	0.25333
6239.Y82E9BR.11	6239.F26D11.9	0.17716
6239.T07F12.1	6239.Y42G9A.6b.1	0.42087
6239.R05C11.1	6239.F44B9.1b	0.38892
6239.C25D7.15b	6239.Y105E8A.3	0.69759
6239.C33C12.4	6239.C47E8.4a.1	0.3931
6239.F10C2.2	6239.F02H6.2	0.21913
6239.F14F7.2	6239.B0432.1	0.32541
6239.F55A4.1	6239.Y57G11C.4	0.1473
6239.F14H12.3	6239.F09E10.3	0.09329
6239.T16G1.1	6239.D2085.2	0.53002
6239.ZK666.2	6239.ZK337.5	0.67464
6239.C29E6.5	6239.C12D8.21b	0.62196
6239.Y71F9B.9b	6239.T06D8.9.2	0.05764
6239.Y37A1B.5b	6239.T19B10.2.2	0.19803
6239.F23H11.8b	6239.B0361.8	0.24609
6239.Y43F8B.2f.3	6239.C56E10.1	0.25859
6239.F55G1.5	6239.C12D5.9	0.12612
6239.F19H8.3	6239.Y48C3A.8a.2	0.26984
6239.F42G8.12	6239.MTCE.31	0.15979
6239.C26C6.5a	6239.K07A1.9c	0.19166
6239.Y106G6H.3c.2	6239.Y48A6B.3	0.25848
6239.K04F1.12a	6239.Y37A1B.2f	0.23831
6239.C18C4.10b.3	6239.H42K12.1b	0.19968
6239.K02E7.1a	6239.C37A5.9	0.60608
6239.F44B9.10	6239.C48E7.2.2	0.64563
6239.F47B7.2a	6239.C46C2.2.2	0.21477
6239.F19B6.2b	6239.D2062.5	0.34995
6239.Y38F2AR.1b	6239.T01B11.2a.1	0.18042
6239.Y52E8A.4	6239.C06B3.9	0.20556
6239.Y66H1A.2b	6239.F08F8.9a.2	0.39026
6239.Y61A9LA.4	6239.K11D2.4a	0.36447
6239.C33C12.7	6239.F54B11.10	0.13549
6239.T22C8.4	6239.W02C12.3a.1	0.26229
6239.K11H3.6	6239.F47C12.5	0.58719
6239.F22D6.4.1	6239.K04G7.4a.2	0.52685
6239.C09G4.2a	6239.F10C5.2.1	0.15774
6239.F35A5.8c	6239.Y73B6BL.31b	0.12075
6239.K12C11.2	6239.W03D2.4	0.49175
6239.R05H5.4	6239.C16C2.2b.1	0.15972
6239.Y102A5B.2b	6239.T22H6.1	0.31437
6239.F57A10.4	6239.Y71H2AR.1	0.27481
6239.B0393.3	6239.T18D3.7a.2	0.35491
6239.T14G8.4	6239.T28F12.2b.2	0.15128
6239.F36F2.8	6239.C53D5.3	0.18363
6239.F40G9.19	6239.C01H6.5a	0.69755
6239.Y41C4A.11	6239.Y57G11A.4.1	0.26054
6239.R11G10.3	6239.C06A1.3	0.12173
6239.B0035.3	6239.F58A4.3	0.22789
6239.B0393.3	6239.Y11D7A.5	0.60621
6239.Y119D3B.13	6239.F57B9.5	0.30319
6239.F42A9.7	6239.Y53H1B.1	0.22948
6239.T07D4.2a	6239.C56C10.7b.1	0.17875
6239.Y56A3A.3.1	6239.F56D6.23	0.23886
6239.R11D1.12a	6239.C16C8.5	0.34354
6239.F09C12.6	6239.K07H8.12	0.62503
6239.F35E2.8	6239.W02G9.3	0.22078
6239.F32D8.14b	6239.JC8.12a	0.12315
6239.K11B4.2	6239.C26B2.7	0.12923
6239.T01D1.2e.4	6239.F39G3.2	0.1854
6239.R11.1	6239.R02F11.1	0.27041
6239.ZK470.5b.1	6239.Y39E4B.5	0.17231
6239.C55C2.3	6239.C25F9.12	0.4333
6239.C53A5.3	6239.K12C11.2	0.70236
6239.T20D4.6	6239.M01H9.2	0.12592
6239.C28H8.9a	6239.C10F3.2	0.1253
6239.C30C11.4.1	6239.T27E4.2	0.71481
6239.ZC21.10.1	6239.ZC15.3	0.37425
6239.T28D9.2c	6239.Y39A1C.3.1	0.20277
6239.F40F12.9a.1	6239.C27B7.5	0.54631
6239.H31G24.4.2	6239.F31E9.4	0.148
6239.F36H1.4a	6239.T12G3.1b.1	0.24717
6239.T01H3.3	6239.Y54G2A.3b	0.51611
6239.C10F3.5b	6239.M7.2b	0.41144
6239.ZC239.6.2	6239.T07H3.4	0.27297
6239.F41G4.7	6239.Y73B3A.22	0.26607
6239.F20A1.8	6239.F44E2.7c	0.61882
6239.T04A8.13	6239.F14D12.6b	0.21008
