4932.YGL158W	4932.YPR062W	0.52887
4932.YLR203C	4932.YNR039C	0.24044
4932.YHL012W	4932.YLR139C	0.24799
4932.YOR022C	4932.YNL081C	0.60642
4932.YOR176W	4932.YPL108W	0.41815
4932.YJL010C	4932.YBR181C	0.47486
4932.YMR227C	4932.YMR145C	0.15202
4932.YER128W	4932.YAR066W	0.12429
4932.YDR139C	4932.YPR108W	0.68567
4932.YDR353W	4932.YHR178W	0.36792
4932.YAL060W	4932.YLR298C	0.29675
4932.YJR002W	4932.YNR021W	0.26141
4932.YPR178W	4932.YJR047C	0.45772
4932.YBR196C	4932.YLR299W	0.2247
4932.YIL032C	4932.YPR103W	0.36466
4932.YDR094W	4932.YJL015C	0.20968
4932.YJL054W	4932.YIL150C	0.22005
4932.YDR469W	4932.YDR138W	0.64418
4932.YBR239C	4932.YNL188W	0.22172
4932.YDL014W	4932.YGL035C	0.19766
4932.YKL004W	4932.YDR087C	0.25132
4932.YFL014W	4932.YGR141W	0.62905
4932.YHR114W	4932.YBR209W	0.6702
4932.YMR073C	4932.YKL222C	0.54758
4932.YIL156W-A	4932.YDR412W	0.3077
4932.YLR012C	4932.YPL055C	0.437
4932.YHR133C	4932.YLL052C	0.3884
4932.YGL067W	4932.YGL091C	0.2111
4932.YIR017W-A	4932.YDR272W	0.20714
4932.YBR044C	4932.YBR301W	0.58201
4932.YFR022W	4932.YOR165W	0.16383
4932.YKR034W	4932.YBR168W	0.25993
4932.YGR222W	4932.YGL166W	0.17134
4932.YKL225W	4932.YDR058C	0.49616
4932.YJL166W	4932.YLR344W	0.14541
4932.YKL154W	4932.YJL140W	0.14695
4932.YOR394C-A	4932.YLR197W	0.71774
4932.YOR396C-A	4932.YPR059C	0.20549
4932.YDR403W	4932.YKL143W	0.19031
4932.YML107C	4932.YER001W	0.44419
4932.YMR195W	4932.YDR246W	0.29702
4932.YDL111C	4932.YEL003W	0.37884
4932.YNL276C	4932.YBR128C	0.40652
4932.YJR058C	4932.YCL008C	0.40608
4932.YGR263C	4932.YCR102W-A	0.81877
4932.YHR056W-A	4932.YEL063C	0.53568
4932.YGL032C	4932.YDR439W	0.52932
4932.YNL214W	4932.YCR095W-A	0.56922
4932.YOR272W	4932.YKL071W	0.33171
4932.YDR187C	4932.YPR191W	0.3292
4932.YHR193C	4932.YMR272C	0.31042
4932.YLR089C	4932.YPL088W	0.3088
4932.YOR253W	4932.YJL106W	0.60251
4932.YHR198C	4932.YPR008W	0.37796
4932.YGR242W	4932.YCR075W-A	0.22038
4932.YOR356W	4932.YGR122W	0.28489
4932.YDR010C	4932.YKR048C	0.53147
4932.YBR117C	4932.YLR200W	0.75046
4932.YFL048C	4932.YHR183W	0.17819
4932.YLR465C	4932.YNL174W	0.26086
4932.YDL006W	4932.YDR246W-A	0.61346
4932.YFR010W	4932.YDL233W	0.16678
4932.YLR274W	4932.YGL148W	0.38714
4932.YDR312W	4932.YNL094W	0.21752
4932.YOR075W	4932.YER034W	0.32725
4932.YBR076C-A	4932.YJL189W	0.25314
4932.YDR415C	4932.YML005W	0.21708
4932.YCR081C-A	4932.YCR107W	0.63826
4932.YER088C	4932.YLL047W	0.56385
4932.YBR257W	4932.YPR113W	0.18042
4932.YDL086C-A	4932.YDR381W	0.24927
4932.YNL009W	4932.YOR089C	0.36373
4932.YDL051W	4932.YER165W	0.40346
4932.YBR098W	4932.YDL160C-A	0.81953
4932.YDR536W	4932.YCR028C-A	0.60682
4932.YHL012W	4932.YGR138C	0.21601
4932.YNL008C	4932.YHR073W-A	0.91883
4932.YML009W-B	4932.YKL028W	0.39586
4932.YML047C	4932.YJR023C	0.40646
4932.YPL184C	4932.YHL050C	0.17373
4932.YMR282C	4932.YPL026C	0.17959
4932.YAL016C-A	4932.YHR214W	0.32168
4932.YNL219C	4932.YBR076W	0.30975
4932.YBL050W	4932.YLR396C	0.416
4932.YDR454C	4932.YIL117C	0.29434
4932.YJR155W	4932.YDL153C	0.36602
4932.YER036C	4932.YPR036W	0.24149
4932.YLR342W-A	4932.YPR175W	0.90024
4932.YMR071C	4932.YKL219W	0.45284
4932.YNL193W	4932.YNL339W-B	0.51579
4932.YNL180C	4932.YLR038C	0.56076
4932.YGR250C	4932.YBL069W	0.3376
4932.YMR029C	4932.YNL122C	0.60124
4932.YOR271C	4932.YGR239C	0.17995
4932.YNL179C	4932.YPR192W	0.32823
4932.YLR030W	4932.YNL141W	0.25568
4932.YDR108W	4932.YDL161W	0.23645
4932.YLR196W	4932.YLR030W	0.37055
4932.YPR195C	4932.YGL164C	0.47722
4932.YEL034W	4932.YEL067C	0.14818
4932.YPR048W	4932.YER079C-A	0.68396
4932.YJL163C	4932.YHR163W	0.38774
4932.YNL058C	4932.YGL143C	0.22877
4932.YOR084W	4932.YLR392C	0.23553
4932.YDR367W	4932.YLR159W	0.37255
4932.YOR045W	4932.YPR133W-A	0.24489
4932.YLR312C	4932.YDL187C	0.47481
4932.YOR125C	4932.YGR043C	0.27398
4932.YBL002W	4932.YBR296C	0.52684
4932.YPL004C	4932.YPL186C	0.16488
4932.YML009C-A	4932.YGR092W	0.7406
4932.YPL095C	4932.YCL028W	0.11777
4932.YDL050C	4932.YDR339C	0.24874
4932.YDR363W-A	4932.YGL037C	0.49106
4932.YDR341C	4932.YOL164W-A	0.73525
4932.YIR009W	4932.YLL036C	0.62733
4932.YBR001C	4932.YDL234C	0.17468
4932.YCL042W	4932.YNL295W	0.64533
4932.YGR048W	4932.YMR134W	0.28059
4932.YKL170W	4932.YOL033W	0.60048
4932.YMR090W	4932.YKL204W	0.42102
4932.YLR238W	4932.YPL158C	0.27336
4932.YPR010C-A	4932.YDL036C	0.76006
4932.YDR050C	4932.YER179W	0.22668
4932.YOR319W	4932.YNL292W	0.36674
4932.YMR315W	4932.YHR141C	0.4942
4932.YDR094W	4932.YDR117C	0.5942
4932.YOR258W	4932.YDL051W	0.23787
4932.YPR004C	4932.YEL075C	0.48002
4932.YPL181W	4932.YER143W	0.18892
4932.YLR328W	4932.YGR085C	0.38741
4932.YIL082W	4932.YCR040W	0.27191
4932.YJL032W	4932.YBR270C	0.65762
4932.YPL004C	4932.YML077W	0.32486
4932.YIL152W	4932.YKL021C	0.31644
4932.YNL259C	4932.YBR302C	0.6688
4932.YNL154C	4932.YDR007W	0.40134
4932.YGL053W	4932.YGL132W	0.38831
4932.YFR046C	4932.YDR071C	0.34199
4932.YNL151C	4932.YML053C	0.15593
4932.YLR308W	4932.YNL096C	0.30435
4932.YIL050W	4932.YER139C	0.20026
4932.YIL105C	4932.YGR215W	0.67953
4932.YHR146W	4932.YKL212W	0.211
4932.YDL068W	4932.YJR152W	0.62182
4932.YGL200C	4932.YGL056C	0.39345
4932.YGL217C	4932.YOR044W	0.21886
4932.YLR448W	4932.YMR194W	0.28167
4932.YLR074C	4932.YBR151W	0.32655
4932.YOL150C	4932.YBL012C	0.20868
4932.YMR132C	4932.YNL045W	0.54522
4932.YER086W	4932.YDL133W	0.22458
4932.YPR145C-A	4932.Q0275	0.33852
4932.Q0140	4932.YGR084C	0.14292
4932.YER152W-A	4932.YER121W	0.2389
4932.YNR030W	4932.YDR500C	0.6443
4932.YBR119W	4932.YBR196C	0.31436
4932.YKR023W	4932.YNR076W	0.52729
4932.YOR102W	4932.YPL223C	0.15114
4932.YJL071W	4932.YKL162C	0.26986
4932.YDR137W	4932.YOR097C	0.58114
4932.YGR108W	4932.YMR137C	0.27367
4932.YJL104W	4932.YNR017W	0.21563
4932.YBR160W	4932.YER095W	0.23679
4932.YKR055W	4932.YGL055W	0.30772
4932.YJL088W	4932.YKL034W	0.37608
4932.YLL011W	4932.YMR143W	0.54947
4932.YKL186C	4932.YDR524C	0.42963
4932.YAL042C-A	4932.YML098W	0.15663
4932.YJL177W	4932.YJL218W	0.13125
4932.YDL034W	4932.YPL108W	0.2366
4932.YAL045C	4932.YMR090W	0.351
4932.YER006C-A	4932.YLR243W	0.46005
4932.YCR013C	4932.YPL230W	0.29377
4932.YHR117W	4932.YGR112W	0.29784
4932.YLR135W	4932.YLR124W	0.65829
4932.YKL026C	4932.YEL053W-A	0.20378
4932.YLR285W	4932.YAL062W	0.324
4932.YIL007C	4932.YER028C	0.264
4932.YOL099C	4932.YGR175C	0.49598
4932.YBR232C	4932.YHR052W-A	0.3081
4932.YJR014W	4932.YDR506C	0.47017
4932.YBR123C	4932.YJR123W	0.4422
4932.YPL135C-A	4932.YBR221C	0.70207
4932.YDR448W	4932.YOR253W	0.40848
4932.YLR161W	4932.YML078W	0.24351
4932.YAL034W-A	4932.YER133W	0.16981
4932.YNL229C	4932.YDR002W	0.26528
4932.YPR101W	4932.YGL154C	0.31695
4932.YFR018C	4932.YPR113W	0.29266
4932.YER165C-A	4932.YMR030W	0.44258
4932.YDL133W	4932.YJL072C	0.36181
4932.YPR187W	4932.YPR163C	0.45335
4932.YMR318C	4932.YDR485C	0.33757
4932.YOR072W-B	4932.YMR075W	0.97745
4932.YNR074C	4932.YLL022C	0.17804
4932.YMR158W	4932.YPL013C	0.22666
4932.YDL029W	4932.YNL084C	0.17971
4932.YCL022C	4932.YDR173C	0.35796
4932.YIL071W-A	4932.YML019W	0.36926
4932.YEL053C	4932.YGR235C	0.49158
4932.YHR139C-A	4932.YML063W	0.41526
4932.YAL069W	4932.YCL031C	0.4606
4932.YOR304C-A	4932.YCR102W-A	0.09536
4932.YPL239W	4932.YOR008C	0.26854
4932.YMR138W	4932.YLR358C	0.14403
4932.YHL045W	4932.YKR060W	0.44363
4932.Q0070	4932.YKL047W	0.2004
4932.YOR079C	4932.YGR214W	0.17213
4932.YGL119W	4932.YCL064C	0.24635
4932.YDL243C	4932.YBR034C	0.17894
4932.YMR312W	4932.YMR178W	0.14367
4932.YMR278W	4932.YOR382W	0.4729
4932.YLR221C	4932.YMR206W	0.19833
4932.YNL334C	4932.YDR250C	0.4054
4932.YOR305W	4932.YKL225W	0.4619
4932.YPL172C	4932.YLR433C	0.19668
4932.YER060W-A	4932.YOR001W	0.22408
4932.YDR485C	4932.YFR026C	0.60769
4932.YOR128C	4932.YPR085C	0.24478
4932.YDR171W	4932.YKL109W	0.23859
4932.YHR151C	4932.YDR043C	0.43662
4932.YLR393W	4932.YCR054C	0.35167
4932.YDR328C	4932.YCL064C	0.29554
4932.YDR079W	4932.YOL031C	0.54924
4932.YHR161C	4932.YOR020C	0.65033
4932.YNR044W	4932.YOL002C	0.24423
4932.YER031C	4932.YDR305C	0.1495
4932.YLR354C	4932.YNL052W	0.39049
4932.YMR237W	4932.YOR171C	0.21854
4932.YPR016W-A	4932.YKR015C	0.766
4932.YKL213C	4932.YFR021W	0.26696
4932.YJR148W	4932.YJR122W	0.24881
4932.YHR161C	4932.YGL124C	0.13405
4932.YJL182C	4932.YKL006W	0.15983
4932.YJR155W	4932.YDR445C	0.30911
4932.YOR057W	4932.YGR208W	0.20783
4932.YJR012C	4932.YGR104C	0.24515
4932.YMR222C	4932.YLR273C	0.45905
4932.YDR088C	4932.YPR169W-A	0.57399
4932.YPR036W-A	4932.YMR237W	0.82987
4932.YGR290W	4932.YBL065W	0.21586
4932.YDR185C	4932.YJL026C-A	0.4277
4932.YNL022C	4932.YOL119C	0.14143
4932.YGL106W	4932.YJL214W	0.54355
4932.YMR242C	4932.YNL162W	0.28603
4932.YBR134W	4932.YBL075C	0.59212
4932.YIR030W-A	4932.YNL010W	0.30116
4932.YDR458C	4932.YBR240C	0.26416
4932.YEL053C	4932.YDR013W	0.57048
4932.YOR036W	4932.YNL291C	0.32407
4932.YBR137W	4932.YHR139C	0.2675
4932.YNR034W-A	4932.YNL089C	0.24704
4932.YGL230C	4932.YKR080W	0.39
4932.YML026C	4932.YMR166C	0.39891
4932.YCL059C	4932.YPL081W	0.29983
4932.YER031C	4932.YGR156W	0.3012
4932.YNL076W	4932.YNL232W	0.31435
4932.YDR456W	4932.YOR123C	0.18398
4932.YKL095W	4932.YKL005C	0.41385
4932.YGL068W	4932.YDR294C	0.49052
4932.YOL002C	4932.YMR142C	0.20186
4932.YKL119C	4932.YDR242W	0.41839
4932.YCR049C	4932.YLR405W	0.40606
4932.YNR001C	4932.YGR109C	0.23591
4932.YKL221W	4932.YGR106C	0.24886
4932.YPL206C	4932.YDR367W	0.26463
4932.YJL127C	4932.YNR012W	0.23158
4932.YOL062C	4932.YLR234W	0.25324
4932.YLL014W	4932.YPR008W	0.65304
4932.YNL079C	4932.YDR387C	0.33519
4932.YDR460W	4932.YKL195W	0.2192
4932.YNR069C	4932.YDR075W	0.32063
4932.YHR062C	4932.YEL062W	0.36665
4932.YCR065W	4932.YDL002C	0.4685
4932.YBR158W	4932.YAL059W	0.45331
4932.YMR286W	4932.YNR030W	0.72018
4932.YGL183C	4932.YOR202W	0.14582
4932.YPR178W	4932.YMR304C-A	0.54971
4932.YMR025W	4932.YNL120C	0.31114
4932.YIL116W	4932.YOR134W	0.16165
4932.YBR169C	4932.YOR232W	0.48086
4932.YOR216C	4932.YER087W	0.20983
4932.YDR059C	4932.YBL030C	0.34216
4932.YBR191W	4932.YER147C	0.56669
4932.YER078W-A	4932.YJL155C	0.74303
4932.YNL252C	4932.YDL191W	0.43097
4932.YGR112W	4932.YNL011C	0.19249
4932.YNL302C	4932.YOL127W	0.13427
4932.YNL167C	4932.YKL115C	0.548
4932.YDR228C	4932.YLR319C	0.21409
4932.YIL124W	4932.YML112W	0.14781
4932.YGR214W	4932.YLR185W	0.41445
4932.YHR083W	4932.YGR012W	0.20609
4932.YJR123W	4932.YOR369C	0.32719
4932.YPR059C	4932.YBR241C	0.52975
4932.YKR076W	4932.YOL165C	0.49068
4932.YOR121C	4932.YGL211W	0.50394
4932.YCL004W	4932.YNL289W	0.36579
4932.YHR148W	4932.YPL266W	0.31638
4932.YGR236C	4932.YOR352W	0.49652
4932.YOR120W	4932.YBR085W	0.14752
4932.YLR192C	4932.YIL154C	0.17451
4932.YFR034C	4932.YFL057C	0.32474
4932.YMR307W	4932.YHL040C	0.15674
4932.YNL148C	4932.YHR111W	0.32081
4932.YML073C	4932.YOR264W	0.41146
4932.YOL139C	4932.YOR053W	0.14912
4932.YDR482C	4932.YDR031W	0.15719
4932.YGL022W	4932.YCR038C	0.17173
4932.YOR318C	4932.YHR116W	0.18663
4932.YML088W	4932.YMR276W	0.30321
4932.YIL078W	4932.YIL133C	0.55563
4932.YBR076W	4932.YGL048C	0.18434
4932.YOL019W	4932.YBR195C	0.22634
4932.YMR232W	4932.YGR168C	0.35011
4932.YGL128C	4932.YNR022C	0.35337
4932.YLR424W	4932.YPL140C	0.26078
4932.YDR418W	4932.YLR462W	0.1828
4932.YLR059C	4932.YLL060C	0.21874
4932.YKL071W	4932.YMR260C	0.30464
4932.YAR068W	4932.YGR273C	0.13166
4932.YBL109W	4932.YNR029C	0.5587
4932.YOL142W	4932.YOL022C	0.32151
4932.YDL246C	4932.YGL041C	0.65344
4932.YGL076C	4932.YHR017W	0.28193
4932.YER130C	4932.YDR374W-A	0.60322
4932.YBR093C	4932.YMR139W	0.23851
4932.YOR333C	4932.YAL034C	0.45771
4932.YJR067C	4932.YLR125W	0.19197
4932.YIL057C	4932.YNL195C	0.25995
4932.YCR068W	4932.YOR204W	0.17063
4932.YJR028W	4932.YER101C	0.15876
4932.YLR210W	4932.YOR108W	0.22776
4932.YHR049W	4932.YGL051W	0.17013
4932.YDR362C	4932.YOR196C	0.31177
4932.YEL044W	4932.YJL028W	0.22265
4932.YJR075W	4932.YKL107W	0.23248
4932.YNR022C	4932.YIL131C	0.54614
4932.YCR005C	4932.YKR106W	0.21463
4932.YMR005W	4932.YOR194C	0.23351
4932.YBR265W	4932.YEL046C	0.18497
4932.YPL119C-A	4932.YGR128C	0.83429
4932.YGR159C	4932.YPL220W	0.25603
4932.YBR247C	4932.YDR246W	0.36173
4932.YOL031C	4932.YJR085C	0.49758
4932.YIR027C	4932.YAL020C	0.25499
4932.YAR028W	4932.YER031C	0.1304
4932.YHL038C	4932.YKL006C-A	0.71665
4932.YPR084W	4932.YAL026C-A	0.47498
4932.YBR034C	4932.YKL189W	0.20851
4932.YMR056C	4932.Q0250	0.22459
4932.YLR418C	4932.YOR367W	0.37624
4932.YJL073W	4932.YER048C	0.28426
4932.YBR191W	4932.YJR130C	0.58639
4932.YKL224C	4932.YML042W	0.67161
4932.YLR149C	4932.YBR125C	0.37109
4932.YJL201W	4932.YER067C-A	0.63328
4932.YDR070C	4932.YOL056W	0.55786
4932.YIL014W	4932.YJL064W	0.58098
4932.YJL162C	4932.YGL185C	0.29993
4932.YER118C	4932.YPR075C	0.14493
4932.YDL157C	4932.YGL074C	0.16414
4932.YOR072W-B	4932.YPL059W	0.44712
4932.YJR060W	4932.YHR018C	0.22439
4932.YJR046W	4932.YNL161W	0.18288
4932.YLR124W	4932.YBR253W	0.09834
4932.YER080W	4932.YLR144C	0.22152
4932.YLR256W-A	4932.YNL089C	0.45405
4932.YDR328C	4932.YLL039C	0.30908
4932.YOR173W	4932.YPR066W	0.20395
4932.YMR014W	4932.YLL038C	0.36954
4932.YIL006W	4932.YLR361C	0.28701
4932.YGL041C	4932.YDL033C	0.73185
4932.YHR001W	4932.YFL056C	0.39631
4932.YDR178W	4932.YHR028W-A	0.32073
4932.YDR064W	4932.YEL056W	0.4373
4932.YIL101C	4932.YNL066W	0.25803
4932.YER165W	4932.YLR277C	0.21813
4932.YIL071W-A	4932.YPL172C	0.45904
4932.YGL012W	4932.YCR085W	0.58886
4932.YGL230C	4932.YDL177C	0.14697
4932.YHL009W-A	4932.YKL047W	0.2295
4932.YML048W	4932.YHR184W	0.25976
4932.YOL008W	4932.YCL020W	0.36063
4932.YKL137W	4932.YOL129W	0.24631
4932.YJR116W	4932.YOR213C	0.15994
4932.Q0275	4932.YNL196C	0.09978
4932.YIR030W-A	4932.YFL060C	0.33011
4932.YCR052W	4932.YLR321C	0.2021
4932.YBR069C	4932.YMR208W	0.21513
4932.YGL080W	4932.YHR051W	0.21661
4932.YPR028W	4932.YLR212C	0.44045
4932.YGR092W	4932.YIR023C-A	0.61855
4932.YBR209W	4932.YLR300W	0.59014
4932.YDL007C-A	4932.YBR201C-A	0.14766
4932.YCL040W	4932.YDR021W	0.23397
4932.YMR037C	4932.YHR070W	0.22931
4932.YGR255C	4932.YOR100C	0.2555
4932.YDR299W	4932.YKR044W	0.19734
4932.YDR008C	4932.YPR150W	0.31419
4932.YLR366W	4932.YIR015W	0.20744
4932.YHR200W	4932.YLL030C	0.34672
4932.YIL132C	4932.YJL202C	0.29286
4932.YGR263C	4932.YDR396W	0.42466
4932.YJR058C	4932.YPR096C	0.31057
4932.YOR284W	4932.YPR035W	0.29981
4932.YGR135W	4932.YDL159C-B	0.53385
4932.YGL067W	4932.YKL085W	0.18937
4932.YPL221W	4932.YGL072C	0.70052
4932.YBR085W	4932.YML097C	0.23309
4932.YBR230W-A	4932.YPR002W	0.74878
4932.YER142C	4932.YLL027W	0.18395
4932.YBR109C	4932.YBR130C	0.45255
4932.YKR005C	4932.YER036C	0.17835
4932.YMR103C	4932.YDR119W	0.66301
4932.YDR399W	4932.YHR075C	0.33238
4932.YER145C-A	4932.YBR186W	0.54563
4932.YOR332W	4932.YOR319W	0.19038
4932.YMR087W	4932.YNL157W	0.2868
4932.YLR118C	4932.YNL277W-A	0.54233
4932.YDR210C-C	4932.YER058W	0.55963
4932.YOR224C	4932.YIL021W	0.36832
4932.YPL063W	4932.YAL013W	0.20014
4932.YBL015W	4932.YHR063C	0.28052
4932.YMR007W	4932.YFL046W	0.2795
4932.YML100W-A	4932.YBR222C	0.90024
4932.YMR003W	4932.YGL041C-B	0.49007
4932.YMR320W	4932.YER169W	0.79004
4932.YNL191W	4932.YER010C	0.32505
4932.YOL140W	4932.YNR039C	0.24601
4932.YDL027C	4932.YDL050C	0.5755
4932.YOR242C	4932.YNR053C	0.24957
4932.YLR298C	4932.YNL224C	0.54466
4932.YDL227C	4932.YJL121C	0.42789
4932.YFL068W	4932.YHL008C	0.56505
4932.YEL075C	4932.YDR460W	0.48648
4932.YER049W	4932.YNL294C	0.19847
4932.YDL205C	4932.YOR278W	0.20191
4932.YNL165W	4932.YGR109W-A	0.27388
4932.YJR131W	4932.YNL295W	0.18043
4932.YLR023C	4932.YPL098C	0.59313
4932.YBR234C	4932.YMR164C	0.28895
4932.YDL204W	4932.YNL124W	0.20867
4932.YFL027C	4932.YML047C	0.25251
4932.YIL068W-A	4932.YDR399W	0.24324
4932.YHR213W-B	4932.YDL097C	0.60152
4932.YHR133C	4932.YDR079C-A	0.51561
4932.YNL158W	4932.YDR168W	0.43435
4932.YBL073W	4932.YBL057C	0.28774
4932.YHL012W	4932.YOR237W	0.19006
4932.YPR170C	4932.YCR064C	0.21082
4932.YGR245C	4932.YJL122W	0.58114
4932.YDL212W	4932.YNL081C	0.20044
4932.YKR044W	4932.YJL049W	0.18666
4932.YGR172C	4932.YLR232W	0.36368
4932.YAL043C	4932.YDL213C	0.51693
4932.YKR004C	4932.YHR040W	0.1592
4932.YDR483W	4932.YNL316C	0.25701
4932.YIL094C	4932.YNL026W	0.22337
4932.YOR273C	4932.YMR197C	0.39888
4932.YPR143W	4932.YDR171W	0.27011
4932.YOL143C	4932.YIR034C	0.37608
4932.YPR148C	4932.YJL192C	0.30933
4932.YBR111C	4932.YLR312W-A	0.19554
4932.YMR230W	4932.YGR007W	0.48507
4932.YGR160W	4932.YER168C	0.35463
4932.YDR092W	4932.YGR072W	0.38191
4932.YIL150C	4932.YHR197W	0.24563
4932.YOR097C	4932.YNL255C	0.19476
4932.YGR290W	4932.YDR214W	0.41859
4932.YPR169W	4932.YJL117W	0.29862
4932.YOR073W-A	4932.YDR355C	0.20123
4932.YAL026C-A	4932.YPL272C	0.54744
4932.YLR211C	4932.YOL056W	0.27233
4932.YCR006C	4932.YML132W	0.43095
4932.YER177W	4932.YDR063W	0.29496
4932.YHR007C	4932.YFL010W-A	0.77139
4932.YPR040W	4932.YGR013W	0.32134
4932.YMR316W	4932.YLR120C	0.28602
4932.YFR029W	4932.YER025W	0.22057
4932.YNL245C	4932.YDR354W	0.34087
4932.YLR353W	4932.YOR059C	0.20637
4932.YDR311W	4932.YOR194C	0.40343
4932.YIR038C	4932.YOL049W	0.36995
4932.YBR153W	4932.YGR113W	0.2281
4932.YAL055W	4932.YCL009C	0.28284
4932.YLR424W	4932.YJL133C-A	0.71135
4932.YDR234W	4932.YLR403W	0.13405
4932.YGR012W	4932.YKL128C	0.23866
4932.YHR214C-C	4932.YGL145W	0.25742
4932.YPR187W	4932.YEL032C-A	0.31329
4932.YDR247W	4932.YBL003C	0.46818
4932.YNR044W	4932.YNL219C	0.12704
4932.YPR203W	4932.YOL010W	0.60339
4932.YIL148W	4932.YDL127W	0.42714
4932.YIL045W	4932.YFR042W	0.42746
4932.YOL044W	4932.YDR156W	0.41018
4932.YOL054W	4932.YER148W	0.27116
4932.YBL002W	4932.YNL206C	0.46668
4932.YNL109W	4932.YDL098C	0.11805
4932.YPR140W	4932.YHR052W	0.14401
4932.YDL192W	4932.YDR373W	0.19642
4932.YDR516C	4932.YDR402C	0.15862
4932.YLR312C	4932.YFL034C-A	0.52524
4932.YPL049C	4932.YPR018W	0.21828
4932.YOR231W	4932.YER087C-A	0.46854
4932.YBL042C	4932.YOL140W	0.27272
4932.YML118W	4932.YKL102C	0.57937
4932.YDR056C	4932.YER060W-A	0.38457
4932.YDR165W	4932.YDR440W	0.2617
4932.YPL145C	4932.YDR085C	0.28387
4932.YLL044W	4932.YOR309C	0.05017
4932.YGR053C	4932.YGL162W	0.1621
4932.YGL182C	4932.YIL029C	0.2012
4932.YGR129W	4932.YJL011C	0.26219
4932.YLR253W	4932.YCL007C	0.66924
4932.YMR135C	4932.YNL059C	0.28646
4932.YBL013W	4932.YLL002W	0.17126
4932.YCR003W	4932.YDR299W	0.44701
4932.YOR223W	4932.YLR201C	0.17518
4932.YPR196W	4932.YNL143C	0.55002
4932.YAL064C-A	4932.YML057C-A	0.21279
4932.YDR245W	4932.YBR138C	0.24142
4932.YJL115W	4932.YDL128W	0.16995
4932.YLL039C	4932.YML088W	0.32874
4932.YNR053C	4932.YJL175W	0.39324
4932.YMR065W	4932.YDR464C-A	0.77112
4932.YPL209C	4932.YGL098W	0.27492
4932.YER109C	4932.YOR281C	0.4319
4932.YFL020C	4932.YKL175W	0.55539
4932.YBL011W	4932.YDL005C	0.2544
4932.YJR149W	4932.YGL263W	0.17784
4932.YMR062C	4932.YMR122C	0.56563
4932.YIL050W	4932.YPL277C	0.29006
4932.YNL159C	4932.YKR060W	0.13598
4932.YJL200C	4932.YLR259C	0.24453
4932.YML096W	4932.YKL111C	0.63443
4932.YLR445W	4932.YCR046C	0.16469
4932.YDR189W	4932.YOR036W	0.39704
4932.YNR005C	4932.YJR045C	0.5809
4932.YIL148W	4932.YCR054C	0.58721
4932.YHR206W	4932.YPL197C	0.57891
4932.YKL047W	4932.YML048W	0.23303
4932.YOR186C-A	4932.YBR242W	0.47484
4932.YKR045C	4932.YLR306W	0.13695
4932.YNL188W	4932.YNL168C	0.29297
4932.YLR025W	4932.YNL334C	0.1481
4932.YMR318C	4932.YCR001W	0.53638
4932.YBR231C	4932.YML041C	0.16515
4932.YLR154W-B	4932.YOL160W	0.349
4932.YCR012W	4932.YGR108W	0.20233
4932.YIL030W-A	4932.YIL053W	0.33215
4932.YDL105W	4932.YML021C	0.19177
4932.YLR066W	4932.YHR089C	0.12269
4932.YIL071C	4932.YOR204W	0.2191
4932.YLL036C	4932.YBR037C	0.31702
4932.YLR270W	4932.YDR491C	0.3735
4932.YGR058W	4932.YIL099W	0.31939
4932.YML094W	4932.YER046W	0.13798
4932.YGL219C	4932.YIL070C	0.33733
4932.YPL158C	4932.YNL335W	0.44571
4932.YJL068C	4932.YLR104W	0.40852
4932.YOL124C	4932.YNL079C	0.39459
4932.YDR498C	4932.YCL005W-A	0.55005
4932.YJR055W	4932.YCL042W	0.17955
4932.YOL107W	4932.YOL077W-A	0.59566
4932.YPL196W	4932.YEL037C	0.23219
4932.YER056C-A	4932.YJL007C	0.13982
4932.YML052W	4932.YDR424C	0.44819
4932.YIL035C	4932.YER158W-A	0.7318
4932.YDR271C	4932.YLL041C	0.37902
4932.YCR088W	4932.YOR137C	0.13494
4932.YLR254C	4932.YLR218C	0.18885
4932.YMR292W	4932.YPL025C	0.23309
4932.YEL050C	4932.YJL052W	0.19758
4932.YFR050C	4932.YGR018C	0.33744
4932.YCR049C	4932.YPR017C	0.13063
4932.YNL333W	4932.YPL024W	0.22157
4932.YOR299W	4932.YML047W-A	0.7325
4932.YJL115W	4932.YPL163C	0.07314
4932.YNL205C	4932.YGR095C	0.27116
4932.YCR022C	4932.YHR122W	0.27347
4932.YHL048W	4932.YBR118W	0.19084
4932.YPL283W-B	4932.YNL198C	0.29218
4932.YBL026W	4932.YLR298C	0.37486
4932.YJL104W	4932.YNL328C	0.12363
4932.YNL032W	4932.YMR115W	0.30996
4932.YJR114W	4932.YML102W	0.53587
4932.YDR399W	4932.YDR441C	0.19207
4932.YER054C	4932.YER130C	0.23232
4932.YOL064C	4932.YBR170C	0.30317
4932.YJL151C	4932.YDR316W	0.51904
4932.YHR144C	4932.YHR204W	0.4404
4932.YDR308C	4932.YPL252C	0.17359
4932.YGR166W	4932.YBR163W	0.17547
4932.YBL074C	4932.YLR199C	0.235
4932.YIR008C	4932.YJL167W	0.21072
4932.YCR095W-A	4932.YLR268W	0.59953
4932.YML053C	4932.YPL130W	0.12495
4932.YBR126W-A	4932.YJL010C	0.8854
4932.YLR427W	4932.YML096W	0.22738
4932.YIL176C	4932.YPL272C	0.61704
4932.YDL066W	4932.YMR071C	0.44813
4932.YDR158W	4932.YLR267W	0.27944
4932.YCR102W-A	4932.YML113W	0.43484
4932.YIL086C	4932.YAR008W	0.45917
4932.YIL071W-A	4932.YDL118W	0.20653
4932.YOL017W	4932.Q0105	0.31108
4932.YDR461C-A	4932.YBR113W	0.20221
4932.YDR497C	4932.YLR170C	0.5086
4932.YPR079W	4932.YCR102C	0.17408
4932.YBR189W	4932.YKR060W	0.25837
4932.YLR368W	4932.YOR166C	0.26371
4932.YKL046C	4932.YPL281C	0.15605
4932.YCL026C-A	4932.YHL046C	0.29305
4932.YJL118W	4932.YBR250W	0.36652
4932.YER073W	4932.YMR169C	0.40614
4932.YHL041W	4932.YDL175C	0.42014
4932.YMR028W	4932.YGL023C	0.30777
4932.YPR170W-A	4932.YDL175C	0.59199
4932.YFL037W	4932.YOR258W	0.3783
4932.YBR230W-A	4932.YNL154C	0.73286
4932.YLL027W	4932.YLR300W	0.30269
4932.YOL094C	4932.YEL032C-A	0.68502
4932.YDL012C	4932.YIL019W	0.38532
4932.YLR293C	4932.YJR001W	0.44209
4932.YDR244W	4932.YEL059W	0.66777
4932.YNL264C	4932.YDL247W	0.3207
4932.YIL166C	4932.YDR304C	0.41302
4932.YHL009W-A	4932.YMR130W	0.27638
4932.YLR287C-A	4932.YNL033W	0.53594
4932.YHL050W-A	4932.YJL212C	0.67012
4932.YDR315C	4932.YGR237C	0.44925
4932.YPR198W	4932.YCR014C	0.16111
4932.YML100W-A	4932.YGR078C	0.44399
4932.YNL120C	4932.YER124C	0.59993
4932.YBR196C	4932.YKL127W	0.18249
4932.YNL282W	4932.YML036W	0.18481
4932.YDL081C	4932.YJL191W	0.16708
4932.YHR139C-A	4932.YAR070C	0.16901
4932.YPR137W	4932.YIL133C	0.46587
4932.YBR010W	4932.YOR244W	0.50102
4932.YLL036C	4932.YPL151C	0.18816
4932.YIL006W	4932.YPR148C	0.15531
4932.YGL136C	4932.YCR046C	0.36831
4932.YCR012W	4932.YPL065W	0.3135
4932.YLL036C	4932.YLR361C-A	0.65984
4932.YDR418W	4932.YHR052W	0.40251
4932.YFL045C	4932.YPR036W	0.35597
4932.YCR027C	4932.YGL235W	0.18852
4932.YGL030W	4932.YOL040C	0.24239
4932.YJR071W	4932.YEL032C-A	0.38268
4932.YBR072W	4932.YHL044W	0.15946
4932.YLR418C	4932.YML069W	0.25546
4932.YGL028C	4932.YJR111C	0.29669
4932.YAL034C-B	4932.YMR203W	0.49007
4932.YDL166C	4932.YNR026C	0.43051
4932.YGR128C	4932.YPR178W	0.26636
4932.YDL210W	4932.YDR472W	0.34403
4932.YIR022W	4932.YLR441C	0.29555
4932.YDR085C	4932.YHR074W	0.19829
4932.YIR018W	4932.YBL031W	0.22988
4932.YDR314C	4932.YJR097W	0.61022
4932.YGL035C	4932.YKL074C	0.14086
4932.YOL006C	4932.YDR527W	0.33968
4932.YHR110W	4932.YCR085W	0.33291
4932.YHR131W-A	4932.YOR242C	0.6198
4932.YLR262C	4932.YLR036C	0.11653
4932.YIL050W	4932.YBR085C-A	0.51995
4932.YDL034W	4932.YPR054W	0.5592
4932.YHL019W-A	4932.YER175W-A	0.5825
4932.YOL046C	4932.YJL093C	0.52564
4932.YGR186W	4932.YMR277W	0.15417
4932.YHR129C	4932.YNL079C	0.31407
4932.YGL138C	4932.YDR490C	0.42078
4932.YDL182W	4932.YBL090W	0.41438
4932.YCR081C-A	4932.YGR200C	0.90095
4932.YOR002W	4932.YOL019W-A	0.85434
4932.YNR024W	4932.YLR393W	0.27258
4932.Q0010	4932.YOR289W	0.31221
4932.YJL206C	4932.YLR042C	0.58688
4932.YOR075W	4932.YJL044C	0.24307
4932.YKL068W-A	4932.YOR028C	0.51365
4932.YJR116W	4932.YLR072W	0.44111
4932.YLR094C	4932.YOR250C	0.19944
4932.YER034W	4932.YJR009C	0.30453
4932.YGL165C	4932.YGL057C	0.22601
4932.YNL277W-A	4932.YGR035W-A	0.1949
4932.YER180C-A	4932.YOR305W	0.49213
4932.YOR094W	4932.YJL043W	0.25466
4932.YHR193C-A	4932.YFR032C-A	0.30901
4932.YLL035W	4932.YJL052W	0.34
4932.YKL029C	4932.YCR018C-A	0.80905
4932.YKR003W	4932.YHR063C	0.19527
4932.YJL072C	4932.YBL086C	0.37044
4932.YLR181C	4932.YMR016C	0.33723
4932.YBR172C	4932.YHR088W	0.36066
4932.YIL127C	4932.YJR053W	0.46882
4932.YNL125C	4932.YNR035C	0.34874
4932.YHR216W	4932.YNR068C	0.32428
4932.YLR411W	4932.YDR382W	0.28788
4932.YNL227C	4932.YPL010W	0.50258
4932.YAL049C	4932.YPR125W	0.28505
4932.YBR250W	4932.YMR292W	0.53576
4932.YHR183W	4932.YHR062C	0.28685
4932.YDL020C	4932.YHR015W	0.22095
4932.YIL136W	4932.YMR208W	0.17057
4932.YDL045W-A	4932.YPL013C	0.21448
4932.YLR094C	4932.YNR012W	0.15922
4932.YFL039C	4932.YNL108C	0.2663
4932.YLR226W	4932.YCR064C	0.47398
4932.YHR106W	4932.YDR072C	0.25043
4932.YER088C	4932.YGR161C	0.43347
4932.YCR095W-A	4932.YLR027C	0.88748
4932.YJL069C	4932.YOR287C	0.36486
4932.YPR147C	4932.YGR171C	0.37572
4932.YHR123W	4932.YER088C-A	0.45898
4932.YGL146C	4932.YBR280C	0.38815
4932.YKL005C	4932.YNL227C	0.17188
4932.YMR244C-A	4932.YDR115W	0.10951
4932.YPL037C	4932.YIR011C	0.34897
4932.YNR076W	4932.YJR102C	0.24052
4932.YDR200C	4932.YPL060W	0.25494
4932.YPL083C	4932.YGL199C	0.43114
4932.YBL032W	4932.YKR063C	0.2067
4932.YKR092C	4932.YLR200W	0.31495
4932.YNL166C	4932.YKL221W	0.11988
4932.YDL115C	4932.YBR290W	0.19219
4932.YLR248W	4932.YLR059C	0.38786
4932.YGL199C	4932.YFR003C	0.08728
4932.YDL181W	4932.YNL292W	0.65902
4932.YLR289W	4932.YER165W	0.18671
4932.YCR043C	4932.YDR315C	0.39217
4932.YJR062C	4932.YOR084W	0.2043
4932.YMR135C	4932.YDR526C	0.40419
4932.YNL289W	4932.YMR052C-A	0.33955
4932.YBL029C-A	4932.YHR178W	0.81611
4932.YDR450W	4932.YNL210W	0.32334
4932.YGR049W	4932.YKR046C	0.25501
4932.YMR312W	4932.YPL149W	0.17638
4932.YPR151C	4932.YBR015C	0.48795
4932.YBR066C	4932.YNL232W	0.20191
4932.YOL043C	4932.YDR344C	0.42217
4932.YDL007W	4932.YFR010W	0.1849
4932.YOR074C	4932.YMR001C-A	0.54422
4932.YBL015W	4932.YAR003W	0.22923
4932.YBR143C	4932.YHR203C	0.32904
4932.YDR100W	4932.YDR203W	0.2574
4932.YER014W	4932.YHL041W	0.53121
4932.YLR335W	4932.YDR534C	0.21445
4932.YDR162C	4932.YDL018C	0.14449
4932.YGL253W	4932.YGL181W	0.1836
4932.YJL122W	4932.YFR004W	0.26891
4932.YDR271C	4932.YLR126C	0.3598
4932.YIR016W	4932.YPL098C	0.35602
4932.YGL196W	4932.YIR039C	0.21899
4932.YIL035C	4932.YNL143C	0.49142
4932.YOR389W	4932.YMR180C	0.33519
4932.YGR267C	4932.YNR035C	0.25657
4932.YAR003W	4932.YOR012W	0.55207
4932.YLR130C	4932.YDR098C	0.28637
4932.YEL053C	4932.YNL204C	0.40426
4932.YBL031W	4932.YLR338W	0.10018
4932.YHR144C	4932.YDR198C	0.28295
4932.YML106W	4932.YFL010W-A	0.38295
4932.YHR013C	4932.YHL045W	0.32484
4932.YGL194C	4932.YPL015C	0.25093
4932.YLR267W	4932.YFL047W	0.22508
4932.YLR070C	4932.YPR192W	0.17858
4932.YFR010W	4932.YOL036W	0.28933
4932.YHR111W	4932.YMR239C	0.17385
4932.YDR388W	4932.YIL039W	0.13815
4932.YHR171W	4932.YNL212W	0.21946
4932.YDR381C-A	4932.YDL174C	0.67672
4932.YBL002W	4932.YJR010C-A	0.19571
4932.YGR207C	4932.YPL026C	0.32904
4932.YDR337W	4932.YNL038W	0.21209
4932.YBL113W-A	4932.YGL042C	0.28287
4932.YBL099W	4932.YER058W	0.68729
4932.YBR109C	4932.YOR150W	0.20058
4932.YCL016C	4932.YJL161W	0.39521
4932.YIL057C	4932.YML081C-A	0.44703
4932.YIL024C	4932.YGR264C	0.60821
4932.YMR321C	4932.YAR068W	0.17484
4932.YKR026C	4932.YGR025W	0.49445
4932.YFR017C	4932.YFL020C	0.23671
4932.YGR022C	4932.YHR203C	0.36395
4932.YNL330C	4932.YDR482C	0.46283
4932.YCL020W	4932.YJL175W	0.3407
4932.YNL289W	4932.YNL170W	0.33032
4932.YOL123W	4932.YDR526C	0.39914
4932.YDR191W	4932.YHR135C	0.22644
4932.YER102W	4932.YNL002C	0.28167
4932.YLR438W	4932.YGR144W	0.2478
4932.YGR202C	4932.YLR415C	0.43769
4932.YNL288W	4932.YPL201C	0.22996
4932.YDR133C	4932.YDL030W	0.64863
4932.YPR014C	4932.YDL025C	0.63146
4932.YLR052W	4932.YMR209C	0.33001
4932.YGL070C	4932.YJR063W	0.24748
4932.YOR060C	4932.YLR065C	0.23561
4932.YLR114C	4932.YDL185C-A	0.82982
4932.Q0075	4932.YMR123W	0.4628
4932.YBR189W	4932.YOR361C	0.59919
4932.YCR040W	4932.YAL034C-B	0.23412
4932.YLR083C	4932.YHR143W	0.31037
4932.YHR016C	4932.YPL182C	0.48318
4932.YMR214W	4932.YLR198C	0.40692
4932.YGR013W	4932.YKL074C	0.20611
4932.YLR306W	4932.YDR408C	0.19711
4932.YDL125C	4932.YPR177C	0.10992
4932.YMR151W	4932.YPR175W	0.64346
4932.YEL035C	4932.YPR043W	0.25974
4932.YOL064C	4932.YMR234W	0.15794
4932.YHR041C	4932.YOR159C	0.41369
4932.YML088W	4932.YDR147W	0.22443
4932.YLR455W	4932.YGR123C	0.3161
4932.YMR305C	4932.YCR047W-A	0.63043
4932.YDR177W	4932.YMR322C	0.20091
4932.YOR357C	4932.YHR083W	0.38792
4932.YLL067W-A	4932.YGR138C	0.58147
4932.YDL093W	4932.YLR378C	0.29196
4932.YDR439W	4932.YKR042W	0.11408
4932.YER004W	4932.YJL027C	0.2921
4932.YDL045W-A	4932.YPR016C	0.39698
4932.YMR010W	4932.YLR060W	0.25203
4932.YAR060C	4932.YHR132C	0.51847
4932.YPL025C	4932.YER185W	0.26193
4932.YPR041W	4932.YDR108W	0.32338
4932.YJL027C	4932.YNL112W	0.57383
4932.YNL005C	4932.YDL037C	0.07174
4932.YBR260C	4932.YGR166W	0.21206
4932.YHR011W	4932.YHL008C	0.21933
4932.YOL166C	4932.YLR345W	0.70976
4932.YJL178C	4932.YOR275C	0.43837
4932.YKR036C	4932.YOR019W	0.1962
4932.YGL230C	4932.YBR301W	0.18141
4932.YER061C	4932.YBR060C	0.24026
4932.YJL034W	4932.YGR006W	0.44123
4932.YDR197W	4932.YER039C	0.25692
4932.YNR074C	4932.YER180C	0.2323
4932.YDL125C	4932.YNR049C	0.19801
4932.YCR007C	4932.YGL108C	0.25052
4932.YHL016C	4932.YNL264C	0.36498
4932.YLR213C	4932.YGR268C	0.38128
4932.YCL033C	4932.YGL112C	0.49476
4932.YJL032W	4932.YJR106W	0.79149
4932.YER190C-A	4932.YKL126W	0.45752
4932.YOL006C	4932.YDR524C-B	0.70898
4932.YDR451C	4932.YJR021C	0.17663
4932.YPL140C	4932.YMR251W	0.24317
4932.YJR052W	4932.YIL138C	0.5722
4932.YNR014W	4932.YDR529C	0.26599
4932.YLR390W-A	4932.YLL018C	0.22922
4932.YEL026W	4932.YER079C-A	0.14451
4932.YNR059W	4932.YOL111C	0.47438
4932.YER181C	4932.YMR286W	0.17647
4932.YDR460W	4932.YER150W	0.27649
4932.YOR177C	4932.YOR036W	0.2812
4932.YMR282C	4932.YNL081C	0.56784
4932.YOL114C	4932.YPL077C	0.16713
4932.YGR291C	4932.YOR117W	0.6544
4932.YJL106W	4932.YHR024C	0.26789
4932.YJL118W	4932.YJR134C	0.4301
4932.YEL053W-A	4932.YLR402W	0.28993
4932.YPR083W	4932.YOR173W	0.28568
4932.YPR068C	4932.YEL057C	0.35065
4932.YOR178C	4932.YER076W-A	0.74286
4932.YJR146W	4932.YGR118W	0.1735
4932.YPR041W	4932.YHR068W	0.17987
4932.YAR031W	4932.YPL255W	0.21651
4932.YNL330C	4932.YOR101W	0.24183
4932.YJL203W	4932.YKL074C	0.35372
4932.YHR153C	4932.YOR242C	0.32954
4932.YHL009W-A	4932.YGR175C	0.21042
4932.YPL194W	4932.YNL312W	0.38711
4932.YDL002C	4932.YKL017C	0.56426
4932.YER101C	4932.YDR381C-A	0.54538
4932.YDL055C	4932.YDL177C	0.38242
4932.YER082C	4932.YLR003C	0.32036
4932.YGL031C	4932.YLR140W	0.1763
4932.YDR243C	4932.YMR326C	0.72701
4932.YHR210C	4932.Q0182	0.44368
4932.YDL201W	4932.YPR039W	0.44511
4932.YKL039W	4932.YPL087W	0.31964
4932.YDR383C	4932.YDR253C	0.18521
4932.YJL182C	4932.YKR066C	0.51759
4932.YKL009W	4932.YNL175C	0.31569
4932.YBL003C	4932.YBL099W	0.58958
4932.YPL065W	4932.YCR099C	0.28049
4932.YKR018C	4932.YFL016C	0.23595
4932.YJR045C	4932.YJL181W	0.1467
4932.YDR477W	4932.YOR267C	0.22282
4932.YDR099W	4932.YLR236C	0.34359
4932.YDL043C	4932.YGR250C	0.4983
4932.YBR031W	4932.YJL136C	0.55046
4932.YML069W	4932.YOR257W	0.58851
4932.YER083C	4932.YMR171C	0.30942
4932.YOR064C	4932.YNL208W	0.12002
4932.YDR003W	4932.YCR013C	0.13982
4932.YCR020C-A	4932.YJR005W	0.72192
4932.YKL049C	4932.YPR102C	0.21983
4932.YGL256W	4932.YJR131W	0.27391
4932.YDR363W-A	4932.YKR046C	0.53828
4932.YDR259C	4932.YDL028C	0.37645
4932.YOR394C-A	4932.YDL214C	0.93267
4932.YHR185C	4932.YDL150W	0.27172
4932.YGR072W	4932.YML068W	0.18666
4932.YDR401W	4932.YLR211C	0.15246
4932.YPR014C	4932.YMR193C-A	0.17115
4932.YHR214C-E	4932.YFL015W-A	0.1637
4932.YDR174W	4932.YLR366W	0.32968
4932.YNL168C	4932.YPL045W	0.49176
4932.YDL152W	4932.YBR184W	0.57185
4932.YER098W	4932.YPR010C-A	0.85127
4932.YPR124W	4932.YPL073C	0.33398
4932.YBR291C	4932.YPL078C	0.21841
4932.YLR279W	4932.YHR017W	0.44527
4932.YGL149W	4932.YJL045W	0.6756
4932.YIL033C	4932.YLR353W	0.26232
4932.YMR082C	4932.YMR133W	0.56725
4932.YJL131C	4932.YNR029C	0.21582
4932.YJR045C	4932.YHL046W-A	0.66277
4932.YJR053W	4932.YLR077W	0.16865
4932.YDR101C	4932.YOR272W	0.24489
4932.YNL229C	4932.YPR058W	0.17062
4932.YLR134W	4932.YPR170W-A	0.82884
4932.YJL177W	4932.YLR074C	0.18255
4932.YDL212W	4932.YOL042W	0.32996
4932.YDL241W	4932.YPR087W	0.17699
4932.YMR209C	4932.YNL103W	0.23524
4932.YDR406W-A	4932.Q0275	0.57764
4932.YIR003W	4932.YPL254W	0.2534
4932.YBL039C	4932.YGL052W	0.69381
4932.YDR099W	4932.YPL074W	0.41983
4932.YMR143W	4932.YBR076W	0.38781
4932.YOR276W	4932.YBR180W	0.43351
4932.YGR254W	4932.YHR008C	0.36643
4932.YKR055W	4932.YJL178C	0.15727
4932.YDL245C	4932.YMR111C	0.17507
4932.YNL179C	4932.YIR034C	0.40613
4932.YOR178C	4932.YLR298C	0.53329
4932.YNL104C	4932.YNL251C	0.15627
4932.YLR082C	4932.YJL088W	0.21754
4932.YPR204C-A	4932.YNR050C	0.42878
4932.YPR059C	4932.YIL066W-A	0.18086
4932.YLR408C	4932.YGL021W	0.74487
4932.YLR307W	4932.YBR299W	0.3964
4932.YKL041W	4932.YLL052C	0.17332
4932.YJL020W-A	4932.YIL155C	0.79809
4932.YJL160C	4932.YNL027W	0.37139
4932.YDR109C	4932.YOR187W	0.28529
4932.YOL025W	4932.YDR512C	0.50084
4932.YNL072W	4932.YHR010W	0.40251
4932.YBL099W	4932.YDR079W	0.61787
4932.YJR148W	4932.YJL121C	0.28331
4932.YCL017C	4932.YFR025C	0.28645
4932.YDR114C	4932.YLR319C	0.65732
4932.YHR173C	4932.YCR012W	0.54324
4932.YMR325W	4932.YGL257C	0.55292
4932.YJR050W	4932.YDL047W	0.23707
4932.YJR073C	4932.YHR081W	0.13696
4932.YHR144C	4932.YFL068W	0.33191
4932.YMR106C	4932.YER127W	0.32378
4932.YLR091W	4932.YER090W	0.31554
4932.YAL037C-B	4932.YFR009W	0.41143
4932.YHL022C	4932.YLL060C	0.30217
4932.YDR364C	4932.YJL136C	0.68332
4932.YML122C	4932.YLR238W	0.52551
4932.YPR002C-A	4932.YKL024C	0.41867
4932.YMR194C-B	4932.YLL052C	0.32334
4932.YDL121C	4932.YCR031C	0.1379
4932.YDR131C	4932.YPL122C	0.2028
4932.YER038W-A	4932.YGL103W	0.1419
4932.YLR431C	4932.YNL134C	0.18593
4932.YEL071W	4932.YJL012C	0.28229
4932.YHR203C	4932.YJR002W	0.38439
4932.YNL276C	4932.YDL221W	0.26214
4932.YGR073C	4932.YNL027W	0.56055
4932.YFL029C	4932.YJR021C	0.18499
4932.YCL048W-A	4932.YER067C-A	0.09992
4932.YPR136C	4932.YLR461W	0.17047
4932.YPR063C	4932.YOR150W	0.16421
4932.YEL051W	4932.YPL234C	0.20709
4932.YMR186W	4932.YOL160W	0.69077
4932.YKR020W	4932.YIL024C	0.2103
4932.YOR092W	4932.YOR284W	0.40467
4932.YDR222W	4932.YNL306W	0.35288
4932.YMR096W	4932.YKL039W	0.28576
4932.YDR513W	4932.YOL140W	0.50171
4932.YOR243C	4932.YOR356W	0.18062
4932.YDL002C	4932.YLR385C	0.32291
4932.YIL037C	4932.YDR102C	0.65326
4932.YDL218W	4932.YGR168C	0.16965
4932.YLR035C	4932.YOR261C	0.39085
4932.YPL046C	4932.YPR170W-A	0.23887
4932.YEL056W	4932.YOR194C	0.25739
4932.YKR010C	4932.YML116W	0.19604
4932.YOR167C	4932.YMR213W	0.80243
4932.YDL121C	4932.YLR299W	0.62994
4932.YDL119C	4932.YBR170C	0.35374
4932.YPL210C	4932.YBR087W	0.30752
4932.YGL242C	4932.YBL103C	0.46637
4932.YCR005C	4932.YER165W	0.21748
4932.YJL170C	4932.YDR384C	0.19135
4932.YER180C-A	4932.YBR259W	0.81045
4932.YLR364W	4932.YDL042C	0.68689
4932.YLR209C	4932.YNL129W	0.20221
4932.YBL087C	4932.YHR030C	0.52714
4932.YHL032C	4932.YJL031C	0.41938
4932.YBR159W	4932.YHR203C	0.23342
4932.YPL222C-A	4932.YHR041C	0.48359
4932.YPL055C	4932.YBR244W	0.29549
4932.YGL138C	4932.YNR032W	0.18246
4932.YOR069W	4932.YBL060W	0.17095
4932.YGL072C	4932.YBR296C	0.61663
4932.YPR174C	4932.YMR200W	0.1731
4932.YBL009W	4932.YPR047W	0.2692
4932.YCR038C	4932.YDL159C-B	0.81919
4932.YPL235W	4932.YDL214C	0.243
4932.YBR037C	4932.YNL020C	0.37669
4932.YIL061C	4932.YAL031W-A	0.42826
4932.YGL037C	4932.YMR034C	0.35873
4932.YDL161W	4932.YNL020C	0.23008
4932.YKL061W	4932.YLR408C	0.22583
4932.YLR125W	4932.YOR272W	0.53192
4932.YGR075C	4932.YGR091W	0.34606
4932.YHR167W	4932.YPR143W	0.17449
4932.YLR251W	4932.YGR248W	0.22516
4932.YPR020W	4932.YEL005C	0.38652
4932.YPR172W	4932.YLR395C	0.36546
4932.YDR279W	4932.YJL023C	0.19962
4932.YIL100C-A	4932.YDR029W	0.21307
4932.YOR079C	4932.YDR136C	0.26563
4932.YLL064C	4932.YOR384W	0.69366
4932.YIL036W	4932.YKL017C	0.20158
4932.YBR007C	4932.YDR084C	0.54507
4932.YGR290W	4932.YEL029C	0.32745
4932.YAL060W	4932.YPL257W	0.3467
4932.YMR035W	4932.YPR123C	0.13435
4932.YGR106C	4932.YJR009C	0.21317
4932.YLR227W-A	4932.YDL127W	0.25837
4932.YGL157W	4932.YBR226C	0.44887
4932.YAL005C	4932.YBR101C	0.40704
4932.YDR482C	4932.YER099C	0.36943
4932.YBR013C	4932.YDR408C	0.27015
4932.YHR169W	4932.YFR025C	0.21039
4932.YPR038W	4932.YDR312W	0.42017
4932.YHR219C-A	4932.YGR201C	0.25639
4932.YBL091C-A	4932.YGL077C	0.44904
4932.YHR182C-A	4932.YER182W	0.25694
4932.YKL011C	4932.YDR458C	0.35786
4932.YBR198C	4932.YNL324W	0.67723
4932.YPR195C	4932.YOL103W-A	0.51578
4932.YGL095C	4932.YOR036W	0.35143
4932.YAL019W-A	4932.YOL134C	0.23349
4932.YFL040W	4932.YBR205W	0.25621
4932.YDL108W	4932.YKR062W	0.17502
4932.YEL071W	4932.YML058W-A	0.79268
4932.YDL098C	4932.YOL067C	0.16653
4932.YPL114W	4932.YDL226C	0.39873
4932.YNL185C	4932.YDR338C	0.57542
4932.YJL030W	4932.YAL055W	0.19674
4932.YEL068C	4932.YGR267C	0.31893
4932.YDR333C	4932.YAR018C	0.30347
4932.YOR312C	4932.YPR137W	0.51094
4932.YDR013W	4932.YDL080C	0.48207
4932.YDR034C-A	4932.YER042W	0.48856
4932.YBR268W	4932.YKL023W	0.42252
4932.YBR003W	4932.YAL016W	0.23812
4932.YGR166W	4932.YLR399C	0.18298
4932.YMR024W	4932.YJL111W	0.255
4932.YOR280C	4932.YDL202W	0.19573
4932.YNL144C	4932.YDR173C	0.39437
4932.YDL170W	4932.YGL086W	0.24629
4932.YCR024C-B	4932.YGR252W	0.63833
4932.YDL208W	4932.YOR004W	0.29811
4932.YOL041C	4932.YNL021W	0.26287
4932.YGR132C	4932.YGR124W	0.35674
4932.YML088W	4932.YOR298W	0.26924
4932.YDR408C	4932.YNR057C	0.20365
4932.YIL116W	4932.YLR353W	0.27219
4932.YNR023W	4932.YGL077C	0.12442
4932.YJR042W	4932.YDL209C	0.39786
4932.YDR253C	4932.YDR280W	0.29798
4932.YHR170W	4932.YLL045C	0.3471
4932.YMR293C	4932.YBR189W	0.43215
4932.YBR272C	4932.YDR427W	0.25612
4932.YMR290W-A	4932.YPR168W	0.19464
4932.YHR066W	4932.YDR399W	0.3621
4932.YKL155C	4932.YNR037C	0.77489
4932.YGR109C	4932.YJL013C	0.25596
4932.YAL012W	4932.YGR256W	0.22049
4932.YGR082W	4932.YLR077W	0.48002
4932.YKR023W	4932.YBR035C	0.43823
4932.YNL258C	4932.YGR216C	0.21487
4932.YER184C	4932.YKL225W	0.78626
4932.YNL331C	4932.YDR478W	0.32025
4932.YER010C	4932.YKR092C	0.0893
4932.YGR095C	4932.YNL330C	0.32241
4932.YDL080C	4932.YIR020W-A	0.80311
4932.YFL021C-A	4932.YLR082C	0.20457
4932.YLR136C	4932.YDL157C	0.44926
4932.YPL269W	4932.YMR090W	0.4326
4932.YOL149W	4932.YDR376W	0.41843
4932.YLR141W	4932.YML113W	0.17795
4932.YBR280C	4932.YNR014W	0.46075
4932.YLR099C	4932.YER124C	0.2745
4932.YOL092W	4932.YNL093W	0.23176
4932.YKL074C	4932.YIL156W-B	0.73357
4932.YCR006C	4932.YDR533C	0.23017
4932.YDR171W	4932.YDR378C	0.49109
4932.YDR328C	4932.YJL148W	0.21429
4932.YNL016W	4932.YMR244C-A	0.5187
4932.YNR021W	4932.YOR247W	0.29243
4932.YGR085C	4932.YOR369C	0.20779
4932.YHR214W	4932.YHR064C	0.40121
4932.YLL037W	4932.YLR075W	0.24823
4932.YGL237C	4932.YNR023W	0.32915
4932.YLR044C	4932.YGR260W	0.1713
4932.YDR116C	4932.YLL033W	0.2152
4932.YBR210W	4932.YER109C	0.5838
4932.YPR107C	4932.YGL009C	0.6071
4932.YCR071C	4932.YLR165C	0.34853
4932.YER150W	4932.YNL011C	0.37766
4932.YLL010C	4932.YER016W	0.20091
4932.YBR024W	4932.YDR259C	0.19742
4932.YNL012W	4932.YKL001C	0.48834
4932.YDR147W	4932.YDR394W	0.2012
4932.YIL034C	4932.YKR025W	0.17708
4932.YGR155W	4932.YCL027W	0.15744
4932.YLR153C	4932.YER087W	0.20458
4932.YJR017C	4932.YPL139C	0.48441
4932.YFL029C	4932.YBL030C	0.17699
4932.YEL018C-A	4932.YMR213W	0.42477
4932.YDR022C	4932.YDR449C	0.43333
4932.YOL127W	4932.YPR043W	0.2626
4932.YLL038C	4932.YBL098W	0.32806
4932.YLR059C	4932.YJL022W	0.37933
4932.YLR465C	4932.YDR025W	0.26601
4932.YDR371W	4932.YPL091W	0.20291
4932.YLR056W	4932.YBL073W	0.58614
4932.YLL049W	4932.YKR072C	0.46121
4932.YPL189W	4932.YMR118C	0.53787
4932.YBR273C	4932.YNL007C	0.18833
4932.YBR008C	4932.YOR348C	0.22035
4932.YPL266W	4932.YMR082C	0.43145
4932.YGL026C	4932.YDL085W	0.24538
4932.YIL030W-A	4932.YJL179W	0.11572
4932.YDL165W	4932.YMR180C	0.30348
4932.YLR195C	4932.YBL053W	0.39404
4932.YCL073C	4932.YER012W	0.4569
4932.YJR121W	4932.YNL183C	0.24983
4932.YGR294W	4932.YEL023C	0.66958
4932.YHR004C	4932.YOR368W	0.17978
4932.YDR194W-A	4932.YFR014C	0.78078
4932.YJL001W	4932.YLR421C	0.1937
4932.YER002W	4932.YMR311C	0.15932
4932.YLR394W	4932.YFR034C	0.26443
4932.YDL214C	4932.YDL201W	0.44017
4932.YJL011C	4932.YER137C-A	0.39272
4932.YER084W-A	4932.YHR044C	0.22017
4932.YKR091W	4932.YOR312C	0.24825
4932.YJL064W	4932.YGR128C	0.6291
4932.YIL093C	4932.YNR040W	0.16034
4932.YHR011W	4932.YNL292W	0.18936
4932.YDR384C	4932.YBL045C	0.31272
4932.YLR181C	4932.YGR166W	0.27753
4932.YOL068C	4932.YLR304C	0.31686
4932.YPL257W-A	4932.YFL041W-A	0.71524
4932.YER050C	4932.YDR068W	0.36825
4932.YHR151C	4932.YJL083W	0.18576
4932.YOR254C	4932.YJL133C-A	0.73265
4932.YNR045W	4932.YHR013C	0.39147
4932.YOR004W	4932.YEL005C	0.18636
4932.YPL035C	4932.YEL056W	0.50302
4932.YJR148W	4932.YPR200C	0.43686
4932.YDR167W	4932.YMR014W	0.3719
4932.YJR043C	4932.YDR194C	0.34472
4932.YNL253W	4932.Q0017	0.85354
4932.YIL025C	4932.YBR127C	0.58046
4932.YCR094W	4932.YJR093C	0.18481
4932.YAL010C	4932.YMR055C	0.29348
4932.YDL086W	4932.YLR364W	0.45312
4932.YPL218W	4932.YGL066W	0.44537
4932.YGR203W	4932.YGL065C	0.50013
4932.YLR440C	4932.YJR161C	0.35313
4932.YKR083C	4932.YKR081C	0.42424
4932.YPR114W	4932.YER121W	0.43938
4932.YFL062W	4932.YJR055W	0.37368
4932.YMR093W	4932.YOR265W	0.66272
4932.YOR338W	4932.YJR141W	0.16253
4932.YIL133C	4932.YKR055W	0.22826
4932.YBR050C	4932.YPL222W	0.36598
4932.YDR295C	4932.YNL272C	0.19711
4932.YJL004C	4932.YPL266W	0.27052
4932.YKL169C	4932.YBR131W	0.68175
4932.YJR153W	4932.YJR100C	0.18159
4932.YBR170C	4932.YBR246W	0.29594
4932.YIR036C	4932.YNL028W	0.35497
4932.YLR289W	4932.YMR252C	0.66128
4932.YER056C-A	4932.YGL147C	0.27008
4932.YLR315W	4932.YKL133C	0.49351
4932.YGR171C	4932.YLR177W	0.19967
4932.YNL019C	4932.YBR101C	0.14722
4932.YGR189C	4932.YOR036W	0.23285
4932.YPL066W	4932.YCR024C-B	0.76669
4932.YMR213W	4932.YNL076W	0.16411
4932.YLR346C	4932.YDR147W	0.6704
4932.YML097C	4932.YOR146W	0.52995
4932.YIL134C-A	4932.YLR303W	0.71225
4932.YOR080W	4932.YLL060C	0.5254
4932.YLR128W	4932.YBR002C	0.19939
4932.YLR009W	4932.YOL077C	0.24146
4932.YJR117W	4932.YDL100C	0.23332
4932.YDR339C	4932.YHR088W	0.33857
4932.YOR394W	4932.YIL097W	0.44095
4932.YBR105C	4932.YOR157C	0.27066
4932.YGR257C	4932.YJL010C	0.31207
4932.YPL063W	4932.YMR084W	0.28921
4932.YER123W	4932.YOL015W	0.19897
4932.YER014C-A	4932.YOL013W-B	0.2739
4932.YHR149C	4932.YGL189C	0.65637
4932.YMR122C	4932.YKL161C	0.54021
4932.YPL093W	4932.YOR157C	0.4166
4932.YHL033C	4932.YKL099C	0.14297
4932.YJL190C	4932.YLR406C	0.20259
4932.YHL043W	4932.YFL048C	0.4365
4932.YKL071W	4932.YGL226C-A	0.4972
4932.YBR277C	4932.YBL107C	0.23857
4932.YBR277C	4932.YMR103C	0.15952
4932.YHR214W-A	4932.YPR031W	0.61462
4932.YFL064C	4932.YNL331C	0.36175
4932.YAL059W	4932.YIL049W	0.16584
4932.YPL001W	4932.YBR224W	0.41941
4932.YHR217C	4932.YGL190C	0.47462
4932.YGR173W	4932.YMR289W	0.16195
4932.YLR072W	4932.YCR079W	0.30563
4932.YOL062C	4932.YPL259C	0.2637
4932.YKR010C	4932.YGL110C	0.22023
4932.YLR414C	4932.YCL022C	0.31034
4932.YJR082C	4932.YOR051C	0.55129
4932.YKL172W	4932.YPR158W-A	0.11275
4932.YOR065W	4932.YCR063W	0.32052
4932.YOR179C	4932.YDR400W	0.31448
4932.YKL008C	4932.YER002W	0.27401
4932.YLR304C	4932.YLR154C	0.80371
4932.YMR233W	4932.YHR132W-A	0.27818
4932.YDL097C	4932.YIL007C	0.35475
4932.YHR203C	4932.YOL127W	0.37476
4932.YOR231C-A	4932.YNL095C	0.81246
4932.YML046W	4932.YNL147W	0.67662
4932.YJR037W	4932.YPR034W	0.56385
4932.YKL097C	4932.YCL021W-A	0.15453
4932.YDR036C	4932.YGL159W	0.25696
4932.YDR070C	4932.YGR079W	0.55221
4932.YHR001W	4932.YML036W	0.40251
4932.YPR178W	4932.YCR095C	0.20803
4932.YOR094W	4932.YDL069C	0.25035
4932.YLR094C	4932.YLL043W	0.19947
4932.YBR127C	4932.YOR189W	0.63349
4932.YDL136W	4932.YBR005W	0.26897
4932.YBL099W	4932.YHR039C-A	0.61681
4932.YDR022C	4932.YMR295C	0.1224
4932.YIR009W	4932.YPR101W	0.26998
4932.YPL128C	4932.YCL026C-A	0.48417
4932.YDR174W	4932.YFR005C	0.3032
4932.YER011W	4932.YER145C-A	0.19779
4932.YBR188C	4932.YLR321C	0.5226
4932.YIL165C	4932.YHR089C	0.29655
4932.YDL168W	4932.YER073W	0.25891
4932.YFR009W	4932.YLR461W	0.70022
4932.YMR158W	4932.YIL156W-B	0.40971
4932.YER023C-A	4932.YLR125W	0.3162
4932.YDL005C	4932.YGL030W	0.48757
4932.YPR085C	4932.YHR132C	0.17708
4932.YNR076W	4932.YIL001W	0.61047
4932.YDL147W	4932.YDL086C-A	0.48278
4932.YGR206W	4932.YGL099W	0.71202
4932.YIL161W	4932.YDR033W	0.18341
4932.YDR366C	4932.YHR199C	0.37863
4932.YOL072W	4932.YBL055C	0.17564
4932.YOL122C	4932.YEL049W	0.65644
4932.YOL148C	4932.YNR048W	0.24877
4932.YLR287C-A	4932.YHR177W	0.8028
4932.YLR448W	4932.YGL037C	0.18907
4932.YNL338W	4932.YJL058C	0.98851
4932.YNL017C	4932.YNL006W	0.53151
4932.YNL152W	4932.YPL021W	0.38425
4932.YML034C-A	4932.YGL118C	0.13783
4932.YHR199C-A	4932.YIL071C	0.72277
4932.YML047C	4932.YMR194C-B	0.61842
4932.YMR192W	4932.YBR201W	0.50211
4932.YBL036C	4932.YNL289W	0.15924
4932.YBL112C	4932.YBR194W	0.20737
4932.YGR242W	4932.YJL030W	0.27631
4932.YPL091W	4932.YLR222C-A	0.75161
4932.YDR189W	4932.YLR437C	0.57434
4932.YIL092W	4932.YCL068C	0.40251
4932.YCR047W-A	4932.YER143W	0.59566
4932.YJL148W	4932.YOR186W	0.25475
4932.YIR042C	4932.YIL134C-A	0.49661
4932.YNL335W	4932.YFR018C	0.31261
4932.YDR091C	4932.YGL135W	0.48967
4932.YHR087W	4932.YCR108C	0.18569
4932.YPL061W	4932.YKL138C	0.58298
4932.YIL072W	4932.YCL044C	0.25636
4932.YMR296C	4932.YPR170W-B	0.73937
4932.YJR068W	4932.YKR094C	0.43329
4932.YNL119W	4932.YGR227W	0.16007
4932.YGL019W	4932.YIL035C	0.25982
4932.YHR070C-A	4932.YEL066W	0.21708
4932.YJL180C	4932.YDR307W	0.35563
4932.YIL092W	4932.YJL215C	0.70273
4932.YDR509W	4932.YOR179C	0.26545
4932.YJL221C	4932.YBR259W	0.22054
4932.YDR428C	4932.YCR052W	0.323
4932.YDL200C	4932.YPR088C	0.43744
4932.YER083C	4932.YMR311C	0.17309
4932.YHR163W	4932.YLR149C	0.4964
4932.YER084W	4932.YBR282W	0.15213
4932.YPL003W	4932.YNR012W	0.18929
4932.YAL012W	4932.YAL031C	0.33117
4932.YPL077C	4932.YDR425W	0.40908
4932.YIL025C	4932.YIL102C-A	0.27992
4932.YOR254C	4932.YGL159W	0.31944
4932.YGL228W	4932.YOL111C	0.43968
4932.YGL146C	4932.YPL212C	0.27496
4932.YNL165W	4932.YJL124C	0.41931
4932.YCR018C	4932.YKR019C	0.45719
4932.YNR005C	4932.YER107W-A	0.20673
4932.YIL163C	4932.YOL157C	0.68316
4932.YDR031W	4932.YML121W	0.43724
4932.YML009C-A	4932.YBL089W	0.59709
4932.YLR459W	4932.YBR011C	0.22403
4932.YJR118C	4932.YMR001C-A	0.43362
4932.YHR162W	4932.YNR038W	0.60411
4932.YER004W	4932.YMR006C	0.45255
4932.YDL070W	4932.YML084W	0.62657
4932.YLR047C	4932.YGR211W	0.22738
4932.YBR045C	4932.YJL059W	0.25764
4932.YNR030W	4932.YNL202W	0.33324
4932.YGR012W	4932.YPL014W	0.11155
4932.YMR150C	4932.YKL223W	0.3237
4932.YMR310C	4932.YCR039C	0.24489
4932.YOL055C	4932.YPR043W	0.65092
4932.YDR001C	4932.YMR108W	0.18379
4932.YGR049W	4932.YPL061W	0.45589
4932.YGL064C	4932.YLR116W	0.21267
4932.YOR117W	4932.YBR205W	0.15412
4932.YHR070C-A	4932.YOR386W	0.60532
4932.YOR150W	4932.YPR010C-A	0.40981
4932.YPL272C	4932.YAL025C	0.30207
4932.YNL002C	4932.YNR036C	0.38877
4932.YPL266W	4932.YJL013C	0.3009
4932.YML129C	4932.YDR343C	0.74401
4932.YCL040W	4932.YMR281W	0.30746
4932.YML086C	4932.YGL029W	0.58858
4932.YOR190W	4932.YJL011C	0.47104
4932.YJR150C	4932.YOR061W	0.07106
4932.YOR222W	4932.YNL194C	0.14418
4932.YBR119W	4932.YMR240C	0.25706
4932.YPR197C	4932.YOL055C	0.47134
4932.YFR006W	4932.YEL071W	0.1896
4932.YAR015W	4932.YIL150C	0.33641
4932.YPR052C	4932.YNR004W	0.2641
4932.YJL189W	4932.YML057C-A	0.29949
4932.YLR328W	4932.YIL009W	0.32062
4932.YLL062C	4932.YOR192C-A	0.23549
4932.YBL103C	4932.YGR007W	0.24636
4932.YER014W	4932.YDR014W-A	0.56466
4932.YGL189C	4932.YFL058W	0.48198
4932.YKL103C	4932.YGL005C	0.314
4932.YBR267W	4932.YGR287C	0.26749
4932.YOR331C	4932.YGR024C	0.20798
4932.YJL032W	4932.YLR102C	0.42019
4932.YDR196C	4932.YLR312W-A	0.17034
4932.YLR301W	4932.YCR085W	0.37332
4932.YPR129W	4932.YPL204W	0.26176
4932.YIL163C	4932.YNL320W	0.44741
4932.YAL037C-B	4932.YPR047W	0.25657
4932.YNL086W	4932.YHR132W-A	0.20163
4932.YGR241C	4932.YHR123W	0.25202
4932.YBR177C	4932.YNL031C	0.50874
4932.YHL020C	4932.YMR145C	0.21069
4932.YAL036C	4932.YOR091W	0.16799
4932.YIL044C	4932.YOR084W	0.22444
4932.YAL059W	4932.YLR009W	0.1649
4932.YML026C	4932.YHR032W	0.53205
4932.YJL202C	4932.YER099C	0.44363
4932.YJL066C	4932.YLR113W	0.33162
4932.YMR252C	4932.YOR063W	0.50445
4932.YJL132W	4932.YNL142W	0.28406
4932.YGR124W	4932.YER120W	0.40466
4932.YLR005W	4932.YMR236W	0.49453
4932.YPR195C	4932.YLR048W	0.33985
4932.YIL032C	4932.YJR120W	0.14661
4932.YPL104W	4932.YMR175W-A	0.78013
4932.YER028C	4932.YLL009C	0.62332
4932.YLR274W	4932.YJL191W	0.65949
4932.YPL071C	4932.YLR244C	0.43787
4932.YKL028W	4932.YDR071C	0.43827
4932.YML077W	4932.YJL150W	0.29481
4932.YHR212W-A	4932.YAL027W	0.49661
4932.YLR271W	4932.YDL191W	0.385
4932.YFL010C	4932.YGR287C	0.52825
4932.YKL108W	4932.YOL140W	0.16093
4932.YKL042W	4932.YHR200W	0.21039
4932.YOR320C	4932.YDR481C	0.20616
4932.YLR048W	4932.YOL139C	0.17188
4932.YFR033C	4932.YBL053W	0.0
4932.YML028W	4932.YBL002W	0.24409
4932.YPL096C-A	4932.YLR231C	0.77723
4932.YGR161C	4932.YGR033C	0.15521
4932.YNR006W	4932.YDR471W	0.5609
4932.YJL144W	4932.YLL047W	0.19791
4932.YPL227C	4932.YNL115C	0.32779
4932.YBR070C	4932.YIL042C	0.33157
4932.YAL062W	4932.YDR154C	0.50215
4932.YHR193C-A	4932.YDL124W	0.41946
4932.YGL002W	4932.YDR085C	0.53264
4932.YGR177C	4932.YJR146W	0.61805
4932.YBR106W	4932.YEL018W	0.27815
4932.YJL144W	4932.YDR368W	0.5086
4932.YCR064C	4932.YCR087C-A	0.08187
4932.YLR077W	4932.YDR121W	0.50973
4932.YDR417C	4932.YGR111W	0.46658
4932.YDR136C	4932.YKL068W-A	0.3722
4932.YAL038W	4932.YML071C	0.20444
4932.YMR149W	4932.YER182W	0.17858
4932.YOR181W	4932.YLR206W	0.12439
4932.YBR124W	4932.YMR232W	0.69169
4932.YOR097C	4932.YNL314W	0.26441
4932.YHR174W	4932.YBL112C	0.57513
4932.YNR032W	4932.YOL046C	0.31221
4932.YKL219W	4932.YMR001C	0.33603
4932.YML011C	4932.YER161C	0.27636
4932.YMR146C	4932.YHR055C	0.71257
4932.YJL108C	4932.YIL029C	0.46726
4932.YNL171C	4932.YOR331C	0.23456
4932.YNL066W	4932.YMR321C	0.55262
4932.YOR163W	4932.YGL212W	0.3033
4932.YLR255C	4932.YOL116W	0.47211
4932.YDR210W-A	4932.YLR290C	0.28586
4932.YCL005W-A	4932.YPL005W	0.74796
4932.YFL002W-B	4932.YGL198W	0.28961
4932.YFR020W	4932.YDR057W	0.40817
4932.YER078C	4932.YKL117W	0.44143
4932.YMR026C	4932.YPR121W	0.25701
4932.YPL039W	4932.YJR158W	0.28945
4932.YOR243C	4932.YNL308C	0.19716
4932.YPL178W	4932.YKL165C-A	0.40592
4932.YDL091C	4932.YDR330W	0.19698
4932.YOR070C	4932.YKL079W	0.14889
4932.YDR361C	4932.YDR005C	0.23914
4932.YML106W	4932.YIL040W	0.30162
4932.YOR125C	4932.YBR138C	0.33937
4932.YPR028W	4932.YOL020W	0.53823
4932.YOR107W	4932.YOR212W	0.25969
4932.YAL053W	4932.YGR072W	0.30748
4932.YLR082C	4932.YGL045W	0.2457
4932.YDL167C	4932.YDR367W	0.49047
4932.YBR149W	4932.YOR254C	0.36433
4932.YOR179C	4932.YLR116W	0.41089
4932.YGR065C	4932.YLR418C	0.29289
4932.YCL016C	4932.YLR197W	0.24213
4932.YHR112C	4932.YMR153C-A	0.54687
4932.YPL114W	4932.YDR182W-A	0.31233
4932.YGL104C	4932.YMR034C	0.18764
4932.YIR036C	4932.YJL128C	0.4095
4932.YDR051C	4932.YER133W-A	0.49782
4932.YML116W-A	4932.YOR077W	0.41827
4932.YBL016W	4932.YIL061C	0.21863
4932.YKR062W	4932.YNL067W	0.30486
4932.YOR054C	4932.YHR036W	0.22459
4932.YFL018C	4932.YML068W	0.14888
4932.YJR117W	4932.YCR065W	0.23202
4932.YOR122C	4932.YIL133C	0.2524
4932.YML006C	4932.YNL093W	0.49803
4932.YPL259C	4932.YPR041W	0.217
4932.YER089C	4932.YJL149W	0.26437
4932.YDL039C	4932.YNL204C	0.28255
4932.YGL035C	4932.YDR193W	0.51395
4932.YDR398W	4932.YIL055C	0.14946
4932.YDR070C	4932.YGL019W	0.4816
4932.YLL055W	4932.YOL077C	0.31404
4932.YIL079C	4932.YNL059C	0.38062
4932.YOR052C	4932.YPL049C	0.43753
4932.YDL222C	4932.YKR038C	0.19763
4932.YDR386W	4932.YFR041C	0.4123
4932.YLL029W	4932.YJL049W	0.34472
4932.YDR461C-A	4932.YHR214C-D	0.10698
4932.YER092W	4932.YJR078W	0.55802
4932.YEL026W	4932.YHR148W	0.24615
4932.YOL160W	4932.YEL042W	0.59081
4932.YBL061C	4932.YCR047C	0.43785
4932.YIL138C	4932.YOR177C	0.53793
4932.YLR185W	4932.YCL018W	0.48908
4932.YBR263W	4932.YNL317W	0.16976
4932.YPR069C	4932.YOR381W-A	0.64132
4932.YMR001C-A	4932.YGR008C	0.16056
4932.YFR022W	4932.YPL049C	0.29034
4932.YDL092W	4932.YPL232W	0.35213
4932.YDR131C	4932.YJL009W	0.75033
4932.YML054C	4932.YKL084W	0.70143
4932.YKL143W	4932.YEL063C	0.175
4932.YFR052C-A	4932.YER097W	0.17623
4932.YGR194C	4932.YKL003C	0.6271
4932.YKL154W	4932.YKL174C	0.38098
4932.YKL033W-A	4932.YER037W	0.24445
4932.YBR045C	4932.YLL056C	0.36989
4932.YFL063W	4932.YOL024W	0.16591
4932.YLR034C	4932.YGL103W	0.46245
4932.YDL138W	4932.YJL163C	0.24206
4932.YMR013C	4932.YGR296C-B	0.50758
4932.YDL020C	4932.YPR061C	0.34665
4932.YPR143W	4932.YGR161C	0.12091
4932.YDR015C	4932.YGL191W	0.3094
4932.YLR157W-E	4932.YNL037C	0.70898
4932.YGR121W-A	4932.YLR205C	0.6541
4932.YOR235W	4932.YGR050C	0.21054
4932.YIL001W	4932.YIL145C	0.32175
4932.YHR206W	4932.YCR077C	0.19134
4932.YIL042C	4932.YGR105W	0.63791
4932.YGR107W	4932.YNL054W-A	0.50829
4932.YBR080C	4932.YNL042W-B	0.85372
4932.YCL045C	4932.YOL123W	0.23525
4932.Q0255	4932.YBL040C	0.4169
4932.YNL144C	4932.YOR119C	0.28093
4932.YMR145C	4932.YOL136C	0.24437
4932.YNL268W	4932.YDR386W	0.14885
4932.YGR165W	4932.YKL003C	0.45465
4932.YML106W	4932.YNL226W	0.28855
4932.YHL036W	4932.YBR195C	0.22572
4932.YBR082C	4932.YMR056C	0.33151
4932.YGL043W	4932.YPR178W	0.27414
4932.YLR076C	4932.YBR188C	0.13607
4932.YDR419W	4932.YDR477W	0.1631
4932.YNL027W	4932.YOR107W	0.38296
4932.YJL168C	4932.YPR129W	0.33778
4932.YAL020C	4932.YBL103C	0.24316
4932.YEL051W	4932.YBR085W	0.18086
4932.YLR164W	4932.YNL002C	0.32745
4932.YDR212W	4932.YHR064C	0.15984
4932.YBR099C	4932.YMR194C-B	0.29815
4932.YOR186W	4932.YCL067C	0.23285
4932.YJR026W	4932.YOR036W	0.22191
4932.YOL040C	4932.YOR164C	0.37106
4932.YGL048C	4932.YLL039C	0.18188
4932.YGL187C	4932.YIL139C	0.26015
4932.YLR354C	4932.YGL123W	0.26186
4932.YDR336W	4932.YAL049C	0.19962
4932.YDR172W	4932.YNL007C	0.33012
4932.YDR041W	4932.YNL081C	0.21881
4932.YLR211C	4932.YBL046W	0.3409
4932.YDL061C	4932.YGR288W	0.82938
4932.YJL081C	4932.YJL108C	0.22075
4932.YEL028W	4932.YLR023C	0.55188
4932.YBR011C	4932.YLR258W	0.45834
4932.YNL209W	4932.YCR044C	0.26344
4932.YBR077C	4932.YMR158W	0.18219
4932.YOL125W	4932.YLL057C	0.20677
4932.YER062C	4932.YHR052W-A	0.579
4932.YDR262W	4932.YDR015C	0.57542
4932.YMR145C	4932.YBL002W	0.60705
4932.YBL033C	4932.YFL020C	0.43481
4932.YHR189W	4932.YGR200C	0.62234
4932.YHR144C	4932.YIL102C	0.51695
4932.YOR008C-A	4932.YMR078C	0.87819
4932.YKL003C	4932.YOL151W	0.43058
4932.YCL039W	4932.YKL124W	0.23373
4932.YOL011W	4932.YJL006C	0.37648
4932.YDL203C	4932.YLL041C	0.40646
4932.YHR062C	4932.YPL257W-A	0.25009
4932.YMR240C	4932.YOR319W	0.39511
4932.YKR012C	4932.YLR141W	0.43193
4932.YKL005C	4932.YLR435W	0.52168
4932.YPR169W	4932.YLR268W	0.3755
4932.YBR273C	4932.YDR363W	0.17296
4932.YJL202C	4932.YHL012W	0.61266
4932.YMR146C	4932.YLL066W-B	0.78716
4932.YKL162C	4932.YOL101C	0.22065
4932.YOL164W	4932.YNR029C	0.30515
4932.YFR041C	4932.YOR353C	0.44169
4932.YDL111C	4932.YBR093C	0.33312
4932.YML114C	4932.YOR238W	0.29414
4932.YCR097W-A	4932.YDR230W	0.19355
4932.YJL122W	4932.YLR149C	0.57513
4932.YHR017W	4932.YEL018C-A	0.34166
4932.YIL029W-A	4932.YLL033W	0.29572
4932.YCL009C	4932.YCR041W	0.44072
4932.YDR208W	4932.YNL140C	0.59014
4932.YML003W	4932.YGL002W	0.25171
4932.YLR431C	4932.YOR315W	0.20967
4932.YKL017C	4932.YML112W	0.42292
4932.YMR272C	4932.YDR445C	0.49202
4932.YLR445W	4932.YIL114C	0.25859
4932.YOR261C	4932.YPL237W	0.19328
4932.YDR109C	4932.YHL016C	0.1626
